-- ----------------------------------------------------
-- xxxxxx ZOO.sql
-- Date: January 2021
-- Author: V.Butty & P.Costa
-- Goal: 
-- -----------------------------------------------------


-- ----------------------------------------------------
-- Specify the database to work on
-- ----------------------------------------------------
USE ZOO;
GO

-- ----------------------------------------------------
-- Insertions pour les tables de références
-- ----------------------------------------------------

BEGIN TRANSACTION 
  BEGIN TRY

    INSERT INTO diets values ('herbivore')
	INSERT INTO diets values ('folivore')
	INSERT INTO diets values ('granivore')
	INSERT INTO diets values ('frugivore')
	INSERT INTO diets values ('nectarivore')
	INSERT INTO diets values ('insectivore')
	INSERT INTO diets values ('piscivore')
	INSERT INTO diets values ('carnassier')
	INSERT INTO diets values ('charognard')
	INSERT INTO diets values ('omnivore')

	INSERT INTO status values ('éteint', 'EX')
	INSERT INTO status values ('éteint à l''état sauvage', 'EW')
	INSERT INTO status values ('en danger critique', 'CR')
	INSERT INTO status values ('en danger', 'EN')
	INSERT INTO status values ('vulnérable', 'VU')
	INSERT INTO status values ('quasi menacé', 'NT')
	INSERT INTO status values ('préoccupation mineure', 'LC')
	INSERT INTO status values ('données insuffisantes', 'DD')
	INSERT INTO status values ('non évalué', 'NE')


	SET IDENTITY_INSERT [dbo].[species] ON

	INSERT [dbo].[species] ([id], [name], [diets_id], [status_id]) VALUES (1, N'Alligator du Mississippi', 8, 7)
	INSERT [dbo].[species] ([id], [name], [diets_id], [status_id]) VALUES (2, N'Calao rhinocéros de java', 10, 5)
	INSERT [dbo].[species] ([id], [name], [diets_id], [status_id]) VALUES (3, N'Chauve-souris de Rodrigues', 4, 4)
	INSERT [dbo].[species] ([id], [name], [diets_id], [status_id]) VALUES (4, N'Chimpanzé', 10, 4)
	INSERT [dbo].[species] ([id], [name], [diets_id], [status_id]) VALUES (5, N'Dendrolague de Goodfellow', 1, 4)
	INSERT [dbo].[species] ([id], [name], [diets_id], [status_id]) VALUES (6, N'Coati roux', 10, 7)
	INSERT [dbo].[species] ([id], [name], [diets_id], [status_id]) VALUES (7, N'Dragon de Komodo', 8, 5)
	INSERT [dbo].[species] ([id], [name], [diets_id], [status_id]) VALUES (8, N'Diable de Tasmanie', 8, 4)
	INSERT [dbo].[species] ([id], [name], [diets_id], [status_id]) VALUES (9, N'Girafe réticulée', 1, 4)
	INSERT [dbo].[species] ([id], [name], [diets_id], [status_id]) VALUES (10, N'Éléphant de savane d''Afrique', 1, 5)
	INSERT [dbo].[species] ([id], [name], [diets_id], [status_id]) VALUES (11, N'Guépard', 8, 5)
	INSERT [dbo].[species] ([id], [name], [diets_id], [status_id]) VALUES (12, N'Gorille des plaines de l''Ouest', 10, 3)
	INSERT [dbo].[species] ([id], [name], [diets_id], [status_id]) VALUES (13, N'Hippopotame amphibie', 1, 5)
	INSERT [dbo].[species] ([id], [name], [diets_id], [status_id]) VALUES (14, N'Gypaète barbu', 9, 6)
	INSERT [dbo].[species] ([id], [name], [diets_id], [status_id]) VALUES (15, N'Koala du Queensland', 1, 5)
	INSERT [dbo].[species] ([id], [name], [diets_id], [status_id]) VALUES (16, N'Hippopotame nain', 1, 4)
	INSERT [dbo].[species] ([id], [name], [diets_id], [status_id]) VALUES (17, N'Lamantin des Caraïbes', 1, 5)
	INSERT [dbo].[species] ([id], [name], [diets_id], [status_id]) VALUES (18, N'Lion du Sud', 8, 5)
	INSERT [dbo].[species] ([id], [name], [diets_id], [status_id]) VALUES (19, N'Tigre de Sumatra', 8, 3)
	INSERT [dbo].[species] ([id], [name], [diets_id], [status_id]) VALUES (20, N'Tigre blanc', 8, 9)
	INSERT [dbo].[species] ([id], [name], [diets_id], [status_id]) VALUES (21, N'Tapir terrestre', 1, 5)
	INSERT [dbo].[species] ([id], [name], [diets_id], [status_id]) VALUES (22, N'Suricate', 8, 7)
	INSERT [dbo].[species] ([id], [name], [diets_id], [status_id]) VALUES (23, N'Rhinocéros indien', 1, 5)
	INSERT [dbo].[species] ([id], [name], [diets_id], [status_id]) VALUES (24, N'Rhinocéros blanc du Sud', 1, 6)
	INSERT [dbo].[species] ([id], [name], [diets_id], [status_id]) VALUES (25, N'Raton laveur', 10, 7)
	INSERT [dbo].[species] ([id], [name], [diets_id], [status_id]) VALUES (26, N'Paresseux à deux doigts', 10, 7)
	INSERT [dbo].[species] ([id], [name], [diets_id], [status_id]) VALUES (27, N'Panthère des neiges', 8, 5)
	INSERT [dbo].[species] ([id], [name], [diets_id], [status_id]) VALUES (28, N'Panda géant', 10, 5)
	INSERT [dbo].[species] ([id], [name], [diets_id], [status_id]) VALUES (29, N'Panda roux', 10, 4)
	INSERT [dbo].[species] ([id], [name], [diets_id], [status_id]) VALUES (30, N'Otaries de Californie', 8, 7)
	INSERT [dbo].[species] ([id], [name], [diets_id], [status_id]) VALUES (31, N'Orang-outan de Bornéo', 10, 3)
	INSERT [dbo].[species] ([id], [name], [diets_id], [status_id]) VALUES (32, N'Okapi', 2, 4)
	INSERT [dbo].[species] ([id], [name], [diets_id], [status_id]) VALUES (33, N'Manchot de Humboldt', 7, 5)
	INSERT [dbo].[species] ([id], [name], [diets_id], [status_id]) VALUES (34, N'Maki catta', 10, 4)
	INSERT [dbo].[species] ([id], [name], [diets_id], [status_id]) VALUES (35, N'Magot', 10, 3)
	INSERT [dbo].[species] ([id], [name], [diets_id], [status_id]) VALUES (36, N'Loutre géante', 8, 4)
	INSERT [dbo].[species] ([id], [name], [diets_id], [status_id]) VALUES (37, N'Loutre naine d''Asie', 8, 5)
	INSERT [dbo].[species] ([id], [name], [diets_id], [status_id]) VALUES (38, N'Loup arctique', 8, 7)
	INSERT [dbo].[species] ([id], [name], [diets_id], [status_id]) VALUES (39, N'Pika de pallas', 1, 7)
	INSERT [dbo].[species] ([id], [name], [diets_id], [status_id]) VALUES (40, N'Python royal', 8, 7)
	INSERT [dbo].[species] ([id], [name], [diets_id], [status_id]) VALUES (41, N'Dragon barbu de l''Est', 6, 7)
	INSERT [dbo].[species] ([id], [name], [diets_id], [status_id]) VALUES (42, N'Gecko léopard', 6, 7)
	INSERT [dbo].[species] ([id], [name], [diets_id], [status_id]) VALUES (43, N'Caméléon panthère', 6, 7)
	INSERT [dbo].[species] ([id], [name], [diets_id], [status_id]) VALUES (44, N'Tortue léopard', 8, 7)
	INSERT [dbo].[species] ([id], [name], [diets_id], [status_id]) VALUES (45, N'Rainette arboricole', 6, 7)
	INSERT [dbo].[species] ([id], [name], [diets_id], [status_id]) VALUES (46, N'Sonneur oritental', 6, 7)
	INSERT [dbo].[species] ([id], [name], [diets_id], [status_id]) VALUES (47, N'Tarentule vraie', 6, 7)
	INSERT [dbo].[species] ([id], [name], [diets_id], [status_id]) VALUES (48, N'Scorpion', 8, 7)
	INSERT [dbo].[species] ([id], [name], [diets_id], [status_id]) VALUES (49, N'Mante religieuse', 6, 7)

	SET IDENTITY_INSERT [dbo].[species] OFF


	INSERT INTO sex values ('mâle')
	INSERT INTO sex values ('femelle')
	INSERT INTO sex values ('indéterminé')


	SET IDENTITY_INSERT [dbo].[sectors] ON 

	INSERT [dbo].[sectors] ([id], [name]) VALUES (2, N'aquatique')
	INSERT [dbo].[sectors] ([id], [name]) VALUES (8, N'arctique')
	INSERT [dbo].[sectors] ([id], [name]) VALUES (6, N'désert')
	INSERT [dbo].[sectors] ([id], [name]) VALUES (7, N'forêt')
	INSERT [dbo].[sectors] ([id], [name]) VALUES (4, N'montagne')
	INSERT [dbo].[sectors] ([id], [name]) VALUES (5, N'savane')
	INSERT [dbo].[sectors] ([id], [name]) VALUES (3, N'tropical')
	INSERT [dbo].[sectors] ([id], [name]) VALUES (1, N'vivarium')

	SET IDENTITY_INSERT [dbo].[sectors] OFF


	SET IDENTITY_INSERT [dbo].[types] ON 

	INSERT [dbo].[types] ([id], [name]) VALUES (8, N'aquarium eau douce')
	INSERT [dbo].[types] ([id], [name]) VALUES (7, N'aquarium eau salée')
	INSERT [dbo].[types] ([id], [name]) VALUES (6, N'bassin eau douce')
	INSERT [dbo].[types] ([id], [name]) VALUES (5, N'bassin eau salée')
	INSERT [dbo].[types] ([id], [name]) VALUES (21, N'enclos arctique')
	INSERT [dbo].[types] ([id], [name]) VALUES (17, N'enclos désertique')
	INSERT [dbo].[types] ([id], [name]) VALUES (19, N'enclos forestier')
	INSERT [dbo].[types] ([id], [name]) VALUES (13, N'enclos montagneux')
	INSERT [dbo].[types] ([id], [name]) VALUES (15, N'enclos savane')
	INSERT [dbo].[types] ([id], [name]) VALUES (10, N'enclos tropical')
	INSERT [dbo].[types] ([id], [name]) VALUES (16, N'fosse désertique')
	INSERT [dbo].[types] ([id], [name]) VALUES (12, N'fosse montagneuse')
	INSERT [dbo].[types] ([id], [name]) VALUES (9, N'fosse tropicale')
	INSERT [dbo].[types] ([id], [name]) VALUES (2, N'vivarium désertique')
	INSERT [dbo].[types] ([id], [name]) VALUES (3, N'vivarium forestier')
	INSERT [dbo].[types] ([id], [name]) VALUES (4, N'vivarium montagne')
	INSERT [dbo].[types] ([id], [name]) VALUES (1, N'vivarium tropical')
	INSERT [dbo].[types] ([id], [name]) VALUES (18, N'volière désertique')
	INSERT [dbo].[types] ([id], [name]) VALUES (20, N'volière forestière')
	INSERT [dbo].[types] ([id], [name]) VALUES (14, N'volière montagneuse')
	INSERT [dbo].[types] ([id], [name]) VALUES (11, N'volière tropicale')

	SET IDENTITY_INSERT [dbo].[types] OFF


	INSERT INTO states values ('gravide')
	INSERT INTO states values ('blessé')
	INSERT INTO states values ('malade')
	INSERT INTO states values ('sous surveillance')
	INSERT INTO states values ('en acclimatation')
	INSERT INTO states values ('prêté')
	INSERT INTO states values ('estropié')


	INSERT INTO care values ('changement bandages')
	INSERT INTO care values ('prise antibiotiques')
	INSERT INTO care values ('prise médicaments')
	INSERT INTO care values ('prise vitamines')
	INSERT INTO care values ('prise minéraux')
	INSERT INTO care values ('prise compléments alimentaires')
	INSERT INTO care values ('échographie')
	INSERT INTO care values ('pesée')
	INSERT INTO care values ('biberonnée')
	INSERT INTO care values ('régime riche en vitamines')
	INSERT INTO care values ('régime riche en protéines')
	INSERT INTO care values ('régime riche en minéraux')


    COMMIT TRANSACTION
  END TRY
  BEGIN CATCH
      ROLLBACK TRANSACTION
  END CATCH
GO


BEGIN TRANSACTION 
  BEGIN TRY


	SET IDENTITY_INSERT [dbo].[pens] ON

	INSERT [dbo].[pens] ([id], [name], [constructionDate], [lastwork], [livedIn], [size], [sectors_id], [types_id]) VALUES (1, N'novemberecho', CAST(N'2000-11-19' AS Date), CAST(N'2014-04-16' AS Date), 1, 5, 1, 1)
	INSERT [dbo].[pens] ([id], [name], [constructionDate], [lastwork], [livedIn], [size], [sectors_id], [types_id]) VALUES (2, N'uniformsierra', CAST(N'2000-08-14' AS Date), CAST(N'2016-06-15' AS Date), 1, 5, 1, 1)
	INSERT [dbo].[pens] ([id], [name], [constructionDate], [lastwork], [livedIn], [size], [sectors_id], [types_id]) VALUES (3, N'julietpapa', CAST(N'2008-12-30' AS Date), CAST(N'2015-04-06' AS Date), 1, 6, 1, 2)
	INSERT [dbo].[pens] ([id], [name], [constructionDate], [lastwork], [livedIn], [size], [sectors_id], [types_id]) VALUES (4, N'romeopapa', CAST(N'2002-06-29' AS Date), CAST(N'2006-11-12' AS Date), 0, 8, 1, 1)
	INSERT [dbo].[pens] ([id], [name], [constructionDate], [lastwork], [livedIn], [size], [sectors_id], [types_id]) VALUES (5, N'charlieindia', CAST(N'2014-06-22' AS Date), CAST(N'2019-10-24' AS Date), 0, 3, 1, 2)
	INSERT [dbo].[pens] ([id], [name], [constructionDate], [lastwork], [livedIn], [size], [sectors_id], [types_id]) VALUES (6, N'yankeebravo', CAST(N'2003-07-20' AS Date), CAST(N'2006-05-20' AS Date), 1, 5, 1, 2)
	INSERT [dbo].[pens] ([id], [name], [constructionDate], [lastwork], [livedIn], [size], [sectors_id], [types_id]) VALUES (7, N'kilotango', CAST(N'2016-09-03' AS Date), CAST(N'2019-06-05' AS Date), 1, 7, 1, 2)
	INSERT [dbo].[pens] ([id], [name], [constructionDate], [lastwork], [livedIn], [size], [sectors_id], [types_id]) VALUES (8, N'xrayhotel', CAST(N'2014-11-03' AS Date), CAST(N'2016-01-26' AS Date), 1, 8, 1, 2)
	INSERT [dbo].[pens] ([id], [name], [constructionDate], [lastwork], [livedIn], [size], [sectors_id], [types_id]) VALUES (9, N'novembervictor', CAST(N'1997-09-09' AS Date), CAST(N'2016-04-24' AS Date), 1, 2, 1, 3)
	INSERT [dbo].[pens] ([id], [name], [constructionDate], [lastwork], [livedIn], [size], [sectors_id], [types_id]) VALUES (10, N'tangodelta', CAST(N'2011-08-25' AS Date), CAST(N'2020-01-18' AS Date), 1, 5, 1, 3)
	INSERT [dbo].[pens] ([id], [name], [constructionDate], [lastwork], [livedIn], [size], [sectors_id], [types_id]) VALUES (11, N'oscarbravo', CAST(N'2013-12-01' AS Date), CAST(N'2020-02-25' AS Date), 1, 5, 1, 1)
	INSERT [dbo].[pens] ([id], [name], [constructionDate], [lastwork], [livedIn], [size], [sectors_id], [types_id]) VALUES (12, N'romeodelta', CAST(N'2007-04-14' AS Date), CAST(N'2015-08-16' AS Date), 0, 5, 1, 1)
	INSERT [dbo].[pens] ([id], [name], [constructionDate], [lastwork], [livedIn], [size], [sectors_id], [types_id]) VALUES (13, N'kilovictor', CAST(N'2010-12-28' AS Date), CAST(N'2015-04-05' AS Date), 1, 6, 1, 3)
	INSERT [dbo].[pens] ([id], [name], [constructionDate], [lastwork], [livedIn], [size], [sectors_id], [types_id]) VALUES (14, N'quebecpapa', CAST(N'1995-06-10' AS Date), CAST(N'2018-06-06' AS Date), 0, 7, 1, 1)
	INSERT [dbo].[pens] ([id], [name], [constructionDate], [lastwork], [livedIn], [size], [sectors_id], [types_id]) VALUES (15, N'whiskeyfoxtrot', CAST(N'2007-09-04' AS Date), CAST(N'2014-02-03' AS Date), 1, 8, 1, 1)
	INSERT [dbo].[pens] ([id], [name], [constructionDate], [lastwork], [livedIn], [size], [sectors_id], [types_id]) VALUES (16, N'charlievictor', CAST(N'1996-10-03' AS Date), CAST(N'2005-01-10' AS Date), 1, 8, 1, 1)
	INSERT [dbo].[pens] ([id], [name], [constructionDate], [lastwork], [livedIn], [size], [sectors_id], [types_id]) VALUES (17, N'mikemike', CAST(N'1996-06-20' AS Date), CAST(N'2008-07-09' AS Date), 1, 2, 1, 3)
	INSERT [dbo].[pens] ([id], [name], [constructionDate], [lastwork], [livedIn], [size], [sectors_id], [types_id]) VALUES (18, N'tangonovember', CAST(N'2010-02-14' AS Date), CAST(N'2014-10-25' AS Date), 0, 5, 1, 4)
	INSERT [dbo].[pens] ([id], [name], [constructionDate], [lastwork], [livedIn], [size], [sectors_id], [types_id]) VALUES (19, N'foxtrotnovember', CAST(N'2013-05-14' AS Date), CAST(N'2018-11-24' AS Date), 0, 5, 1, 4)
	INSERT [dbo].[pens] ([id], [name], [constructionDate], [lastwork], [livedIn], [size], [sectors_id], [types_id]) VALUES (20, N'kiloxray', CAST(N'2005-06-09' AS Date), CAST(N'2006-12-19' AS Date), 0, 6, 1, 4)
	INSERT [dbo].[pens] ([id], [name], [constructionDate], [lastwork], [livedIn], [size], [sectors_id], [types_id]) VALUES (21, N'deltahotel', CAST(N'2004-10-27' AS Date), CAST(N'2006-12-04' AS Date), 1, 528, 2, 5)
	INSERT [dbo].[pens] ([id], [name], [constructionDate], [lastwork], [livedIn], [size], [sectors_id], [types_id]) VALUES (22, N'oscartango', CAST(N'2004-11-23' AS Date), CAST(N'2015-09-09' AS Date), 1, 614, 2, 5)
	INSERT [dbo].[pens] ([id], [name], [constructionDate], [lastwork], [livedIn], [size], [sectors_id], [types_id]) VALUES (23, N'victorwhiskey', CAST(N'2001-09-23' AS Date), CAST(N'2007-11-28' AS Date), 1, 246, 2, 6)
	INSERT [dbo].[pens] ([id], [name], [constructionDate], [lastwork], [livedIn], [size], [sectors_id], [types_id]) VALUES (24, N'xrayyankee', CAST(N'2000-07-13' AS Date), CAST(N'2008-08-02' AS Date), 1, 468, 2, 6)
	INSERT [dbo].[pens] ([id], [name], [constructionDate], [lastwork], [livedIn], [size], [sectors_id], [types_id]) VALUES (25, N'sierradelta', CAST(N'2013-05-14' AS Date), CAST(N'2017-10-18' AS Date), 0, 483, 2, 7)
	INSERT [dbo].[pens] ([id], [name], [constructionDate], [lastwork], [livedIn], [size], [sectors_id], [types_id]) VALUES (26, N'charliefoxtrot', CAST(N'2007-05-25' AS Date), CAST(N'2014-05-13' AS Date), 1, 694, 2, 7)
	INSERT [dbo].[pens] ([id], [name], [constructionDate], [lastwork], [livedIn], [size], [sectors_id], [types_id]) VALUES (27, N'deltayankee', CAST(N'2010-11-08' AS Date), CAST(N'2012-11-21' AS Date), 1, 501, 2, 8)
	INSERT [dbo].[pens] ([id], [name], [constructionDate], [lastwork], [livedIn], [size], [sectors_id], [types_id]) VALUES (28, N'zulufoxtrot', CAST(N'2001-09-23' AS Date), CAST(N'2011-06-16' AS Date), 1, 680, 2, 8)
	INSERT [dbo].[pens] ([id], [name], [constructionDate], [lastwork], [livedIn], [size], [sectors_id], [types_id]) VALUES (29, N'quebecyankee', CAST(N'2017-01-01' AS Date), CAST(N'2017-03-11' AS Date), 0, 251, 3, 9)
	INSERT [dbo].[pens] ([id], [name], [constructionDate], [lastwork], [livedIn], [size], [sectors_id], [types_id]) VALUES (30, N'limavictor', CAST(N'2001-04-27' AS Date), CAST(N'2013-02-04' AS Date), 1, 508, 3, 9)
	INSERT [dbo].[pens] ([id], [name], [constructionDate], [lastwork], [livedIn], [size], [sectors_id], [types_id]) VALUES (31, N'limadelta', CAST(N'2006-11-11' AS Date), CAST(N'2008-11-25' AS Date), 1, 634, 3, 9)
	INSERT [dbo].[pens] ([id], [name], [constructionDate], [lastwork], [livedIn], [size], [sectors_id], [types_id]) VALUES (32, N'victorindia', CAST(N'1995-01-28' AS Date), CAST(N'2013-03-06' AS Date), 0, 654, 3, 9)
	INSERT [dbo].[pens] ([id], [name], [constructionDate], [lastwork], [livedIn], [size], [sectors_id], [types_id]) VALUES (33, N'charlienovember', CAST(N'2019-02-18' AS Date), CAST(N'2020-11-02' AS Date), 1, 688, 3, 9)
	INSERT [dbo].[pens] ([id], [name], [constructionDate], [lastwork], [livedIn], [size], [sectors_id], [types_id]) VALUES (34, N'alphaalpha', CAST(N'2008-06-25' AS Date), CAST(N'2015-06-16' AS Date), 0, 1008, 3, 9)
	INSERT [dbo].[pens] ([id], [name], [constructionDate], [lastwork], [livedIn], [size], [sectors_id], [types_id]) VALUES (35, N'julietfoxtrot', CAST(N'1998-10-05' AS Date), CAST(N'2005-08-18' AS Date), 1, 1077, 3, 9)
	INSERT [dbo].[pens] ([id], [name], [constructionDate], [lastwork], [livedIn], [size], [sectors_id], [types_id]) VALUES (36, N'bravodelta', CAST(N'1995-08-07' AS Date), CAST(N'2015-05-08' AS Date), 1, 1140, 3, 9)
	INSERT [dbo].[pens] ([id], [name], [constructionDate], [lastwork], [livedIn], [size], [sectors_id], [types_id]) VALUES (37, N'tangolima', CAST(N'2006-10-26' AS Date), CAST(N'2012-05-27' AS Date), 1, 1144, 3, 9)
	INSERT [dbo].[pens] ([id], [name], [constructionDate], [lastwork], [livedIn], [size], [sectors_id], [types_id]) VALUES (38, N'indiaromeo', CAST(N'2004-04-30' AS Date), CAST(N'2008-10-27' AS Date), 1, 1171, 3, 9)
	INSERT [dbo].[pens] ([id], [name], [constructionDate], [lastwork], [livedIn], [size], [sectors_id], [types_id]) VALUES (39, N'deltaquebec', CAST(N'2008-09-21' AS Date), CAST(N'2010-10-18' AS Date), 0, 290, 3, 10)
	INSERT [dbo].[pens] ([id], [name], [constructionDate], [lastwork], [livedIn], [size], [sectors_id], [types_id]) VALUES (40, N'indiazulu', CAST(N'2008-09-07' AS Date), CAST(N'2011-04-09' AS Date), 1, 330, 3, 11)
	INSERT [dbo].[pens] ([id], [name], [constructionDate], [lastwork], [livedIn], [size], [sectors_id], [types_id]) VALUES (41, N'oscarvictor', CAST(N'1997-01-22' AS Date), CAST(N'2018-03-24' AS Date), 0, 354, 3, 10)
	INSERT [dbo].[pens] ([id], [name], [constructionDate], [lastwork], [livedIn], [size], [sectors_id], [types_id]) VALUES (42, N'limajuliet', CAST(N'2013-01-25' AS Date), CAST(N'2020-03-24' AS Date), 1, 559, 3, 10)
	INSERT [dbo].[pens] ([id], [name], [constructionDate], [lastwork], [livedIn], [size], [sectors_id], [types_id]) VALUES (43, N'sierrazulu', CAST(N'2009-03-05' AS Date), CAST(N'2017-07-13' AS Date), 1, 674, 3, 10)
	INSERT [dbo].[pens] ([id], [name], [constructionDate], [lastwork], [livedIn], [size], [sectors_id], [types_id]) VALUES (44, N'foxtrotjuliet', CAST(N'2006-11-26' AS Date), CAST(N'2008-02-08' AS Date), 1, 858, 3, 10)
	INSERT [dbo].[pens] ([id], [name], [constructionDate], [lastwork], [livedIn], [size], [sectors_id], [types_id]) VALUES (45, N'sierraalpha', CAST(N'2004-06-26' AS Date), CAST(N'2012-09-21' AS Date), 1, 975, 3, 10)
	INSERT [dbo].[pens] ([id], [name], [constructionDate], [lastwork], [livedIn], [size], [sectors_id], [types_id]) VALUES (46, N'papaindia', CAST(N'2011-06-28' AS Date), CAST(N'2011-11-06' AS Date), 1, 1104, 8, 21)
	INSERT [dbo].[pens] ([id], [name], [constructionDate], [lastwork], [livedIn], [size], [sectors_id], [types_id]) VALUES (47, N'oscarkilo', CAST(N'1993-08-15' AS Date), CAST(N'2003-03-08' AS Date), 1, 511, 3, 11)
	INSERT [dbo].[pens] ([id], [name], [constructionDate], [lastwork], [livedIn], [size], [sectors_id], [types_id]) VALUES (48, N'yankeelima', CAST(N'2001-04-15' AS Date), CAST(N'2021-01-15' AS Date), 0, 730, 3, 11)
	INSERT [dbo].[pens] ([id], [name], [constructionDate], [lastwork], [livedIn], [size], [sectors_id], [types_id]) VALUES (49, N'sierrayankee', CAST(N'2001-02-08' AS Date), CAST(N'2001-08-29' AS Date), 0, 426, 4, 12)
	INSERT [dbo].[pens] ([id], [name], [constructionDate], [lastwork], [livedIn], [size], [sectors_id], [types_id]) VALUES (50, N'yankeecharlie', CAST(N'2001-09-03' AS Date), CAST(N'2010-12-18' AS Date), 0, 433, 4, 12)
	INSERT [dbo].[pens] ([id], [name], [constructionDate], [lastwork], [livedIn], [size], [sectors_id], [types_id]) VALUES (51, N'foxtrothotel', CAST(N'2003-02-18' AS Date), CAST(N'2009-01-04' AS Date), 0, 444, 4, 12)
	INSERT [dbo].[pens] ([id], [name], [constructionDate], [lastwork], [livedIn], [size], [sectors_id], [types_id]) VALUES (52, N'quebecbravo', CAST(N'2001-08-27' AS Date), CAST(N'2009-03-30' AS Date), 1, 993, 4, 12)
	INSERT [dbo].[pens] ([id], [name], [constructionDate], [lastwork], [livedIn], [size], [sectors_id], [types_id]) VALUES (53, N'sierrafoxtrot', CAST(N'2009-03-31' AS Date), CAST(N'2016-04-25' AS Date), 1, 1271, 4, 12)
	INSERT [dbo].[pens] ([id], [name], [constructionDate], [lastwork], [livedIn], [size], [sectors_id], [types_id]) VALUES (54, N'mikevictor', CAST(N'2015-04-03' AS Date), CAST(N'2016-05-13' AS Date), 0, 263, 4, 13)
	INSERT [dbo].[pens] ([id], [name], [constructionDate], [lastwork], [livedIn], [size], [sectors_id], [types_id]) VALUES (55, N'julietzulu', CAST(N'2009-11-01' AS Date), CAST(N'2012-03-31' AS Date), 0, 345, 4, 13)
	INSERT [dbo].[pens] ([id], [name], [constructionDate], [lastwork], [livedIn], [size], [sectors_id], [types_id]) VALUES (56, N'tangobravo', CAST(N'2000-02-02' AS Date), CAST(N'2001-09-08' AS Date), 0, 351, 4, 13)
	INSERT [dbo].[pens] ([id], [name], [constructionDate], [lastwork], [livedIn], [size], [sectors_id], [types_id]) VALUES (57, N'zuluoscar', CAST(N'2000-05-18' AS Date), CAST(N'2003-02-12' AS Date), 0, 556, 4, 13)
	INSERT [dbo].[pens] ([id], [name], [constructionDate], [lastwork], [livedIn], [size], [sectors_id], [types_id]) VALUES (58, N'whiskeyindia', CAST(N'2000-01-30' AS Date), CAST(N'2017-10-08' AS Date), 1, 798, 4, 13)
	INSERT [dbo].[pens] ([id], [name], [constructionDate], [lastwork], [livedIn], [size], [sectors_id], [types_id]) VALUES (59, N'novembertango', CAST(N'2007-11-09' AS Date), CAST(N'2019-06-07' AS Date), 0, 216, 4, 14)
	INSERT [dbo].[pens] ([id], [name], [constructionDate], [lastwork], [livedIn], [size], [sectors_id], [types_id]) VALUES (60, N'zuludelta', CAST(N'2003-06-07' AS Date), CAST(N'2012-12-19' AS Date), 1, 222, 8, 21)
	INSERT [dbo].[pens] ([id], [name], [constructionDate], [lastwork], [livedIn], [size], [sectors_id], [types_id]) VALUES (61, N'julietjuliet', CAST(N'2003-08-05' AS Date), CAST(N'2011-05-06' AS Date), 0, 232, 8, 21)
	INSERT [dbo].[pens] ([id], [name], [constructionDate], [lastwork], [livedIn], [size], [sectors_id], [types_id]) VALUES (62, N'uniformuniform', CAST(N'1998-07-21' AS Date), CAST(N'2017-08-17' AS Date), 0, 283, 8, 21)
	INSERT [dbo].[pens] ([id], [name], [constructionDate], [lastwork], [livedIn], [size], [sectors_id], [types_id]) VALUES (63, N'novemberjuliet', CAST(N'2014-02-16' AS Date), CAST(N'2017-06-20' AS Date), 0, 332, 4, 14)
	INSERT [dbo].[pens] ([id], [name], [constructionDate], [lastwork], [livedIn], [size], [sectors_id], [types_id]) VALUES (64, N'julietyankee', CAST(N'2003-07-15' AS Date), CAST(N'2008-06-04' AS Date), 0, 413, 4, 14)
	INSERT [dbo].[pens] ([id], [name], [constructionDate], [lastwork], [livedIn], [size], [sectors_id], [types_id]) VALUES (65, N'uniformgolf', CAST(N'2013-06-10' AS Date), CAST(N'2013-10-15' AS Date), 0, 704, 4, 14)
	INSERT [dbo].[pens] ([id], [name], [constructionDate], [lastwork], [livedIn], [size], [sectors_id], [types_id]) VALUES (66, N'bravohotel', CAST(N'2004-02-15' AS Date), CAST(N'2011-05-06' AS Date), 0, 718, 4, 14)
	INSERT [dbo].[pens] ([id], [name], [constructionDate], [lastwork], [livedIn], [size], [sectors_id], [types_id]) VALUES (67, N'xrayvictor', CAST(N'2000-11-17' AS Date), CAST(N'2009-02-23' AS Date), 0, 766, 4, 14)
	INSERT [dbo].[pens] ([id], [name], [constructionDate], [lastwork], [livedIn], [size], [sectors_id], [types_id]) VALUES (68, N'whiskeyoscar', CAST(N'2000-02-15' AS Date), CAST(N'2017-09-10' AS Date), 1, 791, 4, 14)
	INSERT [dbo].[pens] ([id], [name], [constructionDate], [lastwork], [livedIn], [size], [sectors_id], [types_id]) VALUES (69, N'victorkilo', CAST(N'2009-03-05' AS Date), CAST(N'2017-07-13' AS Date), 1, 354, 5, 15)
	INSERT [dbo].[pens] ([id], [name], [constructionDate], [lastwork], [livedIn], [size], [sectors_id], [types_id]) VALUES (70, N'golfvictor', CAST(N'2013-01-25' AS Date), CAST(N'2020-03-24' AS Date), 1, 1077, 5, 15)
	INSERT [dbo].[pens] ([id], [name], [constructionDate], [lastwork], [livedIn], [size], [sectors_id], [types_id]) VALUES (71, N'indiahotel', CAST(N'1995-01-28' AS Date), CAST(N'2013-03-06' AS Date), 1, 1104, 5, 15)
	INSERT [dbo].[pens] ([id], [name], [constructionDate], [lastwork], [livedIn], [size], [sectors_id], [types_id]) VALUES (72, N'novemberzulu', CAST(N'2019-02-18' AS Date), CAST(N'2020-11-02' AS Date), 1, 1140, 5, 15)
	INSERT [dbo].[pens] ([id], [name], [constructionDate], [lastwork], [livedIn], [size], [sectors_id], [types_id]) VALUES (73, N'bravogolf', CAST(N'2008-07-03' AS Date), CAST(N'2008-07-17' AS Date), 0, 228, 6, 16)
	INSERT [dbo].[pens] ([id], [name], [constructionDate], [lastwork], [livedIn], [size], [sectors_id], [types_id]) VALUES (74, N'deltaalpha', CAST(N'2006-07-10' AS Date), CAST(N'2001-02-27' AS Date), 0, 238, 6, 16)
	INSERT [dbo].[pens] ([id], [name], [constructionDate], [lastwork], [livedIn], [size], [sectors_id], [types_id]) VALUES (75, N'foxtrotsierra', CAST(N'1998-06-03' AS Date), CAST(N'2019-04-07' AS Date), 0, 305, 6, 16)
	INSERT [dbo].[pens] ([id], [name], [constructionDate], [lastwork], [livedIn], [size], [sectors_id], [types_id]) VALUES (76, N'bravoquebec', CAST(N'1999-05-14' AS Date), CAST(N'2004-10-25' AS Date), 0, 395, 6, 16)
	INSERT [dbo].[pens] ([id], [name], [constructionDate], [lastwork], [livedIn], [size], [sectors_id], [types_id]) VALUES (77, N'mikexray', CAST(N'1997-06-24' AS Date), CAST(N'2003-04-16' AS Date), 0, 442, 6, 16)
	INSERT [dbo].[pens] ([id], [name], [constructionDate], [lastwork], [livedIn], [size], [sectors_id], [types_id]) VALUES (78, N'papauniform', CAST(N'1995-02-27' AS Date), CAST(N'2001-12-01' AS Date), 0, 206, 6, 17)
	INSERT [dbo].[pens] ([id], [name], [constructionDate], [lastwork], [livedIn], [size], [sectors_id], [types_id]) VALUES (79, N'hotelromeo', CAST(N'2007-05-22' AS Date), CAST(N'2005-02-19' AS Date), 0, 329, 6, 17)
	INSERT [dbo].[pens] ([id], [name], [constructionDate], [lastwork], [livedIn], [size], [sectors_id], [types_id]) VALUES (80, N'foxtrotoscar', CAST(N'2018-06-11' AS Date), CAST(N'2011-11-11' AS Date), 0, 531, 6, 17)
	INSERT [dbo].[pens] ([id], [name], [constructionDate], [lastwork], [livedIn], [size], [sectors_id], [types_id]) VALUES (81, N'echodelta', CAST(N'2000-06-15' AS Date), CAST(N'2019-07-06' AS Date), 0, 465, 6, 18)
	INSERT [dbo].[pens] ([id], [name], [constructionDate], [lastwork], [livedIn], [size], [sectors_id], [types_id]) VALUES (82, N'miketango', CAST(N'2000-07-09' AS Date), CAST(N'2020-12-13' AS Date), 0, 514, 6, 18)
	INSERT [dbo].[pens] ([id], [name], [constructionDate], [lastwork], [livedIn], [size], [sectors_id], [types_id]) VALUES (83, N'charliejuliet', CAST(N'2000-05-08' AS Date), CAST(N'2011-12-22' AS Date), 1, 259, 7, 19)
	INSERT [dbo].[pens] ([id], [name], [constructionDate], [lastwork], [livedIn], [size], [sectors_id], [types_id]) VALUES (84, N'novemberdelta', CAST(N'2001-07-11' AS Date), CAST(N'2006-04-11' AS Date), 1, 274, 7, 19)
	INSERT [dbo].[pens] ([id], [name], [constructionDate], [lastwork], [livedIn], [size], [sectors_id], [types_id]) VALUES (85, N'indiaquebec', CAST(N'2008-04-14' AS Date), CAST(N'2014-03-01' AS Date), 1, 353, 7, 19)
	INSERT [dbo].[pens] ([id], [name], [constructionDate], [lastwork], [livedIn], [size], [sectors_id], [types_id]) VALUES (86, N'zuluuniform', CAST(N'1999-08-30' AS Date), CAST(N'2018-05-06' AS Date), 0, 373, 7, 19)
	INSERT [dbo].[pens] ([id], [name], [constructionDate], [lastwork], [livedIn], [size], [sectors_id], [types_id]) VALUES (87, N'oscaralpha', CAST(N'2001-11-11' AS Date), CAST(N'2003-05-18' AS Date), 1, 606, 7, 19)
	INSERT [dbo].[pens] ([id], [name], [constructionDate], [lastwork], [livedIn], [size], [sectors_id], [types_id]) VALUES (88, N'victorhotel', CAST(N'1995-06-25' AS Date), CAST(N'2008-08-15' AS Date), 0, 606, 7, 19)
	INSERT [dbo].[pens] ([id], [name], [constructionDate], [lastwork], [livedIn], [size], [sectors_id], [types_id]) VALUES (89, N'limaromeo', CAST(N'2013-03-26' AS Date), CAST(N'2019-04-12' AS Date), 1, 659, 7, 19)
	INSERT [dbo].[pens] ([id], [name], [constructionDate], [lastwork], [livedIn], [size], [sectors_id], [types_id]) VALUES (90, N'bravomike', CAST(N'2002-10-16' AS Date), CAST(N'2008-10-26' AS Date), 1, 830, 7, 19)
	INSERT [dbo].[pens] ([id], [name], [constructionDate], [lastwork], [livedIn], [size], [sectors_id], [types_id]) VALUES (91, N'oscarpapa', CAST(N'1996-05-20' AS Date), CAST(N'2005-01-05' AS Date), 1, 835, 7, 19)
	INSERT [dbo].[pens] ([id], [name], [constructionDate], [lastwork], [livedIn], [size], [sectors_id], [types_id]) VALUES (92, N'xrayecho', CAST(N'2000-10-13' AS Date), CAST(N'2008-06-26' AS Date), 1, 835, 7, 19)
	INSERT [dbo].[pens] ([id], [name], [constructionDate], [lastwork], [livedIn], [size], [sectors_id], [types_id]) VALUES (93, N'julietlima', CAST(N'1998-08-11' AS Date), CAST(N'2003-06-26' AS Date), 0, 864, 7, 19)
	INSERT [dbo].[pens] ([id], [name], [constructionDate], [lastwork], [livedIn], [size], [sectors_id], [types_id]) VALUES (94, N'hotelwhiskey', CAST(N'1998-11-12' AS Date), CAST(N'2002-04-01' AS Date), 0, 864, 7, 19)
	INSERT [dbo].[pens] ([id], [name], [constructionDate], [lastwork], [livedIn], [size], [sectors_id], [types_id]) VALUES (95, N'tangoxray', CAST(N'2000-03-23' AS Date), CAST(N'2008-07-24' AS Date), 1, 1133, 7, 19)
	INSERT [dbo].[pens] ([id], [name], [constructionDate], [lastwork], [livedIn], [size], [sectors_id], [types_id]) VALUES (96, N'kilogolf', CAST(N'2015-01-21' AS Date), CAST(N'2021-01-01' AS Date), 0, 1153, 7, 19)
	INSERT [dbo].[pens] ([id], [name], [constructionDate], [lastwork], [livedIn], [size], [sectors_id], [types_id]) VALUES (97, N'romeobravo', CAST(N'2002-02-24' AS Date), CAST(N'2020-09-18' AS Date), 0, 274, 7, 20)
	INSERT [dbo].[pens] ([id], [name], [constructionDate], [lastwork], [livedIn], [size], [sectors_id], [types_id]) VALUES (98, N'novemberpapa', CAST(N'2004-08-26' AS Date), CAST(N'2020-02-08' AS Date), 0, 662, 7, 20)
	INSERT [dbo].[pens] ([id], [name], [constructionDate], [lastwork], [livedIn], [size], [sectors_id], [types_id]) VALUES (99, N'alphafoxtrot', CAST(N'2002-09-25' AS Date), CAST(N'2008-10-24' AS Date), 0, 879, 7, 20)
	INSERT [dbo].[pens] ([id], [name], [constructionDate], [lastwork], [livedIn], [size], [sectors_id], [types_id]) VALUES (100, N'romeosierra', CAST(N'2001-05-22' AS Date), CAST(N'2009-01-26' AS Date), 0, 1169, 7, 20)
	
	SET IDENTITY_INSERT [dbo].[pens] OFF

	    COMMIT TRANSACTION
  END TRY
  BEGIN CATCH
      ROLLBACK TRANSACTION
  END CATCH
GO


BEGIN TRANSACTION 
  BEGIN TRY

	INSERT [dbo].[employees] ([contractnumber], [acronym], [lastname], [firstname], [birthdate], [sex_id]) VALUES (N'16971217-1421', N'TGT', N'Terry', N'Grant', CAST(N'1977-04-19T00:00:00.000' AS DateTime), 1)
	INSERT [dbo].[employees] ([contractnumber], [acronym], [lastname], [firstname], [birthdate], [sex_id]) VALUES (N'16150808-7739', N'PLN', N'Porter', N'Lillian', CAST(N'1979-01-08T00:00:00.000' AS DateTime), 2)
	INSERT [dbo].[employees] ([contractnumber], [acronym], [lastname], [firstname], [birthdate], [sex_id]) VALUES (N'16510607-1169', N'KDE', N'Kline', N'Dane', CAST(N'1963-12-12T00:00:00.000' AS DateTime), 1)
	INSERT [dbo].[employees] ([contractnumber], [acronym], [lastname], [firstname], [birthdate], [sex_id]) VALUES (N'16591218-0584', N'CJE', N'Chang', N'Jade', CAST(N'1990-07-08T00:00:00.000' AS DateTime), 2)
	INSERT [dbo].[employees] ([contractnumber], [acronym], [lastname], [firstname], [birthdate], [sex_id]) VALUES (N'16170617-9064', N'AHS', N'Anthony', N'Hayes', CAST(N'1959-08-08T00:00:00.000' AS DateTime), 1)
	INSERT [dbo].[employees] ([contractnumber], [acronym], [lastname], [firstname], [birthdate], [sex_id]) VALUES (N'16080727-9641', N'LLO', N'Lara', N'Leo', CAST(N'2000-01-21T00:00:00.000' AS DateTime), 1)
	INSERT [dbo].[employees] ([contractnumber], [acronym], [lastname], [firstname], [birthdate], [sex_id]) VALUES (N'16080121-6664', N'FIL', N'Fulton', N'Ishmael', CAST(N'1945-09-10T00:00:00.000' AS DateTime), 1)
	INSERT [dbo].[employees] ([contractnumber], [acronym], [lastname], [firstname], [birthdate], [sex_id]) VALUES (N'16490304-8801', N'HAN', N'Hood', N'Alvin', CAST(N'1943-11-29T00:00:00.000' AS DateTime), 1)
	INSERT [dbo].[employees] ([contractnumber], [acronym], [lastname], [firstname], [birthdate], [sex_id]) VALUES (N'16810718-1342', N'GJN', N'Glenn', N'Jillian', CAST(N'1956-04-04T00:00:00.000' AS DateTime), 2)
	INSERT [dbo].[employees] ([contractnumber], [acronym], [lastname], [firstname], [birthdate], [sex_id]) VALUES (N'16060714-6677', N'FWR', N'Fowler', N'Winter', CAST(N'2003-05-08T00:00:00.000' AS DateTime), 2)
	INSERT [dbo].[employees] ([contractnumber], [acronym], [lastname], [firstname], [birthdate], [sex_id]) VALUES (N'16170206-4039', N'CMY', N'Carey', N'Mallory', CAST(N'1985-06-22T00:00:00.000' AS DateTime), 2)
	INSERT [dbo].[employees] ([contractnumber], [acronym], [lastname], [firstname], [birthdate], [sex_id]) VALUES (N'16151102-8985', N'HZA', N'Holt', N'Zia', CAST(N'1955-02-09T00:00:00.000' AS DateTime), 2)
	INSERT [dbo].[employees] ([contractnumber], [acronym], [lastname], [firstname], [birthdate], [sex_id]) VALUES (N'16880229-2170', N'ETM', N'Emerson', N'Tatum', CAST(N'2005-05-17T00:00:00.000' AS DateTime), 2)
	INSERT [dbo].[employees] ([contractnumber], [acronym], [lastname], [firstname], [birthdate], [sex_id]) VALUES (N'16660229-3521', N'WON', N'Witt', N'Owen', CAST(N'1999-02-13T00:00:00.000' AS DateTime), 1)
	INSERT [dbo].[employees] ([contractnumber], [acronym], [lastname], [firstname], [birthdate], [sex_id]) VALUES (N'16300214-4271', N'HSN', N'Herman', N'Stephen', CAST(N'1946-01-02T00:00:00.000' AS DateTime), 1)
	INSERT [dbo].[employees] ([contractnumber], [acronym], [lastname], [firstname], [birthdate], [sex_id]) VALUES (N'16561223-7395', N'JJS', N'Joyce', N'Jonas', CAST(N'1966-07-07T00:00:00.000' AS DateTime), 1)
	INSERT [dbo].[employees] ([contractnumber], [acronym], [lastname], [firstname], [birthdate], [sex_id]) VALUES (N'16521122-5759', N'GBE', N'Garza', N'Brynne', CAST(N'1979-07-12T00:00:00.000' AS DateTime), 2)
	INSERT [dbo].[employees] ([contractnumber], [acronym], [lastname], [firstname], [birthdate], [sex_id]) VALUES (N'16530423-0245', N'WJE', N'Walsh', N'Julie', CAST(N'1971-02-08T00:00:00.000' AS DateTime), 2)
	INSERT [dbo].[employees] ([contractnumber], [acronym], [lastname], [firstname], [birthdate], [sex_id]) VALUES (N'16320126-4490', N'HHH', N'Hodges', N'Hannah', CAST(N'1986-10-07T00:00:00.000' AS DateTime), 2)
	INSERT [dbo].[employees] ([contractnumber], [acronym], [lastname], [firstname], [birthdate], [sex_id]) VALUES (N'16791110-6271', N'FDA', N'Flowers', N'Dora', CAST(N'1964-03-01T00:00:00.000' AS DateTime), 2)
	INSERT [dbo].[employees] ([contractnumber], [acronym], [lastname], [firstname], [birthdate], [sex_id]) VALUES (N'16991029-3795', N'MML', N'Melton', N'Marshall', CAST(N'2000-06-07T00:00:00.000' AS DateTime), 1)
	INSERT [dbo].[employees] ([contractnumber], [acronym], [lastname], [firstname], [birthdate], [sex_id]) VALUES (N'16550923-1691', N'RJR', N'Riddle', N'Jasper', CAST(N'2004-03-09T00:00:00.000' AS DateTime), 1)
	INSERT [dbo].[employees] ([contractnumber], [acronym], [lastname], [firstname], [birthdate], [sex_id]) VALUES (N'16530421-7713', N'RSA', N'Reeves', N'Stella', CAST(N'1993-06-02T00:00:00.000' AS DateTime), 2)
	INSERT [dbo].[employees] ([contractnumber], [acronym], [lastname], [firstname], [birthdate], [sex_id]) VALUES (N'16310227-6205', N'PCA', N'Patterson', N'Cora', CAST(N'2003-08-07T00:00:00.000' AS DateTime), 2)
	INSERT [dbo].[employees] ([contractnumber], [acronym], [lastname], [firstname], [birthdate], [sex_id]) VALUES (N'16291216-4718', N'FYY', N'Farrell', N'Yardley', CAST(N'1951-02-13T00:00:00.000' AS DateTime), 1)
	INSERT [dbo].[employees] ([contractnumber], [acronym], [lastname], [firstname], [birthdate], [sex_id]) VALUES (N'16511205-7715', N'LDR', N'Lane', N'Dieter', CAST(N'1945-08-08T00:00:00.000' AS DateTime), 1)
	INSERT [dbo].[employees] ([contractnumber], [acronym], [lastname], [firstname], [birthdate], [sex_id]) VALUES (N'16631007-2209', N'HFH', N'Humphrey', N'Farrah', CAST(N'1991-05-04T00:00:00.000' AS DateTime), 2)
	INSERT [dbo].[employees] ([contractnumber], [acronym], [lastname], [firstname], [birthdate], [sex_id]) VALUES (N'16811208-9381', N'FCA', N'Frazier', N'Cynthia', CAST(N'1956-02-09T00:00:00.000' AS DateTime), 2)
	INSERT [dbo].[employees] ([contractnumber], [acronym], [lastname], [firstname], [birthdate], [sex_id]) VALUES (N'16080720-4912', N'BTR', N'Bass', N'Thor', CAST(N'1975-03-01T00:00:00.000' AS DateTime), 1)
	INSERT [dbo].[employees] ([contractnumber], [acronym], [lastname], [firstname], [birthdate], [sex_id]) VALUES (N'16320914-3233', N'MGE', N'Mendez', N'Guinevere', CAST(N'1991-03-21T00:00:00.000' AS DateTime), 2)
	INSERT [dbo].[employees] ([contractnumber], [acronym], [lastname], [firstname], [birthdate], [sex_id]) VALUES (N'16411204-1100', N'SJE', N'Stone', N'Jessamine', CAST(N'1950-10-16T00:00:00.000' AS DateTime), 2)
	INSERT [dbo].[employees] ([contractnumber], [acronym], [lastname], [firstname], [birthdate], [sex_id]) VALUES (N'16971104-9719', N'HXA', N'Howard', N'Xandra', CAST(N'1940-06-16T00:00:00.000' AS DateTime), 2)
	INSERT [dbo].[employees] ([contractnumber], [acronym], [lastname], [firstname], [birthdate], [sex_id]) VALUES (N'16280918-9315', N'HSA', N'Harrison', N'Sara', CAST(N'1993-01-13T00:00:00.000' AS DateTime), 2)
	INSERT [dbo].[employees] ([contractnumber], [acronym], [lastname], [firstname], [birthdate], [sex_id]) VALUES (N'16041021-5156', N'DUA', N'Duffy', N'Ulla', CAST(N'1986-12-09T00:00:00.000' AS DateTime), 2)
	INSERT [dbo].[employees] ([contractnumber], [acronym], [lastname], [firstname], [birthdate], [sex_id]) VALUES (N'16980311-8471', N'SAO', N'Salinas', N'Armando', CAST(N'1963-11-04T00:00:00.000' AS DateTime), 1)
	INSERT [dbo].[employees] ([contractnumber], [acronym], [lastname], [firstname], [birthdate], [sex_id]) VALUES (N'16170214-5663', N'LAT', N'Larsen', N'Amethyst', CAST(N'1995-01-24T00:00:00.000' AS DateTime), 2)
	INSERT [dbo].[employees] ([contractnumber], [acronym], [lastname], [firstname], [birthdate], [sex_id]) VALUES (N'16051015-6730', N'MBY', N'Mckee', N'Brittany', CAST(N'1952-07-10T00:00:00.000' AS DateTime), 2)
	INSERT [dbo].[employees] ([contractnumber], [acronym], [lastname], [firstname], [birthdate], [sex_id]) VALUES (N'16800704-1703', N'BIA1', N'Barron', N'Iola', CAST(N'1941-12-27T00:00:00.000' AS DateTime), 2)
	INSERT [dbo].[employees] ([contractnumber], [acronym], [lastname], [firstname], [birthdate], [sex_id]) VALUES (N'16290425-2133', N'BRN', N'Beach', N'Rosalyn', CAST(N'1989-04-19T00:00:00.000' AS DateTime), 2)
	INSERT [dbo].[employees] ([contractnumber], [acronym], [lastname], [firstname], [birthdate], [sex_id]) VALUES (N'16230405-3008', N'NIA', N'Navarro', N'Ila', CAST(N'1946-08-31T00:00:00.000' AS DateTime), 2)
	INSERT [dbo].[employees] ([contractnumber], [acronym], [lastname], [firstname], [birthdate], [sex_id]) VALUES (N'16840617-8932', N'FRL', N'Fleming', N'Rafael', CAST(N'1955-01-23T00:00:00.000' AS DateTime), 1)
	INSERT [dbo].[employees] ([contractnumber], [acronym], [lastname], [firstname], [birthdate], [sex_id]) VALUES (N'16450201-0327', N'MIA', N'Mckenzie', N'Iliana', CAST(N'1977-09-30T00:00:00.000' AS DateTime), 2)
	INSERT [dbo].[employees] ([contractnumber], [acronym], [lastname], [firstname], [birthdate], [sex_id]) VALUES (N'16240914-3290', N'WME', N'Woodward', N'Maxine', CAST(N'1994-05-20T00:00:00.000' AS DateTime), 2)
	INSERT [dbo].[employees] ([contractnumber], [acronym], [lastname], [firstname], [birthdate], [sex_id]) VALUES (N'16040605-6358', N'AGN', N'Alvarado', N'Gavin', CAST(N'2005-01-19T00:00:00.000' AS DateTime), 1)
	INSERT [dbo].[employees] ([contractnumber], [acronym], [lastname], [firstname], [birthdate], [sex_id]) VALUES (N'16850115-9977', N'SSA', N'Shaw', N'Selma', CAST(N'1998-12-03T00:00:00.000' AS DateTime), 2)
	INSERT [dbo].[employees] ([contractnumber], [acronym], [lastname], [firstname], [birthdate], [sex_id]) VALUES (N'16510126-0064', N'LNE', N'Lott', N'Nichole', CAST(N'1993-07-12T00:00:00.000' AS DateTime), 2)
	INSERT [dbo].[employees] ([contractnumber], [acronym], [lastname], [firstname], [birthdate], [sex_id]) VALUES (N'16321114-6034', N'BOA', N'Bright', N'Olivia', CAST(N'1967-12-02T00:00:00.000' AS DateTime), 2)
	INSERT [dbo].[employees] ([contractnumber], [acronym], [lastname], [firstname], [birthdate], [sex_id]) VALUES (N'16100326-2639', N'HBR', N'Harrington', N'Briar', CAST(N'1943-04-12T00:00:00.000' AS DateTime), 2)
	INSERT [dbo].[employees] ([contractnumber], [acronym], [lastname], [firstname], [birthdate], [sex_id]) VALUES (N'16870119-7454', N'PUE', N'Potter', N'Urielle', CAST(N'1960-12-31T00:00:00.000' AS DateTime), 2)
	INSERT [dbo].[employees] ([contractnumber], [acronym], [lastname], [firstname], [birthdate], [sex_id]) VALUES (N'16600101-7323', N'MJE', N'Morin', N'Jayme', CAST(N'1996-08-08T00:00:00.000' AS DateTime), 2)
	INSERT [dbo].[employees] ([contractnumber], [acronym], [lastname], [firstname], [birthdate], [sex_id]) VALUES (N'16300712-2090', N'FKY', N'French', N'Kerry', CAST(N'1965-09-22T00:00:00.000' AS DateTime), 2)
	INSERT [dbo].[employees] ([contractnumber], [acronym], [lastname], [firstname], [birthdate], [sex_id]) VALUES (N'16950201-6455', N'GJH', N'Gilmore', N'Judith', CAST(N'1968-05-21T00:00:00.000' AS DateTime), 2)
	INSERT [dbo].[employees] ([contractnumber], [acronym], [lastname], [firstname], [birthdate], [sex_id]) VALUES (N'16520614-9691', N'HML', N'Hubbard', N'Marshall', CAST(N'1940-03-05T00:00:00.000' AS DateTime), 1)
	INSERT [dbo].[employees] ([contractnumber], [acronym], [lastname], [firstname], [birthdate], [sex_id]) VALUES (N'16151215-0044', N'SNO', N'Swanson', N'Nero', CAST(N'1981-07-28T00:00:00.000' AS DateTime), 1)
	INSERT [dbo].[employees] ([contractnumber], [acronym], [lastname], [firstname], [birthdate], [sex_id]) VALUES (N'16950620-6987', N'RJN', N'Ruiz', N'Jin', CAST(N'1976-01-12T00:00:00.000' AS DateTime), 1)
	INSERT [dbo].[employees] ([contractnumber], [acronym], [lastname], [firstname], [birthdate], [sex_id]) VALUES (N'16670509-3539', N'RJA', N'Rosa', N'Jena', CAST(N'1995-06-08T00:00:00.000' AS DateTime), 2)
	INSERT [dbo].[employees] ([contractnumber], [acronym], [lastname], [firstname], [birthdate], [sex_id]) VALUES (N'16770929-9932', N'DUY', N'Daugherty', N'Umay', CAST(N'1982-06-02T00:00:00.000' AS DateTime), 2)
	INSERT [dbo].[employees] ([contractnumber], [acronym], [lastname], [firstname], [birthdate], [sex_id]) VALUES (N'16700608-1694', N'LKY', N'Lamb', N'Karly', CAST(N'2002-04-26T00:00:00.000' AS DateTime), 2)
	INSERT [dbo].[employees] ([contractnumber], [acronym], [lastname], [firstname], [birthdate], [sex_id]) VALUES (N'16730801-2553', N'AHN', N'Ashley', N'Hayden', CAST(N'1995-07-27T00:00:00.000' AS DateTime), 1)
	INSERT [dbo].[employees] ([contractnumber], [acronym], [lastname], [firstname], [birthdate], [sex_id]) VALUES (N'16220303-6773', N'BJR', N'Blanchard', N'Jennifer', CAST(N'1940-08-22T00:00:00.000' AS DateTime), 2)
	INSERT [dbo].[employees] ([contractnumber], [acronym], [lastname], [firstname], [birthdate], [sex_id]) VALUES (N'16440403-9622', N'MRH', N'Meyer', N'Ruth', CAST(N'1992-02-24T00:00:00.000' AS DateTime), 2)
	INSERT [dbo].[employees] ([contractnumber], [acronym], [lastname], [firstname], [birthdate], [sex_id]) VALUES (N'16760826-6321', N'BUC', N'Brewer', N'Ulric', CAST(N'2002-12-10T00:00:00.000' AS DateTime), 1)
	INSERT [dbo].[employees] ([contractnumber], [acronym], [lastname], [firstname], [birthdate], [sex_id]) VALUES (N'16131115-9782', N'FVA', N'Fitzgerald', N'Veda', CAST(N'2002-04-02T00:00:00.000' AS DateTime), 2)
	INSERT [dbo].[employees] ([contractnumber], [acronym], [lastname], [firstname], [birthdate], [sex_id]) VALUES (N'16670104-7935', N'SGE', N'Snyder', N'Geraldine', CAST(N'1975-03-14T00:00:00.000' AS DateTime), 2)
	INSERT [dbo].[employees] ([contractnumber], [acronym], [lastname], [firstname], [birthdate], [sex_id]) VALUES (N'16201201-7915', N'CIR', N'Cooper', N'Ivor', CAST(N'1977-11-08T00:00:00.000' AS DateTime), 1)
	INSERT [dbo].[employees] ([contractnumber], [acronym], [lastname], [firstname], [birthdate], [sex_id]) VALUES (N'16600607-4808', N'PAN', N'Perry', N'Ashton', CAST(N'1970-03-26T00:00:00.000' AS DateTime), 1)
	INSERT [dbo].[employees] ([contractnumber], [acronym], [lastname], [firstname], [birthdate], [sex_id]) VALUES (N'16880106-2699', N'WWY', N'Ware', N'Wendy', CAST(N'1989-11-22T00:00:00.000' AS DateTime), 2)
	INSERT [dbo].[employees] ([contractnumber], [acronym], [lastname], [firstname], [birthdate], [sex_id]) VALUES (N'16021022-8755', N'WDI', N'Woods', N'Dai', CAST(N'1951-10-09T00:00:00.000' AS DateTime), 2)
	INSERT [dbo].[employees] ([contractnumber], [acronym], [lastname], [firstname], [birthdate], [sex_id]) VALUES (N'16940914-5662', N'MNA', N'Madden', N'Nyssa', CAST(N'1952-02-24T00:00:00.000' AS DateTime), 2)
	INSERT [dbo].[employees] ([contractnumber], [acronym], [lastname], [firstname], [birthdate], [sex_id]) VALUES (N'16891203-3951', N'BLY', N'Booker', N'Lesley', CAST(N'1961-01-01T00:00:00.000' AS DateTime), 2)
	INSERT [dbo].[employees] ([contractnumber], [acronym], [lastname], [firstname], [birthdate], [sex_id]) VALUES (N'16251226-4413', N'DHM', N'Dyer', N'Hiram', CAST(N'1951-01-27T00:00:00.000' AS DateTime), 1)
	INSERT [dbo].[employees] ([contractnumber], [acronym], [lastname], [firstname], [birthdate], [sex_id]) VALUES (N'16031130-7037', N'CAO', N'Conway', N'Arsenio', CAST(N'1990-11-25T00:00:00.000' AS DateTime), 1)
	INSERT [dbo].[employees] ([contractnumber], [acronym], [lastname], [firstname], [birthdate], [sex_id]) VALUES (N'16401224-4168', N'FCN', N'Figueroa', N'Cameron', CAST(N'1997-09-30T00:00:00.000' AS DateTime), 1)
	INSERT [dbo].[employees] ([contractnumber], [acronym], [lastname], [firstname], [birthdate], [sex_id]) VALUES (N'16210611-6425', N'HNL', N'Haynes', N'Nigel', CAST(N'2000-07-07T00:00:00.000' AS DateTime), 1)
	INSERT [dbo].[employees] ([contractnumber], [acronym], [lastname], [firstname], [birthdate], [sex_id]) VALUES (N'16691105-5801', N'MGL', N'Morris', N'Gabriel', CAST(N'1953-10-29T00:00:00.000' AS DateTime), 1)
	INSERT [dbo].[employees] ([contractnumber], [acronym], [lastname], [firstname], [birthdate], [sex_id]) VALUES (N'16450629-3192', N'HCS', N'Hutchinson', N'Carlos', CAST(N'1986-12-31T00:00:00.000' AS DateTime), 1)
	INSERT [dbo].[employees] ([contractnumber], [acronym], [lastname], [firstname], [birthdate], [sex_id]) VALUES (N'16470314-3422', N'ADE', N'Arnold', N'Denise', CAST(N'1984-05-27T00:00:00.000' AS DateTime), 2)
	INSERT [dbo].[employees] ([contractnumber], [acronym], [lastname], [firstname], [birthdate], [sex_id]) VALUES (N'16720207-7207', N'RRN', N'Rosa', N'Reagan', CAST(N'1990-09-11T00:00:00.000' AS DateTime), 2)
	INSERT [dbo].[employees] ([contractnumber], [acronym], [lastname], [firstname], [birthdate], [sex_id]) VALUES (N'16080319-5726', N'CNM', N'Cochran', N'Nissim', CAST(N'1978-12-01T00:00:00.000' AS DateTime), 1)
	INSERT [dbo].[employees] ([contractnumber], [acronym], [lastname], [firstname], [birthdate], [sex_id]) VALUES (N'16750426-3182', N'HKR', N'Hinton', N'Kasper', CAST(N'1980-12-18T00:00:00.000' AS DateTime), 1)
	INSERT [dbo].[employees] ([contractnumber], [acronym], [lastname], [firstname], [birthdate], [sex_id]) VALUES (N'16180102-1658', N'WLL', N'White', N'Laurel', CAST(N'1958-05-23T00:00:00.000' AS DateTime), 2)
	INSERT [dbo].[employees] ([contractnumber], [acronym], [lastname], [firstname], [birthdate], [sex_id]) VALUES (N'16210918-5021', N'MCY', N'Mcclain', N'Casey', CAST(N'1959-08-19T00:00:00.000' AS DateTime), 2)
	INSERT [dbo].[employees] ([contractnumber], [acronym], [lastname], [firstname], [birthdate], [sex_id]) VALUES (N'16160428-2424', N'FML', N'Fitzgerald', N'Michael', CAST(N'1952-09-24T00:00:00.000' AS DateTime), 1)
	INSERT [dbo].[employees] ([contractnumber], [acronym], [lastname], [firstname], [birthdate], [sex_id]) VALUES (N'16661218-4843', N'BGH', N'Bullock', N'Griffith', CAST(N'1987-12-27T00:00:00.000' AS DateTime), 1)
	INSERT [dbo].[employees] ([contractnumber], [acronym], [lastname], [firstname], [birthdate], [sex_id]) VALUES (N'16360809-1173', N'MTD', N'Manning', N'Todd', CAST(N'2000-07-16T00:00:00.000' AS DateTime), 1)
	INSERT [dbo].[employees] ([contractnumber], [acronym], [lastname], [firstname], [birthdate], [sex_id]) VALUES (N'16670605-4019', N'CSE', N'Cooke', N'Shellie', CAST(N'1991-10-04T00:00:00.000' AS DateTime), 2)
	INSERT [dbo].[employees] ([contractnumber], [acronym], [lastname], [firstname], [birthdate], [sex_id]) VALUES (N'16071107-9756', N'CKN', N'Carver', N'Kirsten', CAST(N'1972-02-03T00:00:00.000' AS DateTime), 2)
	INSERT [dbo].[employees] ([contractnumber], [acronym], [lastname], [firstname], [birthdate], [sex_id]) VALUES (N'16091219-3059', N'GTA', N'rdon', N'Tara', CAST(N'1973-01-04T00:00:00.000' AS DateTime), 2)
	INSERT [dbo].[employees] ([contractnumber], [acronym], [lastname], [firstname], [birthdate], [sex_id]) VALUES (N'16750526-8412', N'HNA', N'Hunt', N'Nita', CAST(N'1949-02-07T00:00:00.000' AS DateTime), 2)
	INSERT [dbo].[employees] ([contractnumber], [acronym], [lastname], [firstname], [birthdate], [sex_id]) VALUES (N'16540312-0362', N'SHR', N'Sanford', N'Harper', CAST(N'1969-01-17T00:00:00.000' AS DateTime), 1)
	INSERT [dbo].[employees] ([contractnumber], [acronym], [lastname], [firstname], [birthdate], [sex_id]) VALUES (N'16071212-7174', N'GAA', N'Guerra', N'Adena', CAST(N'2002-01-17T00:00:00.000' AS DateTime), 2)
	INSERT [dbo].[employees] ([contractnumber], [acronym], [lastname], [firstname], [birthdate], [sex_id]) VALUES (N'16101112-0126', N'LCA', N'Leblanc', N'Ciara', CAST(N'1964-06-10T00:00:00.000' AS DateTime), 2)
	INSERT [dbo].[employees] ([contractnumber], [acronym], [lastname], [firstname], [birthdate], [sex_id]) VALUES (N'16151010-9091', N'TAE', N'Trujillo', N'Aristotle', CAST(N'1985-06-24T00:00:00.000' AS DateTime), 1)
	INSERT [dbo].[employees] ([contractnumber], [acronym], [lastname], [firstname], [birthdate], [sex_id]) VALUES (N'16380530-9196', N'WSY', N'Wheeler', N'Shelby', CAST(N'1970-03-02T00:00:00.000' AS DateTime), 2)
	INSERT [dbo].[employees] ([contractnumber], [acronym], [lastname], [firstname], [birthdate], [sex_id]) VALUES (N'16391206-5913', N'CCY', N'Castaneda', N'Chaney', CAST(N'1991-06-09T00:00:00.000' AS DateTime), 1)
	INSERT [dbo].[employees] ([contractnumber], [acronym], [lastname], [firstname], [birthdate], [sex_id]) VALUES (N'16180828-1024', N'BIA2', N'Brooks', N'Iona', CAST(N'1976-08-26T00:00:00.000' AS DateTime), 2)
	INSERT [dbo].[employees] ([contractnumber], [acronym], [lastname], [firstname], [birthdate], [sex_id]) VALUES (N'16350121-5747', N'CGN', N'Clements', N'Gwendolyn', CAST(N'1962-09-17T00:00:00.000' AS DateTime), 2)
	INSERT [dbo].[employees] ([contractnumber], [acronym], [lastname], [firstname], [birthdate], [sex_id]) VALUES (N'16591007-1934', N'DOR', N'Drake', N'Oscar', CAST(N'1941-02-12T00:00:00.000' AS DateTime), 1)
	INSERT [dbo].[employees] ([contractnumber], [acronym], [lastname], [firstname], [birthdate], [sex_id]) VALUES (N'16800110-4523', N'RCE', N'Roberts', N'Cole', CAST(N'1969-08-16T00:00:00.000' AS DateTime), 1)
	INSERT [dbo].[employees] ([contractnumber], [acronym], [lastname], [firstname], [birthdate], [sex_id]) VALUES (N'16461120-7715', N'WAA', N'Williamson', N'Amena', CAST(N'1985-01-03T00:00:00.000' AS DateTime), 2)


    COMMIT TRANSACTION
  END TRY
  BEGIN CATCH
      ROLLBACK TRANSACTION
  END CATCH
GO

BEGIN TRANSACTION 
  BEGIN TRY

	SET IDENTITY_INSERT [dbo].[animals] ON 

	INSERT [dbo].[animals] ([id], [name], [birthdate], [lastfeed], [remark], [species_id], [sex_id], [pens_id], [mother_id], [father_id]) VALUES (1, N'Colt', CAST(N'2000-01-04' AS Date), CAST(N'2021-01-21T09:20:00.000' AS DateTime), NULL, 32, 1, 57, NULL, NULL)
	INSERT [dbo].[animals] ([id], [name], [birthdate], [lastfeed], [remark], [species_id], [sex_id], [pens_id], [mother_id], [father_id]) VALUES (2, N'Keaton', CAST(N'2000-03-08' AS Date), CAST(N'2021-01-21T10:20:00.000' AS DateTime), NULL, 26, 1, 62, NULL, NULL)
	INSERT [dbo].[animals] ([id], [name], [birthdate], [lastfeed], [remark], [species_id], [sex_id], [pens_id], [mother_id], [father_id]) VALUES (3, N'Callie', CAST(N'2000-03-12' AS Date), CAST(N'2021-01-21T12:10:00.000' AS DateTime), NULL, 37, 2, 28, NULL, NULL)
	INSERT [dbo].[animals] ([id], [name], [birthdate], [lastfeed], [remark], [species_id], [sex_id], [pens_id], [mother_id], [father_id]) VALUES (4, N'Keefe', CAST(N'2000-03-20' AS Date), CAST(N'2021-01-21T13:20:00.000' AS DateTime), NULL, 16, 1, 25, NULL, NULL)
	INSERT [dbo].[animals] ([id], [name], [birthdate], [lastfeed], [remark], [species_id], [sex_id], [pens_id], [mother_id], [father_id]) VALUES (5, N'Asher', CAST(N'2000-04-20' AS Date), CAST(N'2021-01-21T11:20:00.000' AS DateTime), NULL, 1, 1, 27, NULL, NULL)
	INSERT [dbo].[animals] ([id], [name], [birthdate], [lastfeed], [remark], [species_id], [sex_id], [pens_id], [mother_id], [father_id]) VALUES (6, N'Alexander', CAST(N'2000-05-30' AS Date), CAST(N'2021-01-21T09:30:00.000' AS DateTime), NULL, 5, 1, 61, NULL, NULL)
	INSERT [dbo].[animals] ([id], [name], [birthdate], [lastfeed], [remark], [species_id], [sex_id], [pens_id], [mother_id], [father_id]) VALUES (7, N'Cody', CAST(N'2000-06-12' AS Date), CAST(N'2021-01-21T14:50:00.000' AS DateTime), NULL, 3, 1, 49, NULL, NULL)
	INSERT [dbo].[animals] ([id], [name], [birthdate], [lastfeed], [remark], [species_id], [sex_id], [pens_id], [mother_id], [father_id]) VALUES (8, N'Evangeline', CAST(N'2000-08-16' AS Date), CAST(N'2021-01-21T15:00:00.000' AS DateTime), NULL, 12, 2, 52, NULL, NULL)
	INSERT [dbo].[animals] ([id], [name], [birthdate], [lastfeed], [remark], [species_id], [sex_id], [pens_id], [mother_id], [father_id]) VALUES (9, N'Nicholas', CAST(N'2000-09-23' AS Date), CAST(N'2021-01-21T09:30:00.000' AS DateTime), NULL, 5, 1, 61, NULL, NULL)
	INSERT [dbo].[animals] ([id], [name], [birthdate], [lastfeed], [remark], [species_id], [sex_id], [pens_id], [mother_id], [father_id]) VALUES (10, N'Aimee', CAST(N'2000-12-23' AS Date), CAST(N'2021-01-21T15:50:00.000' AS DateTime), NULL, 10, 2, 72, NULL, NULL)
	INSERT [dbo].[animals] ([id], [name], [birthdate], [lastfeed], [remark], [species_id], [sex_id], [pens_id], [mother_id], [father_id]) VALUES (11, N'Jordan', CAST(N'2001-01-23' AS Date), CAST(N'2021-01-21T09:20:00.000' AS DateTime), NULL, 35, 2, 97, NULL, NULL)
	INSERT [dbo].[animals] ([id], [name], [birthdate], [lastfeed], [remark], [species_id], [sex_id], [pens_id], [mother_id], [father_id]) VALUES (12, N'Mark', CAST(N'2001-02-28' AS Date), CAST(N'2021-01-21T09:40:00.000' AS DateTime), NULL, 14, 1, 48, NULL, NULL)
	INSERT [dbo].[animals] ([id], [name], [birthdate], [lastfeed], [remark], [species_id], [sex_id], [pens_id], [mother_id], [father_id]) VALUES (13, N'Noelle', CAST(N'2001-03-25' AS Date), CAST(N'2021-01-21T10:50:00.000' AS DateTime), NULL, 7, 2, 93, NULL, NULL)
	INSERT [dbo].[animals] ([id], [name], [birthdate], [lastfeed], [remark], [species_id], [sex_id], [pens_id], [mother_id], [father_id]) VALUES (14, N'Kareem', CAST(N'2001-04-28' AS Date), CAST(N'2021-01-21T11:20:00.000' AS DateTime), NULL, 1, 1, 27, NULL, NULL)
	INSERT [dbo].[animals] ([id], [name], [birthdate], [lastfeed], [remark], [species_id], [sex_id], [pens_id], [mother_id], [father_id]) VALUES (15, N'Norman', CAST(N'2001-08-26' AS Date), CAST(N'2021-01-21T11:25:00.000' AS DateTime), NULL, 31, 1, 64, NULL, NULL)
	INSERT [dbo].[animals] ([id], [name], [birthdate], [lastfeed], [remark], [species_id], [sex_id], [pens_id], [mother_id], [father_id]) VALUES (16, N'Chase', CAST(N'2001-09-02' AS Date), CAST(N'2021-01-21T16:45:00.000' AS DateTime), NULL, 9, 1, 69, NULL, NULL)
	INSERT [dbo].[animals] ([id], [name], [birthdate], [lastfeed], [remark], [species_id], [sex_id], [pens_id], [mother_id], [father_id]) VALUES (17, N'Mannix', CAST(N'2001-09-12' AS Date), CAST(N'2021-01-21T09:30:00.000' AS DateTime), NULL, 5, 1, 61, NULL, NULL)
	INSERT [dbo].[animals] ([id], [name], [birthdate], [lastfeed], [remark], [species_id], [sex_id], [pens_id], [mother_id], [father_id]) VALUES (18, N'Arden', CAST(N'2001-11-07' AS Date), CAST(N'2021-01-21T14:00:00.000' AS DateTime), NULL, 20, 1, 89, NULL, NULL)
	INSERT [dbo].[animals] ([id], [name], [birthdate], [lastfeed], [remark], [species_id], [sex_id], [pens_id], [mother_id], [father_id]) VALUES (19, N'Aquila', CAST(N'2001-12-14' AS Date), CAST(N'2021-01-21T16:30:00.000' AS DateTime), NULL, 25, 1, 90, NULL, NULL)
	INSERT [dbo].[animals] ([id], [name], [birthdate], [lastfeed], [remark], [species_id], [sex_id], [pens_id], [mother_id], [father_id]) VALUES (20, N'Zephyr', CAST(N'2002-02-27' AS Date), CAST(N'2021-01-21T12:10:00.000' AS DateTime), NULL, 37, 1, 28, 3, NULL)
	INSERT [dbo].[animals] ([id], [name], [birthdate], [lastfeed], [remark], [species_id], [sex_id], [pens_id], [mother_id], [father_id]) VALUES (21, N'Dominic', CAST(N'2002-06-29' AS Date), CAST(N'2021-01-21T09:20:00.000' AS DateTime), NULL, 35, 1, 97, NULL, NULL)
	INSERT [dbo].[animals] ([id], [name], [birthdate], [lastfeed], [remark], [species_id], [sex_id], [pens_id], [mother_id], [father_id]) VALUES (22, N'Zephania', CAST(N'2002-09-06' AS Date), CAST(N'2021-01-21T09:30:00.000' AS DateTime), NULL, 5, 1, 61, NULL, NULL)
	INSERT [dbo].[animals] ([id], [name], [birthdate], [lastfeed], [remark], [species_id], [sex_id], [pens_id], [mother_id], [father_id]) VALUES (23, N'Isabelle', CAST(N'2002-09-12' AS Date), CAST(N'2021-01-21T09:40:00.000' AS DateTime), NULL, 14, 2, 48, NULL, NULL)
	INSERT [dbo].[animals] ([id], [name], [birthdate], [lastfeed], [remark], [species_id], [sex_id], [pens_id], [mother_id], [father_id]) VALUES (24, N'Louis', CAST(N'2002-10-12' AS Date), CAST(N'2021-01-21T10:50:00.000' AS DateTime), NULL, 7, 1, 93, NULL, NULL)
	INSERT [dbo].[animals] ([id], [name], [birthdate], [lastfeed], [remark], [species_id], [sex_id], [pens_id], [mother_id], [father_id]) VALUES (25, N'Zeph', CAST(N'2002-11-20' AS Date), CAST(N'2021-01-21T11:35:00.000' AS DateTime), NULL, 6, 1, 59, NULL, NULL)
	INSERT [dbo].[animals] ([id], [name], [birthdate], [lastfeed], [remark], [species_id], [sex_id], [pens_id], [mother_id], [father_id]) VALUES (26, N'Isabelle', CAST(N'2003-01-06' AS Date), CAST(N'2021-01-21T09:15:00.000' AS DateTime), NULL, 38, 2, 66, NULL, NULL)
	INSERT [dbo].[animals] ([id], [name], [birthdate], [lastfeed], [remark], [species_id], [sex_id], [pens_id], [mother_id], [father_id]) VALUES (27, N'Leo', CAST(N'2003-01-19' AS Date), CAST(N'2021-01-21T14:50:00.000' AS DateTime), NULL, 3, 1, 49, NULL, NULL)
	INSERT [dbo].[animals] ([id], [name], [birthdate], [lastfeed], [remark], [species_id], [sex_id], [pens_id], [mother_id], [father_id]) VALUES (28, N'Keely', CAST(N'2003-02-26' AS Date), CAST(N'2021-01-21T12:05:00.000' AS DateTime), NULL, 2, 2, 55, NULL, NULL)
	INSERT [dbo].[animals] ([id], [name], [birthdate], [lastfeed], [remark], [species_id], [sex_id], [pens_id], [mother_id], [father_id]) VALUES (29, N'Hedy', CAST(N'2003-03-24' AS Date), CAST(N'2021-01-21T11:35:00.000' AS DateTime), NULL, 6, 2, 59, NULL, NULL)
	INSERT [dbo].[animals] ([id], [name], [birthdate], [lastfeed], [remark], [species_id], [sex_id], [pens_id], [mother_id], [father_id]) VALUES (30, N'Richard', CAST(N'2003-05-09' AS Date), CAST(N'2021-01-21T11:25:00.000' AS DateTime), NULL, 23, 1, 63, NULL, NULL)
	INSERT [dbo].[animals] ([id], [name], [birthdate], [lastfeed], [remark], [species_id], [sex_id], [pens_id], [mother_id], [father_id]) VALUES (31, N'Joan', CAST(N'2003-09-08' AS Date), CAST(N'2021-01-21T13:15:00.000' AS DateTime), NULL, 34, 2, 53, NULL, NULL)
	INSERT [dbo].[animals] ([id], [name], [birthdate], [lastfeed], [remark], [species_id], [sex_id], [pens_id], [mother_id], [father_id]) VALUES (32, N'Brooke', CAST(N'2003-09-29' AS Date), CAST(N'2021-01-21T11:20:00.000' AS DateTime), NULL, 1, 2, 27, NULL, NULL)
	INSERT [dbo].[animals] ([id], [name], [birthdate], [lastfeed], [remark], [species_id], [sex_id], [pens_id], [mother_id], [father_id]) VALUES (33, N'Tyrone', CAST(N'2003-10-22' AS Date), CAST(N'2021-01-21T09:40:00.000' AS DateTime), NULL, 14, 1, 48, NULL, NULL)
	INSERT [dbo].[animals] ([id], [name], [birthdate], [lastfeed], [remark], [species_id], [sex_id], [pens_id], [mother_id], [father_id]) VALUES (34, N'Medge', CAST(N'2003-11-26' AS Date), CAST(N'2021-01-21T11:35:00.000' AS DateTime), NULL, 6, 2, 59, NULL, NULL)
	INSERT [dbo].[animals] ([id], [name], [birthdate], [lastfeed], [remark], [species_id], [sex_id], [pens_id], [mother_id], [father_id]) VALUES (35, N'Lev', CAST(N'2008-11-24' AS Date), CAST(N'2021-01-21T14:00:00.000' AS DateTime), NULL, 20, 1, 89, 85, 18)
	INSERT [dbo].[animals] ([id], [name], [birthdate], [lastfeed], [remark], [species_id], [sex_id], [pens_id], [mother_id], [father_id]) VALUES (36, N'Jacqueline', CAST(N'2004-03-13' AS Date), CAST(N'2021-01-21T11:20:00.000' AS DateTime), NULL, 1, 2, 27, NULL, NULL)
	INSERT [dbo].[animals] ([id], [name], [birthdate], [lastfeed], [remark], [species_id], [sex_id], [pens_id], [mother_id], [father_id]) VALUES (37, N'Gary', CAST(N'2004-03-18' AS Date), CAST(N'2021-01-21T13:15:00.000' AS DateTime), NULL, 34, 1, 53, NULL, NULL)
	INSERT [dbo].[animals] ([id], [name], [birthdate], [lastfeed], [remark], [species_id], [sex_id], [pens_id], [mother_id], [father_id]) VALUES (38, N'Alfreda', CAST(N'2004-03-25' AS Date), CAST(N'2021-01-21T09:30:00.000' AS DateTime), NULL, 5, 2, 61, NULL, NULL)
	INSERT [dbo].[animals] ([id], [name], [birthdate], [lastfeed], [remark], [species_id], [sex_id], [pens_id], [mother_id], [father_id]) VALUES (39, N'Ian', CAST(N'2004-04-03' AS Date), CAST(N'2021-01-21T16:45:00.000' AS DateTime), NULL, 9, 1, 69, NULL, NULL)
	INSERT [dbo].[animals] ([id], [name], [birthdate], [lastfeed], [remark], [species_id], [sex_id], [pens_id], [mother_id], [father_id]) VALUES (40, N'Jade', CAST(N'2004-04-30' AS Date), CAST(N'2021-01-21T09:20:00.000' AS DateTime), NULL, 18, 2, 46, NULL, NULL)
	INSERT [dbo].[animals] ([id], [name], [birthdate], [lastfeed], [remark], [species_id], [sex_id], [pens_id], [mother_id], [father_id]) VALUES (41, N'Bethany', CAST(N'2004-05-28' AS Date), CAST(N'2021-01-21T15:00:00.000' AS DateTime), NULL, 12, 2, 52, 8, 1)
	INSERT [dbo].[animals] ([id], [name], [birthdate], [lastfeed], [remark], [species_id], [sex_id], [pens_id], [mother_id], [father_id]) VALUES (42, N'Sylvia', CAST(N'2004-06-03' AS Date), CAST(N'2021-01-21T11:15:00.000' AS DateTime), NULL, 15, 2, 88, NULL, NULL)
	INSERT [dbo].[animals] ([id], [name], [birthdate], [lastfeed], [remark], [species_id], [sex_id], [pens_id], [mother_id], [father_id]) VALUES (43, N'Leigh', CAST(N'2004-07-13' AS Date), CAST(N'2021-01-21T09:15:00.000' AS DateTime), NULL, 38, 2, 66, NULL, NULL)
	INSERT [dbo].[animals] ([id], [name], [birthdate], [lastfeed], [remark], [species_id], [sex_id], [pens_id], [mother_id], [father_id]) VALUES (44, N'Damon', CAST(N'2004-09-01' AS Date), CAST(N'2021-01-21T09:20:00.000' AS DateTime), NULL, 18, 1, 46, NULL, NULL)
	INSERT [dbo].[animals] ([id], [name], [birthdate], [lastfeed], [remark], [species_id], [sex_id], [pens_id], [mother_id], [father_id]) VALUES (45, N'Jerome', CAST(N'2004-09-23' AS Date), CAST(N'2021-01-21T10:30:00.000' AS DateTime), NULL, 8, 1, 86, NULL, NULL)
	INSERT [dbo].[animals] ([id], [name], [birthdate], [lastfeed], [remark], [species_id], [sex_id], [pens_id], [mother_id], [father_id]) VALUES (46, N'Chandler', CAST(N'2004-11-07' AS Date), CAST(N'2021-01-21T13:20:00.000' AS DateTime), NULL, 16, 1, 25, NULL, NULL)
	INSERT [dbo].[animals] ([id], [name], [birthdate], [lastfeed], [remark], [species_id], [sex_id], [pens_id], [mother_id], [father_id]) VALUES (47, N'Yvette', CAST(N'2004-12-04' AS Date), CAST(N'2021-01-21T11:25:00.000' AS DateTime), NULL, 23, 2, 63, NULL, NULL)
	INSERT [dbo].[animals] ([id], [name], [birthdate], [lastfeed], [remark], [species_id], [sex_id], [pens_id], [mother_id], [father_id]) VALUES (48, N'Jayme', CAST(N'2004-12-30' AS Date), CAST(N'2021-01-21T11:15:00.000' AS DateTime), NULL, 15, 2, 88, NULL, NULL)
	INSERT [dbo].[animals] ([id], [name], [birthdate], [lastfeed], [remark], [species_id], [sex_id], [pens_id], [mother_id], [father_id]) VALUES (49, N'Isabelle', CAST(N'2005-01-29' AS Date), CAST(N'2021-01-21T16:10:00.000' AS DateTime), NULL, 4, 2, 54, NULL, NULL)
	INSERT [dbo].[animals] ([id], [name], [birthdate], [lastfeed], [remark], [species_id], [sex_id], [pens_id], [mother_id], [father_id]) VALUES (50, N'Ezra', CAST(N'2005-05-31' AS Date), CAST(N'2021-01-21T11:45:00.000' AS DateTime), NULL, 39, 1, 43, 26, 100)
	INSERT [dbo].[animals] ([id], [name], [birthdate], [lastfeed], [remark], [species_id], [sex_id], [pens_id], [mother_id], [father_id]) VALUES (51, N'Hyacinth', CAST(N'2005-06-21' AS Date), CAST(N'2021-01-21T15:50:00.000' AS DateTime), NULL, 10, 2, 72, NULL, NULL)
	INSERT [dbo].[animals] ([id], [name], [birthdate], [lastfeed], [remark], [species_id], [sex_id], [pens_id], [mother_id], [father_id]) VALUES (52, N'Carl', CAST(N'2005-09-02' AS Date), CAST(N'2021-01-21T09:20:00.000' AS DateTime), NULL, 32, 1, 57, NULL, NULL)
	INSERT [dbo].[animals] ([id], [name], [birthdate], [lastfeed], [remark], [species_id], [sex_id], [pens_id], [mother_id], [father_id]) VALUES (53, N'Jane', CAST(N'2005-11-30' AS Date), CAST(N'2021-01-21T13:15:00.000' AS DateTime), NULL, 19, 2, 67, NULL, NULL)
	INSERT [dbo].[animals] ([id], [name], [birthdate], [lastfeed], [remark], [species_id], [sex_id], [pens_id], [mother_id], [father_id]) VALUES (54, N'Brenda', CAST(N'2006-01-31' AS Date), CAST(N'2021-01-21T09:20:00.000' AS DateTime), NULL, 18, 2, 46, NULL, NULL)
	INSERT [dbo].[animals] ([id], [name], [birthdate], [lastfeed], [remark], [species_id], [sex_id], [pens_id], [mother_id], [father_id]) VALUES (55, N'Connor', CAST(N'2006-03-16' AS Date), CAST(N'2021-01-21T13:15:00.000' AS DateTime), NULL, 34, 1, 53, NULL, NULL)
	INSERT [dbo].[animals] ([id], [name], [birthdate], [lastfeed], [remark], [species_id], [sex_id], [pens_id], [mother_id], [father_id]) VALUES (56, N'Mikayla', CAST(N'2006-04-01' AS Date), CAST(N'2021-01-21T16:50:00.000' AS DateTime), NULL, 13, 2, 95, NULL, NULL)
	INSERT [dbo].[animals] ([id], [name], [birthdate], [lastfeed], [remark], [species_id], [sex_id], [pens_id], [mother_id], [father_id]) VALUES (57, N'Indira', CAST(N'2006-04-16' AS Date), CAST(N'2021-01-21T12:05:00.000' AS DateTime), NULL, 2, 2, 55, 28, NULL)
	INSERT [dbo].[animals] ([id], [name], [birthdate], [lastfeed], [remark], [species_id], [sex_id], [pens_id], [mother_id], [father_id]) VALUES (58, N'Azalia', CAST(N'2006-09-22' AS Date), CAST(N'2021-01-21T16:10:00.000' AS DateTime), NULL, 4, 2, 54, NULL, NULL)
	INSERT [dbo].[animals] ([id], [name], [birthdate], [lastfeed], [remark], [species_id], [sex_id], [pens_id], [mother_id], [father_id]) VALUES (59, N'Melyssa', CAST(N'2006-09-29' AS Date), CAST(N'2021-01-21T16:45:00.000' AS DateTime), NULL, 9, 2, 69, NULL, NULL)
	INSERT [dbo].[animals] ([id], [name], [birthdate], [lastfeed], [remark], [species_id], [sex_id], [pens_id], [mother_id], [father_id]) VALUES (60, N'Hollee', CAST(N'2006-10-15' AS Date), CAST(N'2021-01-21T13:15:00.000' AS DateTime), NULL, 34, 2, 53, NULL, NULL)
	INSERT [dbo].[animals] ([id], [name], [birthdate], [lastfeed], [remark], [species_id], [sex_id], [pens_id], [mother_id], [father_id]) VALUES (61, N'Maggie', CAST(N'2006-10-26' AS Date), CAST(N'2021-01-21T09:40:00.000' AS DateTime), NULL, 14, 2, 48, 14, 12)
	INSERT [dbo].[animals] ([id], [name], [birthdate], [lastfeed], [remark], [species_id], [sex_id], [pens_id], [mother_id], [father_id]) VALUES (62, N'Nayda', CAST(N'2006-11-05' AS Date), CAST(N'2021-01-21T11:15:00.000' AS DateTime), NULL, 15, 2, 88, 42, NULL)
	INSERT [dbo].[animals] ([id], [name], [birthdate], [lastfeed], [remark], [species_id], [sex_id], [pens_id], [mother_id], [father_id]) VALUES (63, N'Paul', CAST(N'2006-12-16' AS Date), CAST(N'2021-01-21T12:05:00.000' AS DateTime), NULL, 2, 1, 55, NULL, NULL)
	INSERT [dbo].[animals] ([id], [name], [birthdate], [lastfeed], [remark], [species_id], [sex_id], [pens_id], [mother_id], [father_id]) VALUES (64, N'Emerson', CAST(N'2007-01-28' AS Date), CAST(N'2021-01-21T11:20:00.000' AS DateTime), NULL, 1, 1, 27, 32, 14)
	INSERT [dbo].[animals] ([id], [name], [birthdate], [lastfeed], [remark], [species_id], [sex_id], [pens_id], [mother_id], [father_id]) VALUES (65, N'Graham', CAST(N'2007-01-31' AS Date), CAST(N'2021-01-21T14:50:00.000' AS DateTime), NULL, 3, 1, 49, NULL, NULL)
	INSERT [dbo].[animals] ([id], [name], [birthdate], [lastfeed], [remark], [species_id], [sex_id], [pens_id], [mother_id], [father_id]) VALUES (66, N'Sean', CAST(N'2010-07-12' AS Date), CAST(N'2021-01-21T11:15:00.000' AS DateTime), NULL, 15, 1, 88, 48, NULL)
	INSERT [dbo].[animals] ([id], [name], [birthdate], [lastfeed], [remark], [species_id], [sex_id], [pens_id], [mother_id], [father_id]) VALUES (67, N'Cadman', CAST(N'2007-02-13' AS Date), CAST(N'2021-01-21T13:20:00.000' AS DateTime), NULL, 16, 1, 25, NULL, NULL)
	INSERT [dbo].[animals] ([id], [name], [birthdate], [lastfeed], [remark], [species_id], [sex_id], [pens_id], [mother_id], [father_id]) VALUES (68, N'Karina', CAST(N'2007-03-17' AS Date), CAST(N'2021-01-21T12:10:00.000' AS DateTime), NULL, 37, 2, 28, 3, 20)
	INSERT [dbo].[animals] ([id], [name], [birthdate], [lastfeed], [remark], [species_id], [sex_id], [pens_id], [mother_id], [father_id]) VALUES (69, N'Shafira', CAST(N'2007-03-21' AS Date), CAST(N'2021-01-21T16:10:00.000' AS DateTime), NULL, 4, 2, 54, NULL, NULL)
	INSERT [dbo].[animals] ([id], [name], [birthdate], [lastfeed], [remark], [species_id], [sex_id], [pens_id], [mother_id], [father_id]) VALUES (70, N'Celeste', CAST(N'2007-03-17' AS Date), CAST(N'2021-01-21T12:10:00.000' AS DateTime), NULL, 37, 2, 28, 3, 20)
	INSERT [dbo].[animals] ([id], [name], [birthdate], [lastfeed], [remark], [species_id], [sex_id], [pens_id], [mother_id], [father_id]) VALUES (71, N'Diana', CAST(N'2007-03-30' AS Date), CAST(N'2021-01-21T10:50:00.000' AS DateTime), NULL, 36, 2, 26, NULL, NULL)
	INSERT [dbo].[animals] ([id], [name], [birthdate], [lastfeed], [remark], [species_id], [sex_id], [pens_id], [mother_id], [father_id]) VALUES (72, N'Ruby', CAST(N'2007-04-05' AS Date), CAST(N'2021-01-21T16:00:00.000' AS DateTime), NULL, 27, 2, 39, NULL, NULL)
	INSERT [dbo].[animals] ([id], [name], [birthdate], [lastfeed], [remark], [species_id], [sex_id], [pens_id], [mother_id], [father_id]) VALUES (73, N'Malachi', CAST(N'2007-04-12' AS Date), CAST(N'2021-01-21T12:05:00.000' AS DateTime), NULL, 2, 1, 55, 57, NULL)
	INSERT [dbo].[animals] ([id], [name], [birthdate], [lastfeed], [remark], [species_id], [sex_id], [pens_id], [mother_id], [father_id]) VALUES (74, N'Shad', CAST(N'2007-04-27' AS Date), CAST(N'2021-01-21T10:30:00.000' AS DateTime), NULL, 8, 1, 86, NULL, 45)
	INSERT [dbo].[animals] ([id], [name], [birthdate], [lastfeed], [remark], [species_id], [sex_id], [pens_id], [mother_id], [father_id]) VALUES (75, N'Rama', CAST(N'2003-05-24' AS Date), CAST(N'2021-01-21T16:30:00.000' AS DateTime), NULL, 25, 2, 90, NULL, NULL)
	INSERT [dbo].[animals] ([id], [name], [birthdate], [lastfeed], [remark], [species_id], [sex_id], [pens_id], [mother_id], [father_id]) VALUES (76, N'Heidi', CAST(N'2007-05-27' AS Date), CAST(N'2021-01-21T12:05:00.000' AS DateTime), NULL, 2, 2, 55, NULL, NULL)
	INSERT [dbo].[animals] ([id], [name], [birthdate], [lastfeed], [remark], [species_id], [sex_id], [pens_id], [mother_id], [father_id]) VALUES (77, N'Marshall', CAST(N'2007-06-25' AS Date), CAST(N'2021-01-21T10:50:00.000' AS DateTime), NULL, 7, 1, 93, 13, 24)
	INSERT [dbo].[animals] ([id], [name], [birthdate], [lastfeed], [remark], [species_id], [sex_id], [pens_id], [mother_id], [father_id]) VALUES (78, N'Jerry', CAST(N'2007-06-25' AS Date), CAST(N'2021-01-21T10:50:00.000' AS DateTime), NULL, 7, 1, 93, 13, 24)
	INSERT [dbo].[animals] ([id], [name], [birthdate], [lastfeed], [remark], [species_id], [sex_id], [pens_id], [mother_id], [father_id]) VALUES (79, N'Nash', CAST(N'2004-12-04' AS Date), CAST(N'2021-01-21T13:15:00.000' AS DateTime), NULL, 19, 1, 67, NULL, NULL)
	INSERT [dbo].[animals] ([id], [name], [birthdate], [lastfeed], [remark], [species_id], [sex_id], [pens_id], [mother_id], [father_id]) VALUES (80, N'Ferdinand', CAST(N'2008-02-26' AS Date), CAST(N'2021-01-21T10:50:00.000' AS DateTime), NULL, 36, 1, 26, NULL, NULL)
	INSERT [dbo].[animals] ([id], [name], [birthdate], [lastfeed], [remark], [species_id], [sex_id], [pens_id], [mother_id], [father_id]) VALUES (81, N'Addison', CAST(N'2008-05-26' AS Date), CAST(N'2021-01-21T11:35:00.000' AS DateTime), NULL, 6, 1, 59, 29, 25)
	INSERT [dbo].[animals] ([id], [name], [birthdate], [lastfeed], [remark], [species_id], [sex_id], [pens_id], [mother_id], [father_id]) VALUES (82, N'Patricia', CAST(N'2008-06-17' AS Date), CAST(N'2021-01-21T09:30:00.000' AS DateTime), NULL, 5, 2, 61, NULL, NULL)
	INSERT [dbo].[animals] ([id], [name], [birthdate], [lastfeed], [remark], [species_id], [sex_id], [pens_id], [mother_id], [father_id]) VALUES (83, N'Paul', CAST(N'2008-07-26' AS Date), CAST(N'2021-01-21T11:20:00.000' AS DateTime), NULL, 1, 1, 27, NULL, NULL)
	INSERT [dbo].[animals] ([id], [name], [birthdate], [lastfeed], [remark], [species_id], [sex_id], [pens_id], [mother_id], [father_id]) VALUES (84, N'Fleur', CAST(N'2008-10-04' AS Date), CAST(N'2021-01-21T10:50:00.000' AS DateTime), NULL, 7, 2, 93, NULL, NULL)
	INSERT [dbo].[animals] ([id], [name], [birthdate], [lastfeed], [remark], [species_id], [sex_id], [pens_id], [mother_id], [father_id]) VALUES (85, N'Faith', CAST(N'2004-01-30' AS Date), CAST(N'2021-01-21T14:00:00.000' AS DateTime), NULL, 20, 2, 89, NULL, NULL)
	INSERT [dbo].[animals] ([id], [name], [birthdate], [lastfeed], [remark], [species_id], [sex_id], [pens_id], [mother_id], [father_id]) VALUES (86, N'Guinevere', CAST(N'2008-12-04' AS Date), CAST(N'2021-01-21T09:40:00.000' AS DateTime), NULL, 14, 2, 48, NULL, 33)
	INSERT [dbo].[animals] ([id], [name], [birthdate], [lastfeed], [remark], [species_id], [sex_id], [pens_id], [mother_id], [father_id]) VALUES (87, N'Baker', CAST(N'2008-12-14' AS Date), CAST(N'2021-01-21T16:50:00.000' AS DateTime), NULL, 13, 1, 95, NULL, NULL)
	INSERT [dbo].[animals] ([id], [name], [birthdate], [lastfeed], [remark], [species_id], [sex_id], [pens_id], [mother_id], [father_id]) VALUES (88, N'Jade', CAST(N'2008-12-17' AS Date), CAST(N'2021-01-21T13:15:00.000' AS DateTime), NULL, 30, 2, 22, NULL, NULL)
	INSERT [dbo].[animals] ([id], [name], [birthdate], [lastfeed], [remark], [species_id], [sex_id], [pens_id], [mother_id], [father_id]) VALUES (89, N'Felicia', CAST(N'2008-12-19' AS Date), CAST(N'2021-01-21T15:50:00.000' AS DateTime), NULL, 10, 2, 72, 10, NULL)
	INSERT [dbo].[animals] ([id], [name], [birthdate], [lastfeed], [remark], [species_id], [sex_id], [pens_id], [mother_id], [father_id]) VALUES (90, N'Flynn', CAST(N'2008-12-27' AS Date), CAST(N'2021-01-21T13:15:00.000' AS DateTime), NULL, 19, 1, 67, 53, 79)
	INSERT [dbo].[animals] ([id], [name], [birthdate], [lastfeed], [remark], [species_id], [sex_id], [pens_id], [mother_id], [father_id]) VALUES (91, N'Naida', CAST(N'2009-01-09' AS Date), CAST(N'2021-01-21T09:20:00.000' AS DateTime), NULL, 35, 2, 97, 11, 21)
	INSERT [dbo].[animals] ([id], [name], [birthdate], [lastfeed], [remark], [species_id], [sex_id], [pens_id], [mother_id], [father_id]) VALUES (92, N'Otto', CAST(N'2009-03-15' AS Date), CAST(N'2021-01-21T14:20:00.000' AS DateTime), NULL, 29, 1, 87, NULL, NULL)
	INSERT [dbo].[animals] ([id], [name], [birthdate], [lastfeed], [remark], [species_id], [sex_id], [pens_id], [mother_id], [father_id]) VALUES (93, N'Zorita', CAST(N'2009-07-09' AS Date), CAST(N'2021-01-21T09:05:00.000' AS DateTime), NULL, 28, 2, 47, NULL, NULL)
	INSERT [dbo].[animals] ([id], [name], [birthdate], [lastfeed], [remark], [species_id], [sex_id], [pens_id], [mother_id], [father_id]) VALUES (94, N'Libby', CAST(N'2009-10-13' AS Date), CAST(N'2021-01-21T15:50:00.000' AS DateTime), NULL, 10, 2, 72, 10, NULL)
	INSERT [dbo].[animals] ([id], [name], [birthdate], [lastfeed], [remark], [species_id], [sex_id], [pens_id], [mother_id], [father_id]) VALUES (95, N'Evangeline', CAST(N'2010-01-18' AS Date), CAST(N'2021-01-21T16:00:00.000' AS DateTime), NULL, 27, 2, 39, NULL, NULL)
	INSERT [dbo].[animals] ([id], [name], [birthdate], [lastfeed], [remark], [species_id], [sex_id], [pens_id], [mother_id], [father_id]) VALUES (96, N'Aimee', CAST(N'2010-05-03' AS Date), CAST(N'2021-01-21T09:40:00.000' AS DateTime), NULL, 14, 2, 48, NULL, NULL)
	INSERT [dbo].[animals] ([id], [name], [birthdate], [lastfeed], [remark], [species_id], [sex_id], [pens_id], [mother_id], [father_id]) VALUES (97, N'Thaddeus', CAST(N'2010-06-15' AS Date), CAST(N'2021-01-21T10:30:00.000' AS DateTime), NULL, 8, 1, 86, NULL, NULL)
	INSERT [dbo].[animals] ([id], [name], [birthdate], [lastfeed], [remark], [species_id], [sex_id], [pens_id], [mother_id], [father_id]) VALUES (98, N'Keefe', CAST(N'2010-07-01' AS Date), CAST(N'2021-01-21T10:20:00.000' AS DateTime), NULL, 26, 1, 62, NULL, NULL)
	INSERT [dbo].[animals] ([id], [name], [birthdate], [lastfeed], [remark], [species_id], [sex_id], [pens_id], [mother_id], [father_id]) VALUES (99, N'Cheryl', CAST(N'2010-07-12' AS Date), CAST(N'2021-01-21T11:15:00.000' AS DateTime), NULL, 15, 2, 88, 48, NULL)
	INSERT [dbo].[animals] ([id], [name], [birthdate], [lastfeed], [remark], [species_id], [sex_id], [pens_id], [mother_id], [father_id]) VALUES (100, N'Timothy', CAST(N'2010-07-13' AS Date), CAST(N'2021-01-21T09:15:00.000' AS DateTime), NULL, 38, 1, 66, 43, NULL)
	INSERT [dbo].[animals] ([id], [name], [birthdate], [lastfeed], [remark], [species_id], [sex_id], [pens_id], [mother_id], [father_id]) VALUES (101, N'Castor', CAST(N'2010-07-22' AS Date), CAST(N'2021-01-21T11:15:00.000' AS DateTime), NULL, 21, 1, 58, NULL, NULL)
	INSERT [dbo].[animals] ([id], [name], [birthdate], [lastfeed], [remark], [species_id], [sex_id], [pens_id], [mother_id], [father_id]) VALUES (102, N'Ryan', CAST(N'2010-09-02' AS Date), CAST(N'2021-01-21T11:25:00.000' AS DateTime), NULL, 31, 1, 64, NULL, NULL)
	INSERT [dbo].[animals] ([id], [name], [birthdate], [lastfeed], [remark], [species_id], [sex_id], [pens_id], [mother_id], [father_id]) VALUES (103, N'Uriah', CAST(N'2010-12-27' AS Date), CAST(N'2021-01-21T09:20:00.000' AS DateTime), NULL, 18, 2, 46, 40, 44)
	INSERT [dbo].[animals] ([id], [name], [birthdate], [lastfeed], [remark], [species_id], [sex_id], [pens_id], [mother_id], [father_id]) VALUES (104, N'Herman', CAST(N'2011-01-07' AS Date), CAST(N'2021-01-21T15:50:00.000' AS DateTime), NULL, 10, 1, 72, 89, NULL)
	INSERT [dbo].[animals] ([id], [name], [birthdate], [lastfeed], [remark], [species_id], [sex_id], [pens_id], [mother_id], [father_id]) VALUES (105, N'Thomas', CAST(N'2011-02-22' AS Date), CAST(N'2021-01-21T16:30:00.000' AS DateTime), NULL, 25, 1, 90, 75, 19)
	INSERT [dbo].[animals] ([id], [name], [birthdate], [lastfeed], [remark], [species_id], [sex_id], [pens_id], [mother_id], [father_id]) VALUES (106, N'Gregory', CAST(N'2011-07-06' AS Date), CAST(N'2021-01-21T10:50:00.000' AS DateTime), NULL, 36, 1, 26, 71, 80)
	INSERT [dbo].[animals] ([id], [name], [birthdate], [lastfeed], [remark], [species_id], [sex_id], [pens_id], [mother_id], [father_id]) VALUES (107, N'Melissa', CAST(N'2011-07-10' AS Date), CAST(N'2021-01-21T14:20:00.000' AS DateTime), NULL, 29, 2, 87, NULL, NULL)
	INSERT [dbo].[animals] ([id], [name], [birthdate], [lastfeed], [remark], [species_id], [sex_id], [pens_id], [mother_id], [father_id]) VALUES (108, N'Porter', CAST(N'2011-09-15' AS Date), CAST(N'2021-01-21T15:50:00.000' AS DateTime), NULL, 10, 1, 72, 51, NULL)
	INSERT [dbo].[animals] ([id], [name], [birthdate], [lastfeed], [remark], [species_id], [sex_id], [pens_id], [mother_id], [father_id]) VALUES (109, N'Cameron', CAST(N'2011-10-09' AS Date), CAST(N'2021-01-21T13:15:00.000' AS DateTime), NULL, 34, 1, 53, NULL, NULL)
	INSERT [dbo].[animals] ([id], [name], [birthdate], [lastfeed], [remark], [species_id], [sex_id], [pens_id], [mother_id], [father_id]) VALUES (110, N'Alan', CAST(N'2011-10-10' AS Date), CAST(N'2021-01-21T11:20:00.000' AS DateTime), NULL, 1, 1, 27, 32, 14)
	INSERT [dbo].[animals] ([id], [name], [birthdate], [lastfeed], [remark], [species_id], [sex_id], [pens_id], [mother_id], [father_id]) VALUES (111, N'Iola', CAST(N'2011-12-26' AS Date), CAST(N'2021-01-21T16:50:00.000' AS DateTime), NULL, 13, 2, 95, NULL, NULL)
	INSERT [dbo].[animals] ([id], [name], [birthdate], [lastfeed], [remark], [species_id], [sex_id], [pens_id], [mother_id], [father_id]) VALUES (112, N'Ashton', CAST(N'2012-02-16' AS Date), CAST(N'2021-01-21T13:15:00.000' AS DateTime), NULL, 34, 1, 53, NULL, NULL)
	INSERT [dbo].[animals] ([id], [name], [birthdate], [lastfeed], [remark], [species_id], [sex_id], [pens_id], [mother_id], [father_id]) VALUES (113, N'Alvin', CAST(N'2012-03-09' AS Date), CAST(N'2021-01-21T09:30:00.000' AS DateTime), NULL, 5, 1, 61, NULL, NULL)
	INSERT [dbo].[animals] ([id], [name], [birthdate], [lastfeed], [remark], [species_id], [sex_id], [pens_id], [mother_id], [father_id]) VALUES (114, N'Dylan', CAST(N'2012-03-26' AS Date), CAST(N'2021-01-21T16:50:00.000' AS DateTime), NULL, 13, 1, 95, NULL, NULL)
	INSERT [dbo].[animals] ([id], [name], [birthdate], [lastfeed], [remark], [species_id], [sex_id], [pens_id], [mother_id], [father_id]) VALUES (115, N'Guinevere', CAST(N'2012-04-21' AS Date), CAST(N'2021-01-21T10:20:00.000' AS DateTime), NULL, 26, 2, 62, NULL, NULL)
	INSERT [dbo].[animals] ([id], [name], [birthdate], [lastfeed], [remark], [species_id], [sex_id], [pens_id], [mother_id], [father_id]) VALUES (116, N'Mallory', CAST(N'2012-05-13' AS Date), CAST(N'2021-01-21T09:20:00.000' AS DateTime), NULL, 32, 2, 57, NULL, NULL)
	INSERT [dbo].[animals] ([id], [name], [birthdate], [lastfeed], [remark], [species_id], [sex_id], [pens_id], [mother_id], [father_id]) VALUES (117, N'Cecilia', CAST(N'2012-08-13' AS Date), CAST(N'2021-01-21T11:20:00.000' AS DateTime), NULL, 1, 2, 27, NULL, NULL)
	INSERT [dbo].[animals] ([id], [name], [birthdate], [lastfeed], [remark], [species_id], [sex_id], [pens_id], [mother_id], [father_id]) VALUES (118, N'Uta', CAST(N'2012-09-02' AS Date), CAST(N'2021-01-21T16:50:00.000' AS DateTime), NULL, 13, 2, 95, NULL, NULL)
	INSERT [dbo].[animals] ([id], [name], [birthdate], [lastfeed], [remark], [species_id], [sex_id], [pens_id], [mother_id], [father_id]) VALUES (119, N'Dawn', CAST(N'2012-10-14' AS Date), CAST(N'2021-01-21T10:50:00.000' AS DateTime), NULL, 7, 2, 93, NULL, 77)
	INSERT [dbo].[animals] ([id], [name], [birthdate], [lastfeed], [remark], [species_id], [sex_id], [pens_id], [mother_id], [father_id]) VALUES (120, N'Cameron', CAST(N'2012-11-01' AS Date), CAST(N'2021-01-21T12:05:00.000' AS DateTime), NULL, 2, 2, 55, 28, 73)
	INSERT [dbo].[animals] ([id], [name], [birthdate], [lastfeed], [remark], [species_id], [sex_id], [pens_id], [mother_id], [father_id]) VALUES (121, N'Emily', CAST(N'2013-08-29' AS Date), CAST(N'2021-01-21T09:30:00.000' AS DateTime), NULL, 5, 2, 61, 38, NULL)
	INSERT [dbo].[animals] ([id], [name], [birthdate], [lastfeed], [remark], [species_id], [sex_id], [pens_id], [mother_id], [father_id]) VALUES (122, N'Anne', CAST(N'2012-12-04' AS Date), CAST(N'2021-01-21T11:35:00.000' AS DateTime), NULL, 6, 2, 59, 34, 25)
	INSERT [dbo].[animals] ([id], [name], [birthdate], [lastfeed], [remark], [species_id], [sex_id], [pens_id], [mother_id], [father_id]) VALUES (123, N'Leroy', CAST(N'2013-01-03' AS Date), CAST(N'2021-01-21T16:10:00.000' AS DateTime), NULL, 4, 1, 54, NULL, NULL)
	INSERT [dbo].[animals] ([id], [name], [birthdate], [lastfeed], [remark], [species_id], [sex_id], [pens_id], [mother_id], [father_id]) VALUES (124, N'Roary', CAST(N'2013-03-24' AS Date), CAST(N'2021-01-21T16:30:00.000' AS DateTime), NULL, 25, 2, 90, 75, 19)
	INSERT [dbo].[animals] ([id], [name], [birthdate], [lastfeed], [remark], [species_id], [sex_id], [pens_id], [mother_id], [father_id]) VALUES (125, N'Zahir', CAST(N'2013-03-31' AS Date), CAST(N'2021-01-21T11:20:00.000' AS DateTime), NULL, 1, 1, 27, 32, 14)
	INSERT [dbo].[animals] ([id], [name], [birthdate], [lastfeed], [remark], [species_id], [sex_id], [pens_id], [mother_id], [father_id]) VALUES (126, N'Evan', CAST(N'2013-04-15' AS Date), CAST(N'2021-01-21T11:20:00.000' AS DateTime), NULL, 1, 1, 27, NULL, NULL)
	INSERT [dbo].[animals] ([id], [name], [birthdate], [lastfeed], [remark], [species_id], [sex_id], [pens_id], [mother_id], [father_id]) VALUES (127, N'Isabelle', CAST(N'2013-06-09' AS Date), CAST(N'2021-01-21T09:40:00.000' AS DateTime), NULL, 24, 2, 84, NULL, NULL)
	INSERT [dbo].[animals] ([id], [name], [birthdate], [lastfeed], [remark], [species_id], [sex_id], [pens_id], [mother_id], [father_id]) VALUES (128, N'Francis', CAST(N'2013-06-20' AS Date), CAST(N'2021-01-21T14:20:00.000' AS DateTime), NULL, 29, 1, 87, NULL, NULL)
	INSERT [dbo].[animals] ([id], [name], [birthdate], [lastfeed], [remark], [species_id], [sex_id], [pens_id], [mother_id], [father_id]) VALUES (129, N'Brandon', CAST(N'2013-08-29' AS Date), CAST(N'2021-01-21T09:30:00.000' AS DateTime), NULL, 5, 1, 61, 38, NULL)
	INSERT [dbo].[animals] ([id], [name], [birthdate], [lastfeed], [remark], [species_id], [sex_id], [pens_id], [mother_id], [father_id]) VALUES (130, N'Helen', CAST(N'2013-12-19' AS Date), CAST(N'2021-01-21T11:20:00.000' AS DateTime), NULL, 1, 2, 27, 36, 5)
	INSERT [dbo].[animals] ([id], [name], [birthdate], [lastfeed], [remark], [species_id], [sex_id], [pens_id], [mother_id], [father_id]) VALUES (131, N'Patience', CAST(N'2013-12-21' AS Date), CAST(N'2021-01-21T11:15:00.000' AS DateTime), NULL, 21, 2, 58, NULL, NULL)
	INSERT [dbo].[animals] ([id], [name], [birthdate], [lastfeed], [remark], [species_id], [sex_id], [pens_id], [mother_id], [father_id]) VALUES (132, N'Amela', CAST(N'2013-12-29' AS Date), CAST(N'2021-01-21T16:50:00.000' AS DateTime), NULL, 13, 2, 95, NULL, NULL)
	INSERT [dbo].[animals] ([id], [name], [birthdate], [lastfeed], [remark], [species_id], [sex_id], [pens_id], [mother_id], [father_id]) VALUES (133, N'Ignatius', CAST(N'2014-01-28' AS Date), CAST(N'2021-01-21T13:15:00.000' AS DateTime), NULL, 30, 1, 22, NULL, NULL)
	INSERT [dbo].[animals] ([id], [name], [birthdate], [lastfeed], [remark], [species_id], [sex_id], [pens_id], [mother_id], [father_id]) VALUES (134, N'Griffin', CAST(N'2014-02-08' AS Date), CAST(N'2021-01-21T09:40:00.000' AS DateTime), NULL, 24, 1, 84, NULL, NULL)
	INSERT [dbo].[animals] ([id], [name], [birthdate], [lastfeed], [remark], [species_id], [sex_id], [pens_id], [mother_id], [father_id]) VALUES (135, N'Gisela', CAST(N'2014-04-16' AS Date), CAST(N'2021-01-21T13:20:00.000' AS DateTime), NULL, 16, 2, 25, NULL, 46)
	INSERT [dbo].[animals] ([id], [name], [birthdate], [lastfeed], [remark], [species_id], [sex_id], [pens_id], [mother_id], [father_id]) VALUES (136, N'Remedios', CAST(N'2014-05-29' AS Date), CAST(N'2021-01-21T09:40:00.000' AS DateTime), NULL, 14, 2, 48, 14, 12)
	INSERT [dbo].[animals] ([id], [name], [birthdate], [lastfeed], [remark], [species_id], [sex_id], [pens_id], [mother_id], [father_id]) VALUES (137, N'Orli', CAST(N'2014-06-03' AS Date), CAST(N'2021-01-21T11:35:00.000' AS DateTime), NULL, 6, 2, 59, NULL, NULL)
	INSERT [dbo].[animals] ([id], [name], [birthdate], [lastfeed], [remark], [species_id], [sex_id], [pens_id], [mother_id], [father_id]) VALUES (138, N'Judah', CAST(N'2014-07-08' AS Date), CAST(N'2021-01-21T10:20:00.000' AS DateTime), NULL, 26, 1, 62, 115, 98)
	INSERT [dbo].[animals] ([id], [name], [birthdate], [lastfeed], [remark], [species_id], [sex_id], [pens_id], [mother_id], [father_id]) VALUES (139, N'Caldwell', CAST(N'2014-08-12' AS Date), CAST(N'2021-01-21T11:15:00.000' AS DateTime), NULL, 15, 1, 88, NULL, NULL)
	INSERT [dbo].[animals] ([id], [name], [birthdate], [lastfeed], [remark], [species_id], [sex_id], [pens_id], [mother_id], [father_id]) VALUES (140, N'Drake', CAST(N'2014-08-25' AS Date), CAST(N'2021-01-21T11:35:00.000' AS DateTime), NULL, 6, 1, 59, NULL, NULL)
	INSERT [dbo].[animals] ([id], [name], [birthdate], [lastfeed], [remark], [species_id], [sex_id], [pens_id], [mother_id], [father_id]) VALUES (141, N'Dakota', CAST(N'2014-08-26' AS Date), CAST(N'2021-01-21T12:10:00.000' AS DateTime), NULL, 17, 2, 24, NULL, NULL)
	INSERT [dbo].[animals] ([id], [name], [birthdate], [lastfeed], [remark], [species_id], [sex_id], [pens_id], [mother_id], [father_id]) VALUES (142, N'Hayes', CAST(N'2014-09-14' AS Date), CAST(N'2021-01-21T16:10:00.000' AS DateTime), NULL, 33, 1, 21, NULL, NULL)
	INSERT [dbo].[animals] ([id], [name], [birthdate], [lastfeed], [remark], [species_id], [sex_id], [pens_id], [mother_id], [father_id]) VALUES (143, N'Mari', CAST(N'2014-10-12' AS Date), CAST(N'2021-01-21T09:30:00.000' AS DateTime), NULL, 5, 2, 61, NULL, NULL)
	INSERT [dbo].[animals] ([id], [name], [birthdate], [lastfeed], [remark], [species_id], [sex_id], [pens_id], [mother_id], [father_id]) VALUES (144, N'Claudia', CAST(N'2014-10-21' AS Date), CAST(N'2021-01-21T10:30:00.000' AS DateTime), NULL, 8, 2, 86, NULL, 97)
	INSERT [dbo].[animals] ([id], [name], [birthdate], [lastfeed], [remark], [species_id], [sex_id], [pens_id], [mother_id], [father_id]) VALUES (145, N'Hanae', CAST(N'2014-11-06' AS Date), CAST(N'2021-01-21T09:20:00.000' AS DateTime), NULL, 35, 2, 97, 11, 21)
	INSERT [dbo].[animals] ([id], [name], [birthdate], [lastfeed], [remark], [species_id], [sex_id], [pens_id], [mother_id], [father_id]) VALUES (146, N'Dorothy', CAST(N'2014-11-17' AS Date), CAST(N'2021-01-21T10:50:00.000' AS DateTime), NULL, 7, 2, 93, 84, NULL)
	INSERT [dbo].[animals] ([id], [name], [birthdate], [lastfeed], [remark], [species_id], [sex_id], [pens_id], [mother_id], [father_id]) VALUES (147, N'Burke', CAST(N'2014-11-18' AS Date), CAST(N'2021-01-21T14:50:00.000' AS DateTime), NULL, 3, 1, 49, NULL, 27)
	INSERT [dbo].[animals] ([id], [name], [birthdate], [lastfeed], [remark], [species_id], [sex_id], [pens_id], [mother_id], [father_id]) VALUES (148, N'Preston', CAST(N'2014-12-11' AS Date), CAST(N'2021-01-21T09:20:00.000' AS DateTime), NULL, 18, 1, 46, 40, 44)
	INSERT [dbo].[animals] ([id], [name], [birthdate], [lastfeed], [remark], [species_id], [sex_id], [pens_id], [mother_id], [father_id]) VALUES (149, N'Merritt', CAST(N'2015-04-08' AS Date), CAST(N'2021-01-21T16:30:00.000' AS DateTime), NULL, 25, 1, 90, 75, 19)
	INSERT [dbo].[animals] ([id], [name], [birthdate], [lastfeed], [remark], [species_id], [sex_id], [pens_id], [mother_id], [father_id]) VALUES (150, N'Keefe', CAST(N'2015-07-10' AS Date), CAST(N'2021-01-21T12:10:00.000' AS DateTime), NULL, 17, 1, 24, NULL, NULL)
	INSERT [dbo].[animals] ([id], [name], [birthdate], [lastfeed], [remark], [species_id], [sex_id], [pens_id], [mother_id], [father_id]) VALUES (151, N'Neville', CAST(N'2015-07-23' AS Date), CAST(N'2021-01-21T14:50:00.000' AS DateTime), NULL, 3, 1, 49, NULL, 27)
	INSERT [dbo].[animals] ([id], [name], [birthdate], [lastfeed], [remark], [species_id], [sex_id], [pens_id], [mother_id], [father_id]) VALUES (152, N'Leo', CAST(N'2015-07-29' AS Date), CAST(N'2021-01-21T11:15:00.000' AS DateTime), NULL, 21, 1, 58, 131, 101)
	INSERT [dbo].[animals] ([id], [name], [birthdate], [lastfeed], [remark], [species_id], [sex_id], [pens_id], [mother_id], [father_id]) VALUES (153, N'Arsenio', CAST(N'2015-09-29' AS Date), CAST(N'2021-01-21T14:20:00.000' AS DateTime), NULL, 29, 1, 87, NULL, NULL)
	INSERT [dbo].[animals] ([id], [name], [birthdate], [lastfeed], [remark], [species_id], [sex_id], [pens_id], [mother_id], [father_id]) VALUES (154, N'Tanek', CAST(N'2015-12-09' AS Date), CAST(N'2021-01-21T16:10:00.000' AS DateTime), NULL, 33, 1, 21, NULL, NULL)
	INSERT [dbo].[animals] ([id], [name], [birthdate], [lastfeed], [remark], [species_id], [sex_id], [pens_id], [mother_id], [father_id]) VALUES (155, N'Lane', CAST(N'2015-12-23' AS Date), CAST(N'2021-01-21T16:00:00.000' AS DateTime), NULL, 27, 1, 39, 75, NULL)
	INSERT [dbo].[animals] ([id], [name], [birthdate], [lastfeed], [remark], [species_id], [sex_id], [pens_id], [mother_id], [father_id]) VALUES (156, N'Jackson', CAST(N'2016-01-03' AS Date), CAST(N'2021-01-21T10:20:00.000' AS DateTime), NULL, 26, 1, 62, 115, 98)
	INSERT [dbo].[animals] ([id], [name], [birthdate], [lastfeed], [remark], [species_id], [sex_id], [pens_id], [mother_id], [father_id]) VALUES (157, N'Jermaine', CAST(N'2016-03-30' AS Date), CAST(N'2021-01-21T11:35:00.000' AS DateTime), NULL, 6, 1, 59, 122, 81)
	INSERT [dbo].[animals] ([id], [name], [birthdate], [lastfeed], [remark], [species_id], [sex_id], [pens_id], [mother_id], [father_id]) VALUES (158, N'Galena', CAST(N'2016-03-30' AS Date), CAST(N'2021-01-21T11:35:00.000' AS DateTime), NULL, 6, 2, 59, 122, 81)
	INSERT [dbo].[animals] ([id], [name], [birthdate], [lastfeed], [remark], [species_id], [sex_id], [pens_id], [mother_id], [father_id]) VALUES (159, N'Oscar', CAST(N'2016-04-18' AS Date), CAST(N'2021-01-21T16:00:00.000' AS DateTime), NULL, 22, 1, 70, NULL, NULL)
	INSERT [dbo].[animals] ([id], [name], [birthdate], [lastfeed], [remark], [species_id], [sex_id], [pens_id], [mother_id], [father_id]) VALUES (160, N'Kirby', CAST(N'2016-04-24' AS Date), CAST(N'2021-01-21T13:15:00.000' AS DateTime), NULL, 34, 2, 53, 31, 37)
	INSERT [dbo].[animals] ([id], [name], [birthdate], [lastfeed], [remark], [species_id], [sex_id], [pens_id], [mother_id], [father_id]) VALUES (161, N'Samson', CAST(N'2016-05-23' AS Date), CAST(N'2021-01-21T14:50:00.000' AS DateTime), NULL, 3, 1, 49, NULL, 27)
	INSERT [dbo].[animals] ([id], [name], [birthdate], [lastfeed], [remark], [species_id], [sex_id], [pens_id], [mother_id], [father_id]) VALUES (162, N'Kim', CAST(N'2016-07-06' AS Date), CAST(N'2021-01-21T16:45:00.000' AS DateTime), NULL, 9, 2, 69, 59, 16)
	INSERT [dbo].[animals] ([id], [name], [birthdate], [lastfeed], [remark], [species_id], [sex_id], [pens_id], [mother_id], [father_id]) VALUES (163, N'Joelle', CAST(N'2016-09-06' AS Date), CAST(N'2021-01-21T14:20:00.000' AS DateTime), NULL, 29, 2, 87, NULL, NULL)
	INSERT [dbo].[animals] ([id], [name], [birthdate], [lastfeed], [remark], [species_id], [sex_id], [pens_id], [mother_id], [father_id]) VALUES (164, N'Deirdre', CAST(N'2016-09-23' AS Date), CAST(N'2021-01-21T11:45:00.000' AS DateTime), NULL, 39, 2, 43, 43, 50)
	INSERT [dbo].[animals] ([id], [name], [birthdate], [lastfeed], [remark], [species_id], [sex_id], [pens_id], [mother_id], [father_id]) VALUES (165, N'Dillon', CAST(N'2016-11-02' AS Date), CAST(N'2021-01-21T16:00:00.000' AS DateTime), NULL, 27, 1, 39, 95, 155)
	INSERT [dbo].[animals] ([id], [name], [birthdate], [lastfeed], [remark], [species_id], [sex_id], [pens_id], [mother_id], [father_id]) VALUES (166, N'Jasper', CAST(N'2016-12-09' AS Date), CAST(N'2021-01-21T13:15:00.000' AS DateTime), NULL, 30, 1, 22, NULL, NULL)
	INSERT [dbo].[animals] ([id], [name], [birthdate], [lastfeed], [remark], [species_id], [sex_id], [pens_id], [mother_id], [father_id]) VALUES (167, N'Orlando', CAST(N'2016-12-18' AS Date), CAST(N'2021-01-21T11:25:00.000' AS DateTime), NULL, 31, 1, 64, NULL, NULL)
	INSERT [dbo].[animals] ([id], [name], [birthdate], [lastfeed], [remark], [species_id], [sex_id], [pens_id], [mother_id], [father_id]) VALUES (168, N'Jesse', CAST(N'2017-02-20' AS Date), CAST(N'2021-01-21T11:15:00.000' AS DateTime), NULL, 15, 1, 88, 62, 66)
	INSERT [dbo].[animals] ([id], [name], [birthdate], [lastfeed], [remark], [species_id], [sex_id], [pens_id], [mother_id], [father_id]) VALUES (169, N'Uriah', CAST(N'2017-07-30' AS Date), CAST(N'2021-01-21T10:50:00.000' AS DateTime), NULL, 36, 2, 26, 71, 80)
	INSERT [dbo].[animals] ([id], [name], [birthdate], [lastfeed], [remark], [species_id], [sex_id], [pens_id], [mother_id], [father_id]) VALUES (170, N'Maia', CAST(N'2017-11-30' AS Date), CAST(N'2021-01-21T14:00:00.000' AS DateTime), NULL, 20, 2, 89, 85, 18)
	INSERT [dbo].[animals] ([id], [name], [birthdate], [lastfeed], [remark], [species_id], [sex_id], [pens_id], [mother_id], [father_id]) VALUES (171, N'Jesse', CAST(N'2017-12-16' AS Date), CAST(N'2021-01-21T14:50:00.000' AS DateTime), NULL, 3, 1, 49, NULL, NULL)
	INSERT [dbo].[animals] ([id], [name], [birthdate], [lastfeed], [remark], [species_id], [sex_id], [pens_id], [mother_id], [father_id]) VALUES (172, N'Ingrid', CAST(N'2017-03-09' AS Date), CAST(N'2021-01-21T16:00:00.000' AS DateTime), NULL, 27, 2, 39, 95, 155)
	INSERT [dbo].[animals] ([id], [name], [birthdate], [lastfeed], [remark], [species_id], [sex_id], [pens_id], [mother_id], [father_id]) VALUES (173, N'Karina', CAST(N'2018-07-12' AS Date), CAST(N'2021-01-21T11:25:00.000' AS DateTime), NULL, 31, 2, 64, NULL, NULL)
	INSERT [dbo].[animals] ([id], [name], [birthdate], [lastfeed], [remark], [species_id], [sex_id], [pens_id], [mother_id], [father_id]) VALUES (174, N'Taylor', CAST(N'2018-11-16' AS Date), CAST(N'2021-01-21T16:45:00.000' AS DateTime), NULL, 9, 2, 69, 59, 16)
	INSERT [dbo].[animals] ([id], [name], [birthdate], [lastfeed], [remark], [species_id], [sex_id], [pens_id], [mother_id], [father_id]) VALUES (175, N'Moana', CAST(N'2018-11-24' AS Date), CAST(N'2021-01-21T11:20:00.000' AS DateTime), NULL, 1, 2, 27, 32, 5)
	INSERT [dbo].[animals] ([id], [name], [birthdate], [lastfeed], [remark], [species_id], [sex_id], [pens_id], [mother_id], [father_id]) VALUES (176, N'Graiden', CAST(N'2019-01-03' AS Date), CAST(N'2021-01-21T16:00:00.000' AS DateTime), NULL, 27, 1, 39, 172, NULL)
	INSERT [dbo].[animals] ([id], [name], [birthdate], [lastfeed], [remark], [species_id], [sex_id], [pens_id], [mother_id], [father_id]) VALUES (177, N'Hilda', CAST(N'2019-03-15' AS Date), CAST(N'2021-01-21T13:15:00.000' AS DateTime), NULL, 19, 2, 67, 53, 79)
	INSERT [dbo].[animals] ([id], [name], [birthdate], [lastfeed], [remark], [species_id], [sex_id], [pens_id], [mother_id], [father_id]) VALUES (178, N'Zenaida', CAST(N'2019-03-27' AS Date), CAST(N'2021-01-21T16:30:00.000' AS DateTime), NULL, 25, 2, 90, NULL, NULL)
	INSERT [dbo].[animals] ([id], [name], [birthdate], [lastfeed], [remark], [species_id], [sex_id], [pens_id], [mother_id], [father_id]) VALUES (179, N'Ava', CAST(N'2019-04-08' AS Date), CAST(N'2021-01-21T14:50:00.000' AS DateTime), NULL, 3, 2, 49, NULL, 27)
	INSERT [dbo].[animals] ([id], [name], [birthdate], [lastfeed], [remark], [species_id], [sex_id], [pens_id], [mother_id], [father_id]) VALUES (180, N'Aristotle', CAST(N'2019-01-03' AS Date), CAST(N'2021-01-21T16:00:00.000' AS DateTime), NULL, 27, 1, 39, 172, NULL)
	INSERT [dbo].[animals] ([id], [name], [birthdate], [lastfeed], [remark], [species_id], [sex_id], [pens_id], [mother_id], [father_id]) VALUES (181, N'Lydia', CAST(N'2019-07-09' AS Date), CAST(N'2021-01-21T15:00:00.000' AS DateTime), NULL, 12, 2, 52, 8, 1)
	INSERT [dbo].[animals] ([id], [name], [birthdate], [lastfeed], [remark], [species_id], [sex_id], [pens_id], [mother_id], [father_id]) VALUES (182, N'Idona', CAST(N'2019-07-11' AS Date), CAST(N'2021-01-21T14:50:00.000' AS DateTime), NULL, 3, 2, 49, NULL, NULL)
	INSERT [dbo].[animals] ([id], [name], [birthdate], [lastfeed], [remark], [species_id], [sex_id], [pens_id], [mother_id], [father_id]) VALUES (183, N'Quail', CAST(N'2019-08-07' AS Date), CAST(N'2021-01-21T16:10:00.000' AS DateTime), NULL, 4, 2, 54, 58, 198)
	INSERT [dbo].[animals] ([id], [name], [birthdate], [lastfeed], [remark], [species_id], [sex_id], [pens_id], [mother_id], [father_id]) VALUES (184, N'Cherokee', CAST(N'2019-08-07' AS Date), CAST(N'2021-01-21T10:20:00.000' AS DateTime), NULL, 26, 2, 62, 115, 98)
	INSERT [dbo].[animals] ([id], [name], [birthdate], [lastfeed], [remark], [species_id], [sex_id], [pens_id], [mother_id], [father_id]) VALUES (185, N'Dylan', CAST(N'2019-08-07' AS Date), CAST(N'2021-01-21T16:10:00.000' AS DateTime), NULL, 4, 1, 54, 58, 198)
	INSERT [dbo].[animals] ([id], [name], [birthdate], [lastfeed], [remark], [species_id], [sex_id], [pens_id], [mother_id], [father_id]) VALUES (186, N'Reed', CAST(N'2019-09-26' AS Date), CAST(N'2021-01-21T09:05:00.000' AS DateTime), NULL, 28, 1, 47, NULL, NULL)
	INSERT [dbo].[animals] ([id], [name], [birthdate], [lastfeed], [remark], [species_id], [sex_id], [pens_id], [mother_id], [father_id]) VALUES (187, N'Flynn', CAST(N'2019-10-17' AS Date), CAST(N'2021-01-21T16:00:00.000' AS DateTime), NULL, 22, 1, 70, NULL, NULL)
	INSERT [dbo].[animals] ([id], [name], [birthdate], [lastfeed], [remark], [species_id], [sex_id], [pens_id], [mother_id], [father_id]) VALUES (188, N'Sydnee', CAST(N'2019-12-23' AS Date), CAST(N'2021-01-21T13:20:00.000' AS DateTime), NULL, 16, 2, 25, 135, 67)
	INSERT [dbo].[animals] ([id], [name], [birthdate], [lastfeed], [remark], [species_id], [sex_id], [pens_id], [mother_id], [father_id]) VALUES (189, N'Heidi', CAST(N'2019-12-27' AS Date), CAST(N'2021-01-21T11:15:00.000' AS DateTime), NULL, 15, 2, 88, 62, 66)
	INSERT [dbo].[animals] ([id], [name], [birthdate], [lastfeed], [remark], [species_id], [sex_id], [pens_id], [mother_id], [father_id]) VALUES (190, N'Tad', CAST(N'2020-01-27' AS Date), CAST(N'2021-01-21T16:50:00.000' AS DateTime), NULL, 13, 1, 95, 132, 114)
	INSERT [dbo].[animals] ([id], [name], [birthdate], [lastfeed], [remark], [species_id], [sex_id], [pens_id], [mother_id], [father_id]) VALUES (191, N'Kasper', CAST(N'2020-01-28' AS Date), CAST(N'2021-01-21T11:15:00.000' AS DateTime), NULL, 21, 1, 58, 131, 101)
	INSERT [dbo].[animals] ([id], [name], [birthdate], [lastfeed], [remark], [species_id], [sex_id], [pens_id], [mother_id], [father_id]) VALUES (192, N'Breanna', CAST(N'2020-01-28' AS Date), CAST(N'2021-01-21T11:15:00.000' AS DateTime), NULL, 21, 2, 58, 131, 101)
	INSERT [dbo].[animals] ([id], [name], [birthdate], [lastfeed], [remark], [species_id], [sex_id], [pens_id], [mother_id], [father_id]) VALUES (193, N'Kristen', CAST(N'2020-04-11' AS Date), CAST(N'2021-01-21T13:15:00.000' AS DateTime), NULL, 19, 2, 67, 53, 79)
	INSERT [dbo].[animals] ([id], [name], [birthdate], [lastfeed], [remark], [species_id], [sex_id], [pens_id], [mother_id], [father_id]) VALUES (194, N'Jocelyn', CAST(N'2020-05-06' AS Date), CAST(N'2021-01-21T09:30:00.000' AS DateTime), NULL, 5, 2, 61, 83, 129)
	INSERT [dbo].[animals] ([id], [name], [birthdate], [lastfeed], [remark], [species_id], [sex_id], [pens_id], [mother_id], [father_id]) VALUES (195, N'Jadar', CAST(N'2020-06-28' AS Date), CAST(N'2021-01-21T12:10:00.000' AS DateTime), NULL, 37, 1, 28, 70, NULL)
	INSERT [dbo].[animals] ([id], [name], [birthdate], [lastfeed], [remark], [species_id], [sex_id], [pens_id], [mother_id], [father_id]) VALUES (196, N'Nina', CAST(N'2020-07-20' AS Date), CAST(N'2021-01-21T11:35:00.000' AS DateTime), NULL, 6, 2, 59, 158, 140)
	INSERT [dbo].[animals] ([id], [name], [birthdate], [lastfeed], [remark], [species_id], [sex_id], [pens_id], [mother_id], [father_id]) VALUES (197, N'Jolene', CAST(N'2020-10-09' AS Date), CAST(N'2021-01-21T16:10:00.000' AS DateTime), NULL, 4, 2, 54, 69, 198)
	INSERT [dbo].[animals] ([id], [name], [birthdate], [lastfeed], [remark], [species_id], [sex_id], [pens_id], [mother_id], [father_id]) VALUES (198, N'Griffith', CAST(N'2020-10-16' AS Date), CAST(N'2021-01-21T14:50:00.000' AS DateTime), NULL, 3, 1, 49, 179, 27)
	INSERT [dbo].[animals] ([id], [name], [birthdate], [lastfeed], [remark], [species_id], [sex_id], [pens_id], [mother_id], [father_id]) VALUES (199, N'Cercei', CAST(N'2020-12-19' AS Date), CAST(N'2021-01-21T12:10:00.000' AS DateTime), NULL, 11, 2, 71, NULL, NULL)
	INSERT [dbo].[animals] ([id], [name], [birthdate], [lastfeed], [remark], [species_id], [sex_id], [pens_id], [mother_id], [father_id]) VALUES (200, N'Barrett', CAST(N'2020-12-28' AS Date), CAST(N'2021-01-21T09:20:00.000' AS DateTime), NULL, 35, 1, 97, 145, NULL)
	INSERT [dbo].[animals] ([id], [name], [birthdate], [lastfeed], [remark], [species_id], [sex_id], [pens_id], [mother_id], [father_id]) VALUES (201, N'Jayme', CAST(N'2020-10-25' AS Date), CAST(N'2021-01-21T12:10:00.000' AS DateTime), NULL, 11, 1, 71, NULL, NULL)
	INSERT [dbo].[animals] ([id], [name], [birthdate], [lastfeed], [remark], [species_id], [sex_id], [pens_id], [mother_id], [father_id]) VALUES (202, N'King-Kong', CAST(N'2000-06-06' AS Date), CAST(N'2021-01-21T15:00:00.000' AS DateTime), NULL, 12, 1, 52, NULL, NULL)
	INSERT [dbo].[animals] ([id], [name], [birthdate], [lastfeed], [remark], [species_id], [sex_id], [pens_id], [mother_id], [father_id]) VALUES (203, N'Jesse', CAST(N'2020-01-28' AS Date), CAST(N'2021-01-21T12:10:00.000' AS DateTime), NULL, 17, 1, 24, 141, 150)
	INSERT [dbo].[animals] ([id], [name], [birthdate], [lastfeed], [remark], [species_id], [sex_id], [pens_id], [mother_id], [father_id]) VALUES (204, N'Ingrid', CAST(N'2015-07-29' AS Date), CAST(N'2021-01-21T16:00:00.000' AS DateTime), NULL, 22, 2, 70, NULL, NULL)
	INSERT [dbo].[animals] ([id], [name], [birthdate], [lastfeed], [remark], [species_id], [sex_id], [pens_id], [mother_id], [father_id]) VALUES (205, N'Chloé', CAST(N'2019-09-26' AS Date), CAST(N'2021-01-21T16:00:00.000' AS DateTime), NULL, 22, 2, 70, NULL, NULL)
	INSERT [dbo].[animals] ([id], [name], [birthdate], [lastfeed], [remark], [species_id], [sex_id], [pens_id], [mother_id], [father_id]) VALUES (206, N'Amela', CAST(N'2020-05-16' AS Date), CAST(N'2021-01-21T09:20:00.000' AS DateTime), NULL, 42, 2, 12, NULL, NULL)
	INSERT [dbo].[animals] ([id], [name], [birthdate], [lastfeed], [remark], [species_id], [sex_id], [pens_id], [mother_id], [father_id]) VALUES (207, N'Fuller', CAST(N'2020-04-03' AS Date), CAST(N'2021-01-21T13:55:00.000' AS DateTime), NULL, 43, 1, 11, NULL, NULL)
	INSERT [dbo].[animals] ([id], [name], [birthdate], [lastfeed], [remark], [species_id], [sex_id], [pens_id], [mother_id], [father_id]) VALUES (208, N'Dexter', CAST(N'2021-01-15' AS Date), CAST(N'2021-01-21T12:10:00.000' AS DateTime), NULL, 40, 2, 4, NULL, NULL)
	INSERT [dbo].[animals] ([id], [name], [birthdate], [lastfeed], [remark], [species_id], [sex_id], [pens_id], [mother_id], [father_id]) VALUES (209, N'Rudyard', CAST(N'2020-12-07' AS Date), CAST(N'2021-01-21T14:50:00.000' AS DateTime), NULL, 46, 1, 8, NULL, NULL)
	INSERT [dbo].[animals] ([id], [name], [birthdate], [lastfeed], [remark], [species_id], [sex_id], [pens_id], [mother_id], [father_id]) VALUES (210, N'Chadwick', CAST(N'2020-10-30' AS Date), CAST(N'2021-01-21T12:10:00.000' AS DateTime), NULL, 40, 1, 4, NULL, NULL)
	INSERT [dbo].[animals] ([id], [name], [birthdate], [lastfeed], [remark], [species_id], [sex_id], [pens_id], [mother_id], [father_id]) VALUES (211, N'Aladdin', CAST(N'2020-07-14' AS Date), CAST(N'2021-01-21T11:45:00.000' AS DateTime), NULL, 44, 1, 1, NULL, NULL)
	INSERT [dbo].[animals] ([id], [name], [birthdate], [lastfeed], [remark], [species_id], [sex_id], [pens_id], [mother_id], [father_id]) VALUES (212, N'Daniel', CAST(N'2020-06-16' AS Date), CAST(N'2021-01-21T12:10:00.000' AS DateTime), NULL, 40, 2, 4, NULL, NULL)
	INSERT [dbo].[animals] ([id], [name], [birthdate], [lastfeed], [remark], [species_id], [sex_id], [pens_id], [mother_id], [father_id]) VALUES (213, N'Bert', CAST(N'2020-06-09' AS Date), CAST(N'2021-01-21T16:10:00.000' AS DateTime), NULL, 48, 1, 6, NULL, NULL)
	INSERT [dbo].[animals] ([id], [name], [birthdate], [lastfeed], [remark], [species_id], [sex_id], [pens_id], [mother_id], [father_id]) VALUES (214, N'Ross', CAST(N'2020-05-08' AS Date), CAST(N'2021-01-21T13:55:00.000' AS DateTime), NULL, 41, 1, 13, NULL, NULL)
	INSERT [dbo].[animals] ([id], [name], [birthdate], [lastfeed], [remark], [species_id], [sex_id], [pens_id], [mother_id], [father_id]) VALUES (215, N'Erasmus', CAST(N'2020-11-24' AS Date), CAST(N'2021-01-21T16:10:00.000' AS DateTime), NULL, 48, 1, 6, NULL, NULL)
	INSERT [dbo].[animals] ([id], [name], [birthdate], [lastfeed], [remark], [species_id], [sex_id], [pens_id], [mother_id], [father_id]) VALUES (216, N'Nichole', CAST(N'2020-12-03' AS Date), CAST(N'2021-01-21T16:10:00.000' AS DateTime), NULL, 48, 2, 6, NULL, NULL)
	INSERT [dbo].[animals] ([id], [name], [birthdate], [lastfeed], [remark], [species_id], [sex_id], [pens_id], [mother_id], [father_id]) VALUES (217, N'Gary', CAST(N'2020-07-19' AS Date), CAST(N'2021-01-21T14:50:00.000' AS DateTime), NULL, 49, 1, 19, NULL, NULL)
	INSERT [dbo].[animals] ([id], [name], [birthdate], [lastfeed], [remark], [species_id], [sex_id], [pens_id], [mother_id], [father_id]) VALUES (218, N'Wayne', CAST(N'2020-02-26' AS Date), CAST(N'2021-01-21T09:20:00.000' AS DateTime), NULL, 40, 1, 7, NULL, NULL)
	INSERT [dbo].[animals] ([id], [name], [birthdate], [lastfeed], [remark], [species_id], [sex_id], [pens_id], [mother_id], [father_id]) VALUES (219, N'Holmes', CAST(N'2020-01-31' AS Date), CAST(N'2021-01-21T12:10:00.000' AS DateTime), NULL, 47, 1, 18, NULL, NULL)
	INSERT [dbo].[animals] ([id], [name], [birthdate], [lastfeed], [remark], [species_id], [sex_id], [pens_id], [mother_id], [father_id]) VALUES (220, N'Darrel', CAST(N'2020-07-26' AS Date), CAST(N'2021-01-21T16:10:00.000' AS DateTime), NULL, 48, 2, 6, NULL, NULL)
	INSERT [dbo].[animals] ([id], [name], [birthdate], [lastfeed], [remark], [species_id], [sex_id], [pens_id], [mother_id], [father_id]) VALUES (221, N'Giacomo', CAST(N'2020-08-12' AS Date), CAST(N'2021-01-21T13:55:00.000' AS DateTime), NULL, 41, 1, 13, NULL, NULL)
	INSERT [dbo].[animals] ([id], [name], [birthdate], [lastfeed], [remark], [species_id], [sex_id], [pens_id], [mother_id], [father_id]) VALUES (222, N'Neil', CAST(N'2020-11-12' AS Date), CAST(N'2021-01-21T12:10:00.000' AS DateTime), NULL, 47, 1, 18, NULL, NULL)
	INSERT [dbo].[animals] ([id], [name], [birthdate], [lastfeed], [remark], [species_id], [sex_id], [pens_id], [mother_id], [father_id]) VALUES (223, N'Preston', CAST(N'2020-10-25' AS Date), CAST(N'2021-01-21T14:50:00.000' AS DateTime), NULL, 46, 1, 8, NULL, NULL)
	INSERT [dbo].[animals] ([id], [name], [birthdate], [lastfeed], [remark], [species_id], [sex_id], [pens_id], [mother_id], [father_id]) VALUES (224, N'Chester', CAST(N'2020-10-21' AS Date), CAST(N'2021-01-21T14:50:00.000' AS DateTime), NULL, 49, 1, 19, NULL, NULL)
	INSERT [dbo].[animals] ([id], [name], [birthdate], [lastfeed], [remark], [species_id], [sex_id], [pens_id], [mother_id], [father_id]) VALUES (225, N'Keane', CAST(N'2020-10-13' AS Date), CAST(N'2021-01-21T14:50:00.000' AS DateTime), NULL, 46, 1, 8, NULL, NULL)
	INSERT [dbo].[animals] ([id], [name], [birthdate], [lastfeed], [remark], [species_id], [sex_id], [pens_id], [mother_id], [father_id]) VALUES (226, N'Clio', CAST(N'2020-07-18' AS Date), CAST(N'2021-01-21T16:10:00.000' AS DateTime), NULL, 48, 2, 6, NULL, NULL)
	INSERT [dbo].[animals] ([id], [name], [birthdate], [lastfeed], [remark], [species_id], [sex_id], [pens_id], [mother_id], [father_id]) VALUES (227, N'Nicholas', CAST(N'2020-12-08' AS Date), CAST(N'2021-01-21T14:20:00.000' AS DateTime), NULL, 48, 1, 2, NULL, NULL)
	INSERT [dbo].[animals] ([id], [name], [birthdate], [lastfeed], [remark], [species_id], [sex_id], [pens_id], [mother_id], [father_id]) VALUES (228, N'Orson', CAST(N'2020-08-19' AS Date), CAST(N'2021-01-21T11:45:00.000' AS DateTime), NULL, 44, 1, 1, NULL, NULL)
	INSERT [dbo].[animals] ([id], [name], [birthdate], [lastfeed], [remark], [species_id], [sex_id], [pens_id], [mother_id], [father_id]) VALUES (229, N'Magee', CAST(N'2020-06-08' AS Date), CAST(N'2021-01-21T13:55:00.000' AS DateTime), NULL, 45, 1, 14, NULL, NULL)
	INSERT [dbo].[animals] ([id], [name], [birthdate], [lastfeed], [remark], [species_id], [sex_id], [pens_id], [mother_id], [father_id]) VALUES (230, N'Kelsey', CAST(N'2020-06-10' AS Date), CAST(N'2021-01-21T13:55:00.000' AS DateTime), NULL, 41, 2, 13, NULL, NULL)
	INSERT [dbo].[animals] ([id], [name], [birthdate], [lastfeed], [remark], [species_id], [sex_id], [pens_id], [mother_id], [father_id]) VALUES (231, N'Forrest', CAST(N'2020-03-11' AS Date), CAST(N'2021-01-21T09:20:00.000' AS DateTime), NULL, 40, 2, 7, NULL, NULL)
	INSERT [dbo].[animals] ([id], [name], [birthdate], [lastfeed], [remark], [species_id], [sex_id], [pens_id], [mother_id], [father_id]) VALUES (232, N'Jaime', CAST(N'2020-07-18' AS Date), CAST(N'2021-01-21T14:50:00.000' AS DateTime), NULL, 46, 2, 8, NULL, NULL)
	INSERT [dbo].[animals] ([id], [name], [birthdate], [lastfeed], [remark], [species_id], [sex_id], [pens_id], [mother_id], [father_id]) VALUES (233, N'Wing', CAST(N'2020-01-06' AS Date), CAST(N'2021-01-21T14:20:00.000' AS DateTime), NULL, 48, 2, 2, NULL, NULL)
	INSERT [dbo].[animals] ([id], [name], [birthdate], [lastfeed], [remark], [species_id], [sex_id], [pens_id], [mother_id], [father_id]) VALUES (234, N'Kim', CAST(N'2021-01-02' AS Date), CAST(N'2021-01-21T13:55:00.000' AS DateTime), NULL, 43, 2, 11, NULL, NULL)
	INSERT [dbo].[animals] ([id], [name], [birthdate], [lastfeed], [remark], [species_id], [sex_id], [pens_id], [mother_id], [father_id]) VALUES (235, N'Yuri', CAST(N'2020-09-17' AS Date), CAST(N'2021-01-21T11:45:00.000' AS DateTime), NULL, 44, 2, 1, NULL, NULL)
	INSERT [dbo].[animals] ([id], [name], [birthdate], [lastfeed], [remark], [species_id], [sex_id], [pens_id], [mother_id], [father_id]) VALUES (236, N'Garrett', CAST(N'2020-03-15' AS Date), CAST(N'2021-01-21T11:45:00.000' AS DateTime), NULL, 44, 1, 1, NULL, NULL)
	INSERT [dbo].[animals] ([id], [name], [birthdate], [lastfeed], [remark], [species_id], [sex_id], [pens_id], [mother_id], [father_id]) VALUES (237, N'Blair', CAST(N'2020-06-18' AS Date), CAST(N'2021-01-21T10:50:00.000' AS DateTime), NULL, 46, 2, 10, NULL, NULL)
	INSERT [dbo].[animals] ([id], [name], [birthdate], [lastfeed], [remark], [species_id], [sex_id], [pens_id], [mother_id], [father_id]) VALUES (238, N'Malik', CAST(N'2020-03-19' AS Date), CAST(N'2021-01-21T13:55:00.000' AS DateTime), NULL, 43, 1, 11, NULL, NULL)
	INSERT [dbo].[animals] ([id], [name], [birthdate], [lastfeed], [remark], [species_id], [sex_id], [pens_id], [mother_id], [father_id]) VALUES (239, N'Jermaine', CAST(N'2020-09-11' AS Date), CAST(N'2021-01-21T10:50:00.000' AS DateTime), NULL, 46, 1, 10, NULL, NULL)
	INSERT [dbo].[animals] ([id], [name], [birthdate], [lastfeed], [remark], [species_id], [sex_id], [pens_id], [mother_id], [father_id]) VALUES (240, N'Lucian', CAST(N'2020-03-22' AS Date), CAST(N'2021-01-21T13:55:00.000' AS DateTime), NULL, 43, 1, 11, NULL, NULL)
	INSERT [dbo].[animals] ([id], [name], [birthdate], [lastfeed], [remark], [species_id], [sex_id], [pens_id], [mother_id], [father_id]) VALUES (241, N'Edward', CAST(N'2020-01-29' AS Date), CAST(N'2021-01-21T13:55:00.000' AS DateTime), NULL, 45, 1, 14, NULL, NULL)
	INSERT [dbo].[animals] ([id], [name], [birthdate], [lastfeed], [remark], [species_id], [sex_id], [pens_id], [mother_id], [father_id]) VALUES (242, N'Thor', CAST(N'2020-06-05' AS Date), CAST(N'2021-01-21T14:20:00.000' AS DateTime), NULL, 48, 2, 2, NULL, NULL)
	INSERT [dbo].[animals] ([id], [name], [birthdate], [lastfeed], [remark], [species_id], [sex_id], [pens_id], [mother_id], [father_id]) VALUES (243, N'Clinton', CAST(N'2020-05-12' AS Date), CAST(N'2021-01-21T10:50:00.000' AS DateTime), NULL, 46, 1, 10, NULL, NULL)
	INSERT [dbo].[animals] ([id], [name], [birthdate], [lastfeed], [remark], [species_id], [sex_id], [pens_id], [mother_id], [father_id]) VALUES (244, N'Mufutau', CAST(N'2020-09-18' AS Date), CAST(N'2021-01-21T12:10:00.000' AS DateTime), NULL, 47, 1, 18, NULL, NULL)
	INSERT [dbo].[animals] ([id], [name], [birthdate], [lastfeed], [remark], [species_id], [sex_id], [pens_id], [mother_id], [father_id]) VALUES (245, N'Alfreda', CAST(N'2020-09-27' AS Date), CAST(N'2021-01-21T13:55:00.000' AS DateTime), NULL, 41, 2, 13, NULL, NULL)
	INSERT [dbo].[animals] ([id], [name], [birthdate], [lastfeed], [remark], [species_id], [sex_id], [pens_id], [mother_id], [father_id]) VALUES (246, N'Marvin', CAST(N'2020-02-13' AS Date), CAST(N'2021-01-21T14:50:00.000' AS DateTime), NULL, 49, 1, 19, NULL, NULL)
	INSERT [dbo].[animals] ([id], [name], [birthdate], [lastfeed], [remark], [species_id], [sex_id], [pens_id], [mother_id], [father_id]) VALUES (247, N'Quamar', CAST(N'2020-03-07' AS Date), CAST(N'2021-01-21T09:20:00.000' AS DateTime), NULL, 40, 2, 7, NULL, NULL)
	INSERT [dbo].[animals] ([id], [name], [birthdate], [lastfeed], [remark], [species_id], [sex_id], [pens_id], [mother_id], [father_id]) VALUES (248, N'Marny', CAST(N'2020-02-12' AS Date), CAST(N'2021-01-21T09:20:00.000' AS DateTime), NULL, 42, 2, 12, NULL, NULL)
	INSERT [dbo].[animals] ([id], [name], [birthdate], [lastfeed], [remark], [species_id], [sex_id], [pens_id], [mother_id], [father_id]) VALUES (249, N'Molly', CAST(N'2020-02-07' AS Date), CAST(N'2021-01-21T14:50:00.000' AS DateTime), NULL, 49, 2, 19, NULL, NULL)
	INSERT [dbo].[animals] ([id], [name], [birthdate], [lastfeed], [remark], [species_id], [sex_id], [pens_id], [mother_id], [father_id]) VALUES (250, N'Emery', CAST(N'2020-03-07' AS Date), CAST(N'2021-01-21T14:20:00.000' AS DateTime), NULL, 48, 2, 2, NULL, NULL)
	INSERT [dbo].[animals] ([id], [name], [birthdate], [lastfeed], [remark], [species_id], [sex_id], [pens_id], [mother_id], [father_id]) VALUES (251, N'Declan', CAST(N'2020-03-10' AS Date), CAST(N'2021-01-21T13:55:00.000' AS DateTime), NULL, 45, 1, 14, NULL, NULL)
	INSERT [dbo].[animals] ([id], [name], [birthdate], [lastfeed], [remark], [species_id], [sex_id], [pens_id], [mother_id], [father_id]) VALUES (252, N'Kevyn', CAST(N'2020-06-21' AS Date), CAST(N'2021-01-21T13:55:00.000' AS DateTime), NULL, 45, 2, 14, NULL, NULL)
	INSERT [dbo].[animals] ([id], [name], [birthdate], [lastfeed], [remark], [species_id], [sex_id], [pens_id], [mother_id], [father_id]) VALUES (253, N'Brock', CAST(N'2020-06-13' AS Date), CAST(N'2021-01-21T09:20:00.000' AS DateTime), NULL, 42, 1, 12, NULL, NULL)
	INSERT [dbo].[animals] ([id], [name], [birthdate], [lastfeed], [remark], [species_id], [sex_id], [pens_id], [mother_id], [father_id]) VALUES (254, N'Alden', CAST(N'2020-03-01' AS Date), CAST(N'2021-01-21T09:20:00.000' AS DateTime), NULL, 40, 1, 7, NULL, NULL)
	INSERT [dbo].[animals] ([id], [name], [birthdate], [lastfeed], [remark], [species_id], [sex_id], [pens_id], [mother_id], [father_id]) VALUES (255, N'Rudyard', CAST(N'2020-11-09' AS Date), CAST(N'2021-01-21T13:55:00.000' AS DateTime), NULL, 43, 1, 11, NULL, NULL)
	INSERT [dbo].[animals] ([id], [name], [birthdate], [lastfeed], [remark], [species_id], [sex_id], [pens_id], [mother_id], [father_id]) VALUES (256, N'Olympia', CAST(N'2020-11-10' AS Date), CAST(N'2021-01-21T12:10:00.000' AS DateTime), NULL, 47, 2, 18, NULL, NULL)
	INSERT [dbo].[animals] ([id], [name], [birthdate], [lastfeed], [remark], [species_id], [sex_id], [pens_id], [mother_id], [father_id]) VALUES (257, N'Fredericka', CAST(N'2020-03-06' AS Date), CAST(N'2021-01-21T12:10:00.000' AS DateTime), NULL, 47, 2, 18, NULL, NULL)
	INSERT [dbo].[animals] ([id], [name], [birthdate], [lastfeed], [remark], [species_id], [sex_id], [pens_id], [mother_id], [father_id]) VALUES (258, N'Colin', CAST(N'2020-11-14' AS Date), CAST(N'2021-01-21T13:55:00.000' AS DateTime), NULL, 45, 1, 14, NULL, NULL)
	INSERT [dbo].[animals] ([id], [name], [birthdate], [lastfeed], [remark], [species_id], [sex_id], [pens_id], [mother_id], [father_id]) VALUES (259, N'Iola', CAST(N'2020-03-17' AS Date), CAST(N'2021-01-21T14:20:00.000' AS DateTime), NULL, 48, 2, 2, NULL, NULL)

	SET IDENTITY_INSERT [dbo].[animals] OFF

    COMMIT TRANSACTION
  END TRY
  BEGIN CATCH
      ROLLBACK TRANSACTION
  END CATCH
GO

BEGIN TRANSACTION 
  BEGIN TRY

	SET IDENTITY_INSERT [dbo].[animals_has_states] ON 

	INSERT [dbo].[animals_has_states] ([id], [animals_id], [states_id]) VALUES (24, 3, 4)
	INSERT [dbo].[animals_has_states] ([id], [animals_id], [states_id]) VALUES (9, 10, 2)
	INSERT [dbo].[animals_has_states] ([id], [animals_id], [states_id]) VALUES (39, 16, 6)
	INSERT [dbo].[animals_has_states] ([id], [animals_id], [states_id]) VALUES (46, 17, 7)
	INSERT [dbo].[animals_has_states] ([id], [animals_id], [states_id]) VALUES (25, 36, 4)
	INSERT [dbo].[animals_has_states] ([id], [animals_id], [states_id]) VALUES (47, 37, 7)
	INSERT [dbo].[animals_has_states] ([id], [animals_id], [states_id]) VALUES (32, 39, 5)
	INSERT [dbo].[animals_has_states] ([id], [animals_id], [states_id]) VALUES (33, 41, 5)
	INSERT [dbo].[animals_has_states] ([id], [animals_id], [states_id]) VALUES (10, 43, 2)
	INSERT [dbo].[animals_has_states] ([id], [animals_id], [states_id]) VALUES (26, 47, 4)
	INSERT [dbo].[animals_has_states] ([id], [animals_id], [states_id]) VALUES (1, 51, 1)
	INSERT [dbo].[animals_has_states] ([id], [animals_id], [states_id]) VALUES (48, 52, 7)
	INSERT [dbo].[animals_has_states] ([id], [animals_id], [states_id]) VALUES (11, 57, 2)
	INSERT [dbo].[animals_has_states] ([id], [animals_id], [states_id]) VALUES (34, 62, 5)
	INSERT [dbo].[animals_has_states] ([id], [animals_id], [states_id]) VALUES (19, 64, 3)
	INSERT [dbo].[animals_has_states] ([id], [animals_id], [states_id]) VALUES (12, 68, 2)
	INSERT [dbo].[animals_has_states] ([id], [animals_id], [states_id]) VALUES (13, 76, 2)
	INSERT [dbo].[animals_has_states] ([id], [animals_id], [states_id]) VALUES (2, 82, 1)
	INSERT [dbo].[animals_has_states] ([id], [animals_id], [states_id]) VALUES (20, 84, 3)
	INSERT [dbo].[animals_has_states] ([id], [animals_id], [states_id]) VALUES (3, 91, 1)
	INSERT [dbo].[animals_has_states] ([id], [animals_id], [states_id]) VALUES (40, 97, 6)
	INSERT [dbo].[animals_has_states] ([id], [animals_id], [states_id]) VALUES (4, 99, 1)
	INSERT [dbo].[animals_has_states] ([id], [animals_id], [states_id]) VALUES (35, 100, 5)
	INSERT [dbo].[animals_has_states] ([id], [animals_id], [states_id]) VALUES (49, 110, 7)
	INSERT [dbo].[animals_has_states] ([id], [animals_id], [states_id]) VALUES (36, 111, 5)
	INSERT [dbo].[animals_has_states] ([id], [animals_id], [states_id]) VALUES (21, 113, 3)
	INSERT [dbo].[animals_has_states] ([id], [animals_id], [states_id]) VALUES (41, 115, 6)
	INSERT [dbo].[animals_has_states] ([id], [animals_id], [states_id]) VALUES (14, 122, 2)
	INSERT [dbo].[animals_has_states] ([id], [animals_id], [states_id]) VALUES (27, 123, 4)
	INSERT [dbo].[animals_has_states] ([id], [animals_id], [states_id]) VALUES (15, 126, 2)
	INSERT [dbo].[animals_has_states] ([id], [animals_id], [states_id]) VALUES (5, 141, 1)
	INSERT [dbo].[animals_has_states] ([id], [animals_id], [states_id]) VALUES (50, 157, 7)
	INSERT [dbo].[animals_has_states] ([id], [animals_id], [states_id]) VALUES (28, 158, 4)
	INSERT [dbo].[animals_has_states] ([id], [animals_id], [states_id]) VALUES (16, 159, 2)
	INSERT [dbo].[animals_has_states] ([id], [animals_id], [states_id]) VALUES (42, 161, 6)
	INSERT [dbo].[animals_has_states] ([id], [animals_id], [states_id]) VALUES (6, 163, 1)
	INSERT [dbo].[animals_has_states] ([id], [animals_id], [states_id]) VALUES (7, 164, 1)
	INSERT [dbo].[animals_has_states] ([id], [animals_id], [states_id]) VALUES (29, 165, 4)
	INSERT [dbo].[animals_has_states] ([id], [animals_id], [states_id]) VALUES (17, 171, 2)
	INSERT [dbo].[animals_has_states] ([id], [animals_id], [states_id]) VALUES (43, 172, 6)
	INSERT [dbo].[animals_has_states] ([id], [animals_id], [states_id]) VALUES (30, 179, 4)
	INSERT [dbo].[animals_has_states] ([id], [animals_id], [states_id]) VALUES (44, 194, 6)
	INSERT [dbo].[animals_has_states] ([id], [animals_id], [states_id]) VALUES (8, 205, 1)
	INSERT [dbo].[animals_has_states] ([id], [animals_id], [states_id]) VALUES (51, 213, 7)
	INSERT [dbo].[animals_has_states] ([id], [animals_id], [states_id]) VALUES (37, 215, 5)
	INSERT [dbo].[animals_has_states] ([id], [animals_id], [states_id]) VALUES (45, 221, 6)
	INSERT [dbo].[animals_has_states] ([id], [animals_id], [states_id]) VALUES (22, 222, 3)
	INSERT [dbo].[animals_has_states] ([id], [animals_id], [states_id]) VALUES (52, 223, 7)
	INSERT [dbo].[animals_has_states] ([id], [animals_id], [states_id]) VALUES (18, 235, 2)
	INSERT [dbo].[animals_has_states] ([id], [animals_id], [states_id]) VALUES (23, 243, 3)
	INSERT [dbo].[animals_has_states] ([id], [animals_id], [states_id]) VALUES (38, 245, 5)
	INSERT [dbo].[animals_has_states] ([id], [animals_id], [states_id]) VALUES (31, 247, 4)

	SET IDENTITY_INSERT [dbo].[animals_has_states] OFF

    COMMIT TRANSACTION
  END TRY
  BEGIN CATCH
      ROLLBACK TRANSACTION
  END CATCH
GO


BEGIN TRANSACTION 
  BEGIN TRY



    COMMIT TRANSACTION
  END TRY
  BEGIN CATCH
      ROLLBACK TRANSACTION
  END CATCH
GO