-- ----------------------------------------------------
-- FillDatabase ZOO.sql
-- Date: January 2021
-- Author: V.Butty & P.Costa
-- Goal: script to generate the whole content of the database
-- Datas : the datas have been generated with a combination of excel and generatedata.com
-- the reference tables have mostly been filled manually (on SQL directly if it was less than 10 entries or on excel)
-- -----------------------------------------------------


-- ----------------------------------------------------
-- Specify the database to work on
-- ----------------------------------------------------
USE ZOO;
GO

-- ----------------------------------------------------
-- Insertions pour les tables de références
-- ----------------------------------------------------


BEGIN TRANSACTION 
  BEGIN TRY

    INSERT INTO diets values ('herbivore')
	INSERT INTO diets values ('folivore')
	INSERT INTO diets values ('granivore')
	INSERT INTO diets values ('frugivore')
	INSERT INTO diets values ('nectarivore')
	INSERT INTO diets values ('insectivore')
	INSERT INTO diets values ('piscivore')
	INSERT INTO diets values ('carnassier')
	INSERT INTO diets values ('charognard')
	INSERT INTO diets values ('omnivore')

	INSERT INTO status values ('éteint', 'EX')
	INSERT INTO status values ('éteint à l''état sauvage', 'EW')
	INSERT INTO status values ('en danger critique', 'CR')
	INSERT INTO status values ('en danger', 'EN')
	INSERT INTO status values ('vulnérable', 'VU')
	INSERT INTO status values ('quasi menacé', 'NT')
	INSERT INTO status values ('préoccupation mineure', 'LC')
	INSERT INTO status values ('données insuffisantes', 'DD')
	INSERT INTO status values ('non évalué', 'NE')


	SET IDENTITY_INSERT [dbo].[species] ON 

	INSERT [dbo].[species] ([id], [name], [diets_id], [status_id]) VALUES (1, N'Alligator du Mississippi', 8, 7)
	INSERT [dbo].[species] ([id], [name], [diets_id], [status_id]) VALUES (2, N'Calao rhinocéros de java', 10, 5)
	INSERT [dbo].[species] ([id], [name], [diets_id], [status_id]) VALUES (3, N'Chauve-souris de Rodrigues', 4, 4)
	INSERT [dbo].[species] ([id], [name], [diets_id], [status_id]) VALUES (4, N'Chimpanzé', 10, 4)
	INSERT [dbo].[species] ([id], [name], [diets_id], [status_id]) VALUES (5, N'Dendrolague de Goodfellow', 1, 4)
	INSERT [dbo].[species] ([id], [name], [diets_id], [status_id]) VALUES (6, N'Coati roux', 10, 7)
	INSERT [dbo].[species] ([id], [name], [diets_id], [status_id]) VALUES (7, N'Dragon de Komodo', 8, 5)
	INSERT [dbo].[species] ([id], [name], [diets_id], [status_id]) VALUES (8, N'Diable de Tasmanie', 8, 4)
	INSERT [dbo].[species] ([id], [name], [diets_id], [status_id]) VALUES (9, N'Girafe réticulée', 1, 4)
	INSERT [dbo].[species] ([id], [name], [diets_id], [status_id]) VALUES (10, N'Éléphant de savane d''Afrique', 1, 5)
	INSERT [dbo].[species] ([id], [name], [diets_id], [status_id]) VALUES (11, N'Guépard', 8, 5)
	INSERT [dbo].[species] ([id], [name], [diets_id], [status_id]) VALUES (12, N'Gorille des plaines de l''Ouest', 10, 3)
	INSERT [dbo].[species] ([id], [name], [diets_id], [status_id]) VALUES (13, N'Hippopotame amphibie', 1, 5)
	INSERT [dbo].[species] ([id], [name], [diets_id], [status_id]) VALUES (14, N'Gypaète barbu', 9, 6)
	INSERT [dbo].[species] ([id], [name], [diets_id], [status_id]) VALUES (15, N'Koala du Queensland', 1, 5)
	INSERT [dbo].[species] ([id], [name], [diets_id], [status_id]) VALUES (16, N'Hippopotame nain', 1, 4)
	INSERT [dbo].[species] ([id], [name], [diets_id], [status_id]) VALUES (17, N'Lamantin des Caraïbes', 1, 5)
	INSERT [dbo].[species] ([id], [name], [diets_id], [status_id]) VALUES (18, N'Lion du Sud', 8, 5)
	INSERT [dbo].[species] ([id], [name], [diets_id], [status_id]) VALUES (19, N'Tigre de Sumatra', 8, 3)
	INSERT [dbo].[species] ([id], [name], [diets_id], [status_id]) VALUES (20, N'Tigre blanc', 8, 9)
	INSERT [dbo].[species] ([id], [name], [diets_id], [status_id]) VALUES (21, N'Tapir terrestre', 1, 5)
	INSERT [dbo].[species] ([id], [name], [diets_id], [status_id]) VALUES (22, N'Suricate', 8, 7)
	INSERT [dbo].[species] ([id], [name], [diets_id], [status_id]) VALUES (23, N'Rhinocéros indien', 1, 5)
	INSERT [dbo].[species] ([id], [name], [diets_id], [status_id]) VALUES (24, N'Rhinocéros blanc du Sud', 1, 6)
	INSERT [dbo].[species] ([id], [name], [diets_id], [status_id]) VALUES (25, N'Raton laveur', 10, 7)
	INSERT [dbo].[species] ([id], [name], [diets_id], [status_id]) VALUES (26, N'Paresseux à deux doigts', 10, 7)
	INSERT [dbo].[species] ([id], [name], [diets_id], [status_id]) VALUES (27, N'Panthère des neiges', 8, 5)
	INSERT [dbo].[species] ([id], [name], [diets_id], [status_id]) VALUES (28, N'Panda géant', 10, 5)
	INSERT [dbo].[species] ([id], [name], [diets_id], [status_id]) VALUES (29, N'Panda roux', 10, 4)
	INSERT [dbo].[species] ([id], [name], [diets_id], [status_id]) VALUES (30, N'Otaries de Californie', 8, 7)
	INSERT [dbo].[species] ([id], [name], [diets_id], [status_id]) VALUES (31, N'Orang-outan de Bornéo', 10, 3)
	INSERT [dbo].[species] ([id], [name], [diets_id], [status_id]) VALUES (32, N'Okapi', 2, 4)
	INSERT [dbo].[species] ([id], [name], [diets_id], [status_id]) VALUES (33, N'Manchot de Humboldt', 7, 5)
	INSERT [dbo].[species] ([id], [name], [diets_id], [status_id]) VALUES (34, N'Maki catta', 10, 4)
	INSERT [dbo].[species] ([id], [name], [diets_id], [status_id]) VALUES (35, N'Magot', 10, 3)
	INSERT [dbo].[species] ([id], [name], [diets_id], [status_id]) VALUES (36, N'Loutre géante', 8, 4)
	INSERT [dbo].[species] ([id], [name], [diets_id], [status_id]) VALUES (37, N'Loutre naine d''Asie', 8, 5)
	INSERT [dbo].[species] ([id], [name], [diets_id], [status_id]) VALUES (38, N'Loup arctique', 8, 7)
	INSERT [dbo].[species] ([id], [name], [diets_id], [status_id]) VALUES (39, N'Pika de pallas', 1, 7)
	INSERT [dbo].[species] ([id], [name], [diets_id], [status_id]) VALUES (40, N'Python royal', 8, 7)
	INSERT [dbo].[species] ([id], [name], [diets_id], [status_id]) VALUES (41, N'Dragon barbu de l''Est', 6, 7)
	INSERT [dbo].[species] ([id], [name], [diets_id], [status_id]) VALUES (42, N'Gecko léopard', 8, 7)
	INSERT [dbo].[species] ([id], [name], [diets_id], [status_id]) VALUES (43, N'Caméléon panthère', 6, 7)
	INSERT [dbo].[species] ([id], [name], [diets_id], [status_id]) VALUES (44, N'Tortue léopard', 8, 7)
	INSERT [dbo].[species] ([id], [name], [diets_id], [status_id]) VALUES (45, N'Rainette arboricole', 6, 7)
	INSERT [dbo].[species] ([id], [name], [diets_id], [status_id]) VALUES (46, N'Sonneur oritental', 6, 7)
	INSERT [dbo].[species] ([id], [name], [diets_id], [status_id]) VALUES (47, N'Tarentule vraie', 6, 7)
	INSERT [dbo].[species] ([id], [name], [diets_id], [status_id]) VALUES (48, N'Scorpion', 8, 7)
	INSERT [dbo].[species] ([id], [name], [diets_id], [status_id]) VALUES (49, N'Mante religieuse', 6, 7)
	INSERT [dbo].[species] ([id], [name], [diets_id], [status_id]) VALUES (50, N'Alpaga', 1, 9)
	INSERT [dbo].[species] ([id], [name], [diets_id], [status_id]) VALUES (51, N'Bisons', 1, 9)
	INSERT [dbo].[species] ([id], [name], [diets_id], [status_id]) VALUES (52, N'Bouquetin', 1, 9)
	INSERT [dbo].[species] ([id], [name], [diets_id], [status_id]) VALUES (53, N'Capybara', 1, 9)
	INSERT [dbo].[species] ([id], [name], [diets_id], [status_id]) VALUES (54, N'Springbook', 1, 9)
	INSERT [dbo].[species] ([id], [name], [diets_id], [status_id]) VALUES (55, N'Yack', 1, 9)
	INSERT [dbo].[species] ([id], [name], [diets_id], [status_id]) VALUES (56, N'Zèbre', 1, 9)
	INSERT [dbo].[species] ([id], [name], [diets_id], [status_id]) VALUES (57, N'Zébu', 1, 9)
	INSERT [dbo].[species] ([id], [name], [diets_id], [status_id]) VALUES (58, N'Wapiti', 1, 9)
	INSERT [dbo].[species] ([id], [name], [diets_id], [status_id]) VALUES (59, N'Ragondin', 1, 9)
	INSERT [dbo].[species] ([id], [name], [diets_id], [status_id]) VALUES (60, N'Dodo', 3, 1)
	INSERT [dbo].[species] ([id], [name], [diets_id], [status_id]) VALUES (61, N'Kangourou', 1, 9)
	INSERT [dbo].[species] ([id], [name], [diets_id], [status_id]) VALUES (62, N'Dromadaire', 1, 9)
	INSERT [dbo].[species] ([id], [name], [diets_id], [status_id]) VALUES (63, N'Coyote', 8, 9)
	INSERT [dbo].[species] ([id], [name], [diets_id], [status_id]) VALUES (64, N'Condor des andes', 9, 9)
	INSERT [dbo].[species] ([id], [name], [diets_id], [status_id]) VALUES (65, N'Hyène rayée', 9, 9)
	INSERT [dbo].[species] ([id], [name], [diets_id], [status_id]) VALUES (66, N'Doré jaune', 7, 9)
	INSERT [dbo].[species] ([id], [name], [diets_id], [status_id]) VALUES (67, N'Chat à tête plate', 7, 9)
	INSERT [dbo].[species] ([id], [name], [diets_id], [status_id]) VALUES (68, N'Chat de pallas', 8, 7)
	INSERT [dbo].[species] ([id], [name], [diets_id], [status_id]) VALUES (69, N'Mammouth laineux', 1, 1)
	INSERT [dbo].[species] ([id], [name], [diets_id], [status_id]) VALUES (70, N'Calamar géant', 7, 8)
	INSERT [dbo].[species] ([id], [name], [diets_id], [status_id]) VALUES (71, N'Kiwi', 3, 5)
	INSERT [dbo].[species] ([id], [name], [diets_id], [status_id]) VALUES (72, N'Baleine bleue', 10, 9)
	INSERT [dbo].[species] ([id], [name], [diets_id], [status_id]) VALUES (73, N'Homo sapiens sapiens', 10, 2)
	INSERT [dbo].[species] ([id], [name], [diets_id], [status_id]) VALUES (74, N'Hocco mitou', 3, 2)
	INSERT [dbo].[species] ([id], [name], [diets_id], [status_id]) VALUES (75, N'Tortue noire à carapace molle', 8, 2)
	INSERT [dbo].[species] ([id], [name], [diets_id], [status_id]) VALUES (76, N'Martin-chasseur cannelle', 7, 2)
	INSERT [dbo].[species] ([id], [name], [diets_id], [status_id]) VALUES (77, N'Cerf du père David', 1, 2)
	INSERT [dbo].[species] ([id], [name], [diets_id], [status_id]) VALUES (78, N'Colibri d''Elena', 5, 8)
	INSERT [dbo].[species] ([id], [name], [diets_id], [status_id]) VALUES (79, N'Oryx algazelle', 1, 2)
	INSERT [dbo].[species] ([id], [name], [diets_id], [status_id]) VALUES (80, N'Lion de l''atlas', 8, 2)
	INSERT [dbo].[species] ([id], [name], [diets_id], [status_id]) VALUES (81, N'Crapeau du wioming', 6, 2)

	SET IDENTITY_INSERT [dbo].[species] OFF


	INSERT INTO sex values ('mâle')
	INSERT INTO sex values ('femelle')
	INSERT INTO sex values ('indéterminé')


	SET IDENTITY_INSERT [dbo].[sectors] ON 

	INSERT [dbo].[sectors] ([id], [name]) VALUES (2, N'aquatique')
	INSERT [dbo].[sectors] ([id], [name]) VALUES (8, N'arctique')
	INSERT [dbo].[sectors] ([id], [name]) VALUES (6, N'désert')
	INSERT [dbo].[sectors] ([id], [name]) VALUES (7, N'forêt')
	INSERT [dbo].[sectors] ([id], [name]) VALUES (4, N'montagne')
	INSERT [dbo].[sectors] ([id], [name]) VALUES (5, N'savane')
	INSERT [dbo].[sectors] ([id], [name]) VALUES (3, N'tropical')
	INSERT [dbo].[sectors] ([id], [name]) VALUES (1, N'vivarium')

	SET IDENTITY_INSERT [dbo].[sectors] OFF


	SET IDENTITY_INSERT [dbo].[types] ON 

	INSERT [dbo].[types] ([id], [name]) VALUES (8, N'aquarium eau douce')
	INSERT [dbo].[types] ([id], [name]) VALUES (7, N'aquarium eau salée')
	INSERT [dbo].[types] ([id], [name]) VALUES (6, N'bassin eau douce')
	INSERT [dbo].[types] ([id], [name]) VALUES (5, N'bassin eau salée')
	INSERT [dbo].[types] ([id], [name]) VALUES (21, N'enclos arctique')
	INSERT [dbo].[types] ([id], [name]) VALUES (17, N'enclos désertique')
	INSERT [dbo].[types] ([id], [name]) VALUES (19, N'enclos forestier')
	INSERT [dbo].[types] ([id], [name]) VALUES (13, N'enclos montagneux')
	INSERT [dbo].[types] ([id], [name]) VALUES (15, N'enclos savane')
	INSERT [dbo].[types] ([id], [name]) VALUES (10, N'enclos tropical')
	INSERT [dbo].[types] ([id], [name]) VALUES (16, N'fosse désertique')
	INSERT [dbo].[types] ([id], [name]) VALUES (12, N'fosse montagneuse')
	INSERT [dbo].[types] ([id], [name]) VALUES (9, N'fosse tropicale')
	INSERT [dbo].[types] ([id], [name]) VALUES (2, N'vivarium désertique')
	INSERT [dbo].[types] ([id], [name]) VALUES (3, N'vivarium forestier')
	INSERT [dbo].[types] ([id], [name]) VALUES (4, N'vivarium montagne')
	INSERT [dbo].[types] ([id], [name]) VALUES (1, N'vivarium tropical')
	INSERT [dbo].[types] ([id], [name]) VALUES (18, N'volière désertique')
	INSERT [dbo].[types] ([id], [name]) VALUES (20, N'volière forestière')
	INSERT [dbo].[types] ([id], [name]) VALUES (14, N'volière montagneuse')
	INSERT [dbo].[types] ([id], [name]) VALUES (11, N'volière tropicale')

	SET IDENTITY_INSERT [dbo].[types] OFF


	INSERT INTO states values ('gravide')
	INSERT INTO states values ('blessé')
	INSERT INTO states values ('malade')
	INSERT INTO states values ('sous surveillance')
	INSERT INTO states values ('en acclimatation')
	INSERT INTO states values ('prêté')
	INSERT INTO states values ('estropié')


	SET IDENTITY_INSERT [dbo].[care] ON 

	INSERT [dbo].[care] ([id], [name]) VALUES (70, N'biberonnée')
	INSERT [dbo].[care] ([id], [name]) VALUES (62, N'changement bandages')
	INSERT [dbo].[care] ([id], [name]) VALUES (68, N'échographie')
	INSERT [dbo].[care] ([id], [name]) VALUES (69, N'pesée')
	INSERT [dbo].[care] ([id], [name]) VALUES (63, N'prise antibiotiques')
	INSERT [dbo].[care] ([id], [name]) VALUES (67, N'prise compléments alimentaires')
	INSERT [dbo].[care] ([id], [name]) VALUES (64, N'prise médicaments')
	INSERT [dbo].[care] ([id], [name]) VALUES (66, N'prise minéraux')
	INSERT [dbo].[care] ([id], [name]) VALUES (65, N'prise vitamines')
	INSERT [dbo].[care] ([id], [name]) VALUES (73, N'régime riche en minéraux')
	INSERT [dbo].[care] ([id], [name]) VALUES (72, N'régime riche en protéines')
	INSERT [dbo].[care] ([id], [name]) VALUES (71, N'régime riche en vitamines')
	INSERT [dbo].[care] ([id], [name]) VALUES (1, N'soin1')
	INSERT [dbo].[care] ([id], [name]) VALUES (10, N'soin10')
	INSERT [dbo].[care] ([id], [name]) VALUES (11, N'soin11')
	INSERT [dbo].[care] ([id], [name]) VALUES (12, N'soin12')
	INSERT [dbo].[care] ([id], [name]) VALUES (13, N'soin13')
	INSERT [dbo].[care] ([id], [name]) VALUES (14, N'soin14')
	INSERT [dbo].[care] ([id], [name]) VALUES (15, N'soin15')
	INSERT [dbo].[care] ([id], [name]) VALUES (16, N'soin16')
	INSERT [dbo].[care] ([id], [name]) VALUES (17, N'soin17')
	INSERT [dbo].[care] ([id], [name]) VALUES (18, N'soin18')
	INSERT [dbo].[care] ([id], [name]) VALUES (19, N'soin19')
	INSERT [dbo].[care] ([id], [name]) VALUES (2, N'soin2')
	INSERT [dbo].[care] ([id], [name]) VALUES (20, N'soin20')
	INSERT [dbo].[care] ([id], [name]) VALUES (21, N'soin21')
	INSERT [dbo].[care] ([id], [name]) VALUES (22, N'soin22')
	INSERT [dbo].[care] ([id], [name]) VALUES (23, N'soin23')
	INSERT [dbo].[care] ([id], [name]) VALUES (24, N'soin24')
	INSERT [dbo].[care] ([id], [name]) VALUES (25, N'soin25')
	INSERT [dbo].[care] ([id], [name]) VALUES (26, N'soin26')
	INSERT [dbo].[care] ([id], [name]) VALUES (27, N'soin27')
	INSERT [dbo].[care] ([id], [name]) VALUES (28, N'soin28')
	INSERT [dbo].[care] ([id], [name]) VALUES (29, N'soin29')
	INSERT [dbo].[care] ([id], [name]) VALUES (3, N'soin3')
	INSERT [dbo].[care] ([id], [name]) VALUES (30, N'soin30')
	INSERT [dbo].[care] ([id], [name]) VALUES (31, N'soin31')
	INSERT [dbo].[care] ([id], [name]) VALUES (32, N'soin32')
	INSERT [dbo].[care] ([id], [name]) VALUES (33, N'soin33')
	INSERT [dbo].[care] ([id], [name]) VALUES (34, N'soin34')
	INSERT [dbo].[care] ([id], [name]) VALUES (35, N'soin35')
	INSERT [dbo].[care] ([id], [name]) VALUES (36, N'soin36')
	INSERT [dbo].[care] ([id], [name]) VALUES (37, N'soin37')
	INSERT [dbo].[care] ([id], [name]) VALUES (38, N'soin38')
	INSERT [dbo].[care] ([id], [name]) VALUES (39, N'soin39')
	INSERT [dbo].[care] ([id], [name]) VALUES (4, N'soin4')
	INSERT [dbo].[care] ([id], [name]) VALUES (40, N'soin40')
	INSERT [dbo].[care] ([id], [name]) VALUES (41, N'soin41')
	INSERT [dbo].[care] ([id], [name]) VALUES (42, N'soin42')
	INSERT [dbo].[care] ([id], [name]) VALUES (43, N'soin43')
	INSERT [dbo].[care] ([id], [name]) VALUES (44, N'soin44')
	INSERT [dbo].[care] ([id], [name]) VALUES (45, N'soin45')
	INSERT [dbo].[care] ([id], [name]) VALUES (46, N'soin46')
	INSERT [dbo].[care] ([id], [name]) VALUES (47, N'soin47')
	INSERT [dbo].[care] ([id], [name]) VALUES (48, N'soin48')
	INSERT [dbo].[care] ([id], [name]) VALUES (49, N'soin49')
	INSERT [dbo].[care] ([id], [name]) VALUES (5, N'soin5')
	INSERT [dbo].[care] ([id], [name]) VALUES (50, N'soin50')
	INSERT [dbo].[care] ([id], [name]) VALUES (51, N'soin51')
	INSERT [dbo].[care] ([id], [name]) VALUES (52, N'soin52')
	INSERT [dbo].[care] ([id], [name]) VALUES (53, N'soin53')
	INSERT [dbo].[care] ([id], [name]) VALUES (54, N'soin54')
	INSERT [dbo].[care] ([id], [name]) VALUES (55, N'soin55')
	INSERT [dbo].[care] ([id], [name]) VALUES (56, N'soin56')
	INSERT [dbo].[care] ([id], [name]) VALUES (57, N'soin57')
	INSERT [dbo].[care] ([id], [name]) VALUES (58, N'soin58')
	INSERT [dbo].[care] ([id], [name]) VALUES (59, N'soin59')
	INSERT [dbo].[care] ([id], [name]) VALUES (6, N'soin6')
	INSERT [dbo].[care] ([id], [name]) VALUES (60, N'soin60')
	INSERT [dbo].[care] ([id], [name]) VALUES (61, N'soin61')
	INSERT [dbo].[care] ([id], [name]) VALUES (7, N'soin7')
	INSERT [dbo].[care] ([id], [name]) VALUES (8, N'soin8')
	INSERT [dbo].[care] ([id], [name]) VALUES (9, N'soin9')

	SET IDENTITY_INSERT [dbo].[care] OFF

    COMMIT TRANSACTION
  END TRY
  BEGIN CATCH
      ROLLBACK TRANSACTION
  END CATCH
GO


SET IDENTITY_INSERT [dbo].[pens] ON

BEGIN TRANSACTION 
  BEGIN TRY

	INSERT [dbo].[pens] ([id], [name], [constructionDate], [lastwork], [livedIn], [size], [sectors_id], [types_id]) VALUES (1, N'novemberecho', CAST(N'2000-11-19' AS Date), CAST(N'2014-04-16' AS Date), 1, 5, 1, 1)
	INSERT [dbo].[pens] ([id], [name], [constructionDate], [lastwork], [livedIn], [size], [sectors_id], [types_id]) VALUES (2, N'uniformsierra', CAST(N'2000-08-14' AS Date), CAST(N'2016-06-15' AS Date), 1, 5, 1, 1)
	INSERT [dbo].[pens] ([id], [name], [constructionDate], [lastwork], [livedIn], [size], [sectors_id], [types_id]) VALUES (3, N'julietpapa', CAST(N'2008-12-30' AS Date), CAST(N'2015-04-06' AS Date), 1, 6, 1, 2)
	INSERT [dbo].[pens] ([id], [name], [constructionDate], [lastwork], [livedIn], [size], [sectors_id], [types_id]) VALUES (4, N'romeopapa', CAST(N'2002-06-29' AS Date), CAST(N'2006-11-12' AS Date), 0, 8, 1, 1)
	INSERT [dbo].[pens] ([id], [name], [constructionDate], [lastwork], [livedIn], [size], [sectors_id], [types_id]) VALUES (5, N'charlieindia', CAST(N'2014-06-22' AS Date), CAST(N'2019-10-24' AS Date), 0, 3, 1, 2)
	INSERT [dbo].[pens] ([id], [name], [constructionDate], [lastwork], [livedIn], [size], [sectors_id], [types_id]) VALUES (6, N'yankeebravo', CAST(N'2003-07-20' AS Date), CAST(N'2006-05-20' AS Date), 1, 5, 1, 2)
	INSERT [dbo].[pens] ([id], [name], [constructionDate], [lastwork], [livedIn], [size], [sectors_id], [types_id]) VALUES (7, N'kilotango', CAST(N'2016-09-03' AS Date), CAST(N'2019-06-05' AS Date), 1, 7, 1, 2)
	INSERT [dbo].[pens] ([id], [name], [constructionDate], [lastwork], [livedIn], [size], [sectors_id], [types_id]) VALUES (8, N'xrayhotel', CAST(N'2014-11-03' AS Date), CAST(N'2016-01-26' AS Date), 1, 8, 1, 2)
	INSERT [dbo].[pens] ([id], [name], [constructionDate], [lastwork], [livedIn], [size], [sectors_id], [types_id]) VALUES (9, N'novembervictor', CAST(N'1997-09-09' AS Date), CAST(N'2016-04-24' AS Date), 1, 2, 1, 3)
	INSERT [dbo].[pens] ([id], [name], [constructionDate], [lastwork], [livedIn], [size], [sectors_id], [types_id]) VALUES (10, N'tangodelta', CAST(N'2011-08-25' AS Date), CAST(N'2020-01-18' AS Date), 1, 5, 1, 3)
	INSERT [dbo].[pens] ([id], [name], [constructionDate], [lastwork], [livedIn], [size], [sectors_id], [types_id]) VALUES (11, N'oscarbravo', CAST(N'2013-12-01' AS Date), CAST(N'2020-02-25' AS Date), 1, 5, 1, 1)
	INSERT [dbo].[pens] ([id], [name], [constructionDate], [lastwork], [livedIn], [size], [sectors_id], [types_id]) VALUES (12, N'romeodelta', CAST(N'2007-04-14' AS Date), CAST(N'2015-08-16' AS Date), 0, 5, 1, 1)
	INSERT [dbo].[pens] ([id], [name], [constructionDate], [lastwork], [livedIn], [size], [sectors_id], [types_id]) VALUES (13, N'kilovictor', CAST(N'2010-12-28' AS Date), CAST(N'2015-04-05' AS Date), 1, 6, 1, 3)
	INSERT [dbo].[pens] ([id], [name], [constructionDate], [lastwork], [livedIn], [size], [sectors_id], [types_id]) VALUES (14, N'quebecpapa', CAST(N'1995-06-10' AS Date), CAST(N'2018-06-06' AS Date), 0, 7, 1, 1)
	INSERT [dbo].[pens] ([id], [name], [constructionDate], [lastwork], [livedIn], [size], [sectors_id], [types_id]) VALUES (15, N'whiskeyfoxtrot', CAST(N'2007-09-04' AS Date), CAST(N'2014-02-03' AS Date), 1, 8, 1, 1)
	INSERT [dbo].[pens] ([id], [name], [constructionDate], [lastwork], [livedIn], [size], [sectors_id], [types_id]) VALUES (16, N'charlievictor', CAST(N'1996-10-03' AS Date), CAST(N'2005-01-10' AS Date), 1, 8, 1, 1)
	INSERT [dbo].[pens] ([id], [name], [constructionDate], [lastwork], [livedIn], [size], [sectors_id], [types_id]) VALUES (17, N'mikemike', CAST(N'1996-06-20' AS Date), CAST(N'2008-07-09' AS Date), 1, 2, 1, 3)
	INSERT [dbo].[pens] ([id], [name], [constructionDate], [lastwork], [livedIn], [size], [sectors_id], [types_id]) VALUES (18, N'tangonovember', CAST(N'2010-02-14' AS Date), CAST(N'2014-10-25' AS Date), 0, 5, 1, 4)
	INSERT [dbo].[pens] ([id], [name], [constructionDate], [lastwork], [livedIn], [size], [sectors_id], [types_id]) VALUES (19, N'foxtrotnovember', CAST(N'2013-05-14' AS Date), CAST(N'2018-11-24' AS Date), 0, 5, 1, 4)
	INSERT [dbo].[pens] ([id], [name], [constructionDate], [lastwork], [livedIn], [size], [sectors_id], [types_id]) VALUES (20, N'kiloxray', CAST(N'2005-06-09' AS Date), CAST(N'2006-12-19' AS Date), 0, 6, 1, 4)
	INSERT [dbo].[pens] ([id], [name], [constructionDate], [lastwork], [livedIn], [size], [sectors_id], [types_id]) VALUES (21, N'deltahotel', CAST(N'2004-10-27' AS Date), CAST(N'2006-12-04' AS Date), 1, 528, 2, 5)
	INSERT [dbo].[pens] ([id], [name], [constructionDate], [lastwork], [livedIn], [size], [sectors_id], [types_id]) VALUES (22, N'oscartango', CAST(N'2004-11-23' AS Date), CAST(N'2015-09-09' AS Date), 1, 614, 2, 5)
	INSERT [dbo].[pens] ([id], [name], [constructionDate], [lastwork], [livedIn], [size], [sectors_id], [types_id]) VALUES (23, N'victorwhiskey', CAST(N'2001-09-23' AS Date), CAST(N'2007-11-28' AS Date), 1, 246, 2, 6)
	INSERT [dbo].[pens] ([id], [name], [constructionDate], [lastwork], [livedIn], [size], [sectors_id], [types_id]) VALUES (24, N'xrayyankee', CAST(N'2000-07-13' AS Date), CAST(N'2008-08-02' AS Date), 1, 468, 2, 6)
	INSERT [dbo].[pens] ([id], [name], [constructionDate], [lastwork], [livedIn], [size], [sectors_id], [types_id]) VALUES (25, N'sierradelta', CAST(N'2013-05-14' AS Date), CAST(N'2017-10-18' AS Date), 0, 483, 2, 7)
	INSERT [dbo].[pens] ([id], [name], [constructionDate], [lastwork], [livedIn], [size], [sectors_id], [types_id]) VALUES (26, N'charliefoxtrot', CAST(N'2007-05-25' AS Date), CAST(N'2014-05-13' AS Date), 1, 694, 2, 7)
	INSERT [dbo].[pens] ([id], [name], [constructionDate], [lastwork], [livedIn], [size], [sectors_id], [types_id]) VALUES (27, N'deltayankee', CAST(N'2010-11-08' AS Date), CAST(N'2012-11-21' AS Date), 1, 501, 2, 8)
	INSERT [dbo].[pens] ([id], [name], [constructionDate], [lastwork], [livedIn], [size], [sectors_id], [types_id]) VALUES (28, N'zulufoxtrot', CAST(N'2001-09-23' AS Date), CAST(N'2011-06-16' AS Date), 1, 680, 2, 8)
	INSERT [dbo].[pens] ([id], [name], [constructionDate], [lastwork], [livedIn], [size], [sectors_id], [types_id]) VALUES (29, N'quebecyankee', CAST(N'2017-01-01' AS Date), CAST(N'2017-03-11' AS Date), 0, 251, 3, 9)
	INSERT [dbo].[pens] ([id], [name], [constructionDate], [lastwork], [livedIn], [size], [sectors_id], [types_id]) VALUES (30, N'limavictor', CAST(N'2001-04-27' AS Date), CAST(N'2013-02-04' AS Date), 1, 508, 3, 9)
	INSERT [dbo].[pens] ([id], [name], [constructionDate], [lastwork], [livedIn], [size], [sectors_id], [types_id]) VALUES (31, N'limadelta', CAST(N'2006-11-11' AS Date), CAST(N'2008-11-25' AS Date), 1, 634, 3, 9)
	INSERT [dbo].[pens] ([id], [name], [constructionDate], [lastwork], [livedIn], [size], [sectors_id], [types_id]) VALUES (32, N'victorindia', CAST(N'1995-01-28' AS Date), CAST(N'2013-03-06' AS Date), 0, 654, 3, 9)
	INSERT [dbo].[pens] ([id], [name], [constructionDate], [lastwork], [livedIn], [size], [sectors_id], [types_id]) VALUES (33, N'charlienovember', CAST(N'2019-02-18' AS Date), CAST(N'2020-11-02' AS Date), 1, 688, 3, 9)
	INSERT [dbo].[pens] ([id], [name], [constructionDate], [lastwork], [livedIn], [size], [sectors_id], [types_id]) VALUES (34, N'alphaalpha', CAST(N'2008-06-25' AS Date), CAST(N'2015-06-16' AS Date), 0, 1008, 3, 9)
	INSERT [dbo].[pens] ([id], [name], [constructionDate], [lastwork], [livedIn], [size], [sectors_id], [types_id]) VALUES (35, N'julietfoxtrot', CAST(N'1998-10-05' AS Date), CAST(N'2005-08-18' AS Date), 1, 1077, 3, 9)
	INSERT [dbo].[pens] ([id], [name], [constructionDate], [lastwork], [livedIn], [size], [sectors_id], [types_id]) VALUES (36, N'bravodelta', CAST(N'1995-08-07' AS Date), CAST(N'2015-05-08' AS Date), 1, 1140, 3, 9)
	INSERT [dbo].[pens] ([id], [name], [constructionDate], [lastwork], [livedIn], [size], [sectors_id], [types_id]) VALUES (37, N'tangolima', CAST(N'2006-10-26' AS Date), CAST(N'2012-05-27' AS Date), 1, 1144, 3, 9)
	INSERT [dbo].[pens] ([id], [name], [constructionDate], [lastwork], [livedIn], [size], [sectors_id], [types_id]) VALUES (38, N'indiaromeo', CAST(N'2004-04-30' AS Date), CAST(N'2008-10-27' AS Date), 1, 1171, 3, 9)
	INSERT [dbo].[pens] ([id], [name], [constructionDate], [lastwork], [livedIn], [size], [sectors_id], [types_id]) VALUES (39, N'deltaquebec', CAST(N'2008-09-21' AS Date), CAST(N'2010-10-18' AS Date), 0, 290, 3, 10)
	INSERT [dbo].[pens] ([id], [name], [constructionDate], [lastwork], [livedIn], [size], [sectors_id], [types_id]) VALUES (40, N'indiazulu', CAST(N'2008-09-07' AS Date), CAST(N'2011-04-09' AS Date), 1, 330, 3, 11)
	INSERT [dbo].[pens] ([id], [name], [constructionDate], [lastwork], [livedIn], [size], [sectors_id], [types_id]) VALUES (41, N'oscarvictor', CAST(N'1997-01-22' AS Date), CAST(N'2018-03-24' AS Date), 0, 354, 3, 10)
	INSERT [dbo].[pens] ([id], [name], [constructionDate], [lastwork], [livedIn], [size], [sectors_id], [types_id]) VALUES (42, N'limajuliet', CAST(N'2013-01-25' AS Date), CAST(N'2020-03-24' AS Date), 1, 559, 3, 10)
	INSERT [dbo].[pens] ([id], [name], [constructionDate], [lastwork], [livedIn], [size], [sectors_id], [types_id]) VALUES (43, N'sierrazulu', CAST(N'2009-03-05' AS Date), CAST(N'2017-07-13' AS Date), 1, 674, 3, 10)
	INSERT [dbo].[pens] ([id], [name], [constructionDate], [lastwork], [livedIn], [size], [sectors_id], [types_id]) VALUES (44, N'foxtrotjuliet', CAST(N'2006-11-26' AS Date), CAST(N'2008-02-08' AS Date), 1, 858, 3, 10)
	INSERT [dbo].[pens] ([id], [name], [constructionDate], [lastwork], [livedIn], [size], [sectors_id], [types_id]) VALUES (45, N'sierraalpha', CAST(N'2004-06-26' AS Date), CAST(N'2012-09-21' AS Date), 1, 975, 3, 10)
	INSERT [dbo].[pens] ([id], [name], [constructionDate], [lastwork], [livedIn], [size], [sectors_id], [types_id]) VALUES (46, N'papaindia', CAST(N'2011-06-28' AS Date), CAST(N'2011-11-06' AS Date), 1, 1104, 8, 21)
	INSERT [dbo].[pens] ([id], [name], [constructionDate], [lastwork], [livedIn], [size], [sectors_id], [types_id]) VALUES (47, N'oscarkilo', CAST(N'1993-08-15' AS Date), CAST(N'2003-03-08' AS Date), 1, 511, 3, 11)
	INSERT [dbo].[pens] ([id], [name], [constructionDate], [lastwork], [livedIn], [size], [sectors_id], [types_id]) VALUES (48, N'yankeelima', CAST(N'2001-04-15' AS Date), CAST(N'2021-01-15' AS Date), 0, 730, 3, 11)
	INSERT [dbo].[pens] ([id], [name], [constructionDate], [lastwork], [livedIn], [size], [sectors_id], [types_id]) VALUES (49, N'sierrayankee', CAST(N'2001-02-08' AS Date), CAST(N'2001-08-29' AS Date), 0, 426, 4, 12)
	INSERT [dbo].[pens] ([id], [name], [constructionDate], [lastwork], [livedIn], [size], [sectors_id], [types_id]) VALUES (50, N'yankeecharlie', CAST(N'2001-09-03' AS Date), CAST(N'2010-12-18' AS Date), 0, 433, 4, 12)
	INSERT [dbo].[pens] ([id], [name], [constructionDate], [lastwork], [livedIn], [size], [sectors_id], [types_id]) VALUES (51, N'foxtrothotel', CAST(N'2003-02-18' AS Date), CAST(N'2009-01-04' AS Date), 0, 444, 4, 12)
	INSERT [dbo].[pens] ([id], [name], [constructionDate], [lastwork], [livedIn], [size], [sectors_id], [types_id]) VALUES (52, N'quebecbravo', CAST(N'2001-08-27' AS Date), CAST(N'2009-03-30' AS Date), 1, 993, 4, 12)
	INSERT [dbo].[pens] ([id], [name], [constructionDate], [lastwork], [livedIn], [size], [sectors_id], [types_id]) VALUES (53, N'sierrafoxtrot', CAST(N'2009-03-31' AS Date), CAST(N'2016-04-25' AS Date), 1, 1271, 4, 12)
	INSERT [dbo].[pens] ([id], [name], [constructionDate], [lastwork], [livedIn], [size], [sectors_id], [types_id]) VALUES (54, N'mikevictor', CAST(N'2015-04-03' AS Date), CAST(N'2016-05-13' AS Date), 0, 263, 4, 13)
	INSERT [dbo].[pens] ([id], [name], [constructionDate], [lastwork], [livedIn], [size], [sectors_id], [types_id]) VALUES (55, N'julietzulu', CAST(N'2009-11-01' AS Date), CAST(N'2012-03-31' AS Date), 0, 345, 4, 13)
	INSERT [dbo].[pens] ([id], [name], [constructionDate], [lastwork], [livedIn], [size], [sectors_id], [types_id]) VALUES (56, N'tangobravo', CAST(N'2000-02-02' AS Date), CAST(N'2001-09-08' AS Date), 0, 351, 4, 13)
	INSERT [dbo].[pens] ([id], [name], [constructionDate], [lastwork], [livedIn], [size], [sectors_id], [types_id]) VALUES (57, N'zuluoscar', CAST(N'2000-05-18' AS Date), CAST(N'2003-02-12' AS Date), 0, 556, 4, 13)
	INSERT [dbo].[pens] ([id], [name], [constructionDate], [lastwork], [livedIn], [size], [sectors_id], [types_id]) VALUES (58, N'whiskeyindia', CAST(N'2000-01-30' AS Date), CAST(N'2017-10-08' AS Date), 1, 798, 4, 13)
	INSERT [dbo].[pens] ([id], [name], [constructionDate], [lastwork], [livedIn], [size], [sectors_id], [types_id]) VALUES (59, N'novembertango', CAST(N'2007-11-09' AS Date), CAST(N'2019-06-07' AS Date), 0, 216, 4, 14)
	INSERT [dbo].[pens] ([id], [name], [constructionDate], [lastwork], [livedIn], [size], [sectors_id], [types_id]) VALUES (60, N'zuludelta', CAST(N'2003-06-07' AS Date), CAST(N'2012-12-19' AS Date), 1, 222, 8, 21)
	INSERT [dbo].[pens] ([id], [name], [constructionDate], [lastwork], [livedIn], [size], [sectors_id], [types_id]) VALUES (61, N'julietjuliet', CAST(N'2003-08-05' AS Date), CAST(N'2011-05-06' AS Date), 0, 232, 8, 21)
	INSERT [dbo].[pens] ([id], [name], [constructionDate], [lastwork], [livedIn], [size], [sectors_id], [types_id]) VALUES (62, N'uniformuniform', CAST(N'1998-07-21' AS Date), CAST(N'2017-08-17' AS Date), 0, 283, 8, 21)
	INSERT [dbo].[pens] ([id], [name], [constructionDate], [lastwork], [livedIn], [size], [sectors_id], [types_id]) VALUES (63, N'novemberjuliet', CAST(N'2014-02-16' AS Date), CAST(N'2017-06-20' AS Date), 0, 332, 4, 14)
	INSERT [dbo].[pens] ([id], [name], [constructionDate], [lastwork], [livedIn], [size], [sectors_id], [types_id]) VALUES (64, N'julietyankee', CAST(N'2003-07-15' AS Date), CAST(N'2008-06-04' AS Date), 0, 413, 4, 14)
	INSERT [dbo].[pens] ([id], [name], [constructionDate], [lastwork], [livedIn], [size], [sectors_id], [types_id]) VALUES (65, N'uniformgolf', CAST(N'2013-06-10' AS Date), CAST(N'2013-10-15' AS Date), 0, 704, 4, 14)
	INSERT [dbo].[pens] ([id], [name], [constructionDate], [lastwork], [livedIn], [size], [sectors_id], [types_id]) VALUES (66, N'bravohotel', CAST(N'2004-02-15' AS Date), CAST(N'2011-05-06' AS Date), 0, 718, 4, 14)
	INSERT [dbo].[pens] ([id], [name], [constructionDate], [lastwork], [livedIn], [size], [sectors_id], [types_id]) VALUES (67, N'xrayvictor', CAST(N'2000-11-17' AS Date), CAST(N'2009-02-23' AS Date), 0, 766, 4, 14)
	INSERT [dbo].[pens] ([id], [name], [constructionDate], [lastwork], [livedIn], [size], [sectors_id], [types_id]) VALUES (68, N'whiskeyoscar', CAST(N'2000-02-15' AS Date), CAST(N'2017-09-10' AS Date), 1, 791, 4, 14)
	INSERT [dbo].[pens] ([id], [name], [constructionDate], [lastwork], [livedIn], [size], [sectors_id], [types_id]) VALUES (69, N'victorkilo', CAST(N'2009-03-05' AS Date), CAST(N'2017-07-13' AS Date), 1, 354, 5, 15)
	INSERT [dbo].[pens] ([id], [name], [constructionDate], [lastwork], [livedIn], [size], [sectors_id], [types_id]) VALUES (70, N'golfvictor', CAST(N'2013-01-25' AS Date), CAST(N'2020-03-24' AS Date), 1, 1077, 5, 15)
	INSERT [dbo].[pens] ([id], [name], [constructionDate], [lastwork], [livedIn], [size], [sectors_id], [types_id]) VALUES (71, N'indiahotel', CAST(N'1995-01-28' AS Date), CAST(N'2013-03-06' AS Date), 1, 1104, 5, 15)
	INSERT [dbo].[pens] ([id], [name], [constructionDate], [lastwork], [livedIn], [size], [sectors_id], [types_id]) VALUES (72, N'novemberzulu', CAST(N'2019-02-18' AS Date), CAST(N'2020-11-02' AS Date), 1, 1140, 5, 15)
	INSERT [dbo].[pens] ([id], [name], [constructionDate], [lastwork], [livedIn], [size], [sectors_id], [types_id]) VALUES (73, N'bravogolf', CAST(N'2008-07-03' AS Date), CAST(N'2008-07-17' AS Date), 0, 228, 6, 16)
	INSERT [dbo].[pens] ([id], [name], [constructionDate], [lastwork], [livedIn], [size], [sectors_id], [types_id]) VALUES (74, N'deltaalpha', CAST(N'2006-07-10' AS Date), CAST(N'2001-02-27' AS Date), 0, 238, 6, 16)
	INSERT [dbo].[pens] ([id], [name], [constructionDate], [lastwork], [livedIn], [size], [sectors_id], [types_id]) VALUES (75, N'foxtrotsierra', CAST(N'1998-06-03' AS Date), CAST(N'2019-04-07' AS Date), 0, 305, 6, 16)
	INSERT [dbo].[pens] ([id], [name], [constructionDate], [lastwork], [livedIn], [size], [sectors_id], [types_id]) VALUES (76, N'bravoquebec', CAST(N'1999-05-14' AS Date), CAST(N'2004-10-25' AS Date), 0, 395, 6, 16)
	INSERT [dbo].[pens] ([id], [name], [constructionDate], [lastwork], [livedIn], [size], [sectors_id], [types_id]) VALUES (77, N'mikexray', CAST(N'1997-06-24' AS Date), CAST(N'2003-04-16' AS Date), 0, 442, 6, 16)
	INSERT [dbo].[pens] ([id], [name], [constructionDate], [lastwork], [livedIn], [size], [sectors_id], [types_id]) VALUES (78, N'papauniform', CAST(N'1995-02-27' AS Date), CAST(N'2001-12-01' AS Date), 0, 206, 6, 17)
	INSERT [dbo].[pens] ([id], [name], [constructionDate], [lastwork], [livedIn], [size], [sectors_id], [types_id]) VALUES (79, N'hotelromeo', CAST(N'2007-05-22' AS Date), CAST(N'2005-02-19' AS Date), 0, 329, 6, 17)
	INSERT [dbo].[pens] ([id], [name], [constructionDate], [lastwork], [livedIn], [size], [sectors_id], [types_id]) VALUES (80, N'foxtrotoscar', CAST(N'2018-06-11' AS Date), CAST(N'2011-11-11' AS Date), 0, 531, 6, 17)
	INSERT [dbo].[pens] ([id], [name], [constructionDate], [lastwork], [livedIn], [size], [sectors_id], [types_id]) VALUES (81, N'echodelta', CAST(N'2000-06-15' AS Date), CAST(N'2019-07-06' AS Date), 0, 465, 6, 18)
	INSERT [dbo].[pens] ([id], [name], [constructionDate], [lastwork], [livedIn], [size], [sectors_id], [types_id]) VALUES (82, N'miketango', CAST(N'2000-07-09' AS Date), CAST(N'2020-12-13' AS Date), 0, 514, 6, 18)
	INSERT [dbo].[pens] ([id], [name], [constructionDate], [lastwork], [livedIn], [size], [sectors_id], [types_id]) VALUES (83, N'charliejuliet', CAST(N'2000-05-08' AS Date), CAST(N'2011-12-22' AS Date), 1, 259, 7, 19)
	INSERT [dbo].[pens] ([id], [name], [constructionDate], [lastwork], [livedIn], [size], [sectors_id], [types_id]) VALUES (84, N'novemberdelta', CAST(N'2001-07-11' AS Date), CAST(N'2006-04-11' AS Date), 1, 274, 7, 19)
	INSERT [dbo].[pens] ([id], [name], [constructionDate], [lastwork], [livedIn], [size], [sectors_id], [types_id]) VALUES (85, N'indiaquebec', CAST(N'2008-04-14' AS Date), CAST(N'2014-03-01' AS Date), 1, 353, 7, 19)
	INSERT [dbo].[pens] ([id], [name], [constructionDate], [lastwork], [livedIn], [size], [sectors_id], [types_id]) VALUES (86, N'zuluuniform', CAST(N'1999-08-30' AS Date), CAST(N'2018-05-06' AS Date), 0, 373, 7, 19)
	INSERT [dbo].[pens] ([id], [name], [constructionDate], [lastwork], [livedIn], [size], [sectors_id], [types_id]) VALUES (87, N'oscaralpha', CAST(N'2001-11-11' AS Date), CAST(N'2003-05-18' AS Date), 1, 606, 7, 19)
	INSERT [dbo].[pens] ([id], [name], [constructionDate], [lastwork], [livedIn], [size], [sectors_id], [types_id]) VALUES (88, N'victorhotel', CAST(N'1995-06-25' AS Date), CAST(N'2008-08-15' AS Date), 0, 606, 7, 19)
	INSERT [dbo].[pens] ([id], [name], [constructionDate], [lastwork], [livedIn], [size], [sectors_id], [types_id]) VALUES (89, N'limaromeo', CAST(N'2013-03-26' AS Date), CAST(N'2019-04-12' AS Date), 1, 659, 7, 19)
	INSERT [dbo].[pens] ([id], [name], [constructionDate], [lastwork], [livedIn], [size], [sectors_id], [types_id]) VALUES (90, N'bravomike', CAST(N'2002-10-16' AS Date), CAST(N'2008-10-26' AS Date), 1, 830, 7, 19)
	INSERT [dbo].[pens] ([id], [name], [constructionDate], [lastwork], [livedIn], [size], [sectors_id], [types_id]) VALUES (91, N'oscarpapa', CAST(N'1996-05-20' AS Date), CAST(N'2005-01-05' AS Date), 1, 835, 7, 19)
	INSERT [dbo].[pens] ([id], [name], [constructionDate], [lastwork], [livedIn], [size], [sectors_id], [types_id]) VALUES (92, N'xrayecho', CAST(N'2000-10-13' AS Date), CAST(N'2008-06-26' AS Date), 1, 835, 7, 19)
	INSERT [dbo].[pens] ([id], [name], [constructionDate], [lastwork], [livedIn], [size], [sectors_id], [types_id]) VALUES (93, N'julietlima', CAST(N'1998-08-11' AS Date), CAST(N'2003-06-26' AS Date), 0, 864, 7, 19)
	INSERT [dbo].[pens] ([id], [name], [constructionDate], [lastwork], [livedIn], [size], [sectors_id], [types_id]) VALUES (94, N'hotelwhiskey', CAST(N'1998-11-12' AS Date), CAST(N'2002-04-01' AS Date), 0, 864, 7, 19)
	INSERT [dbo].[pens] ([id], [name], [constructionDate], [lastwork], [livedIn], [size], [sectors_id], [types_id]) VALUES (95, N'tangoxray', CAST(N'2000-03-23' AS Date), CAST(N'2008-07-24' AS Date), 1, 1133, 7, 19)
	INSERT [dbo].[pens] ([id], [name], [constructionDate], [lastwork], [livedIn], [size], [sectors_id], [types_id]) VALUES (96, N'kilogolf', CAST(N'2015-01-21' AS Date), CAST(N'2021-01-01' AS Date), 0, 1153, 7, 19)
	INSERT [dbo].[pens] ([id], [name], [constructionDate], [lastwork], [livedIn], [size], [sectors_id], [types_id]) VALUES (97, N'romeobravo', CAST(N'2002-02-24' AS Date), CAST(N'2020-09-18' AS Date), 0, 274, 7, 20)
	INSERT [dbo].[pens] ([id], [name], [constructionDate], [lastwork], [livedIn], [size], [sectors_id], [types_id]) VALUES (98, N'novemberpapa', CAST(N'2004-08-26' AS Date), CAST(N'2020-02-08' AS Date), 0, 662, 7, 20)
	INSERT [dbo].[pens] ([id], [name], [constructionDate], [lastwork], [livedIn], [size], [sectors_id], [types_id]) VALUES (99, N'alphafoxtrot', CAST(N'2002-09-25' AS Date), CAST(N'2008-10-24' AS Date), 0, 879, 7, 20)
	INSERT [dbo].[pens] ([id], [name], [constructionDate], [lastwork], [livedIn], [size], [sectors_id], [types_id]) VALUES (100, N'romeosierra', CAST(N'2001-05-22' AS Date), CAST(N'2009-01-26' AS Date), 0, 1169, 7, 20)


	    COMMIT TRANSACTION
  END TRY
  BEGIN CATCH
      ROLLBACK TRANSACTION
  END CATCH

  SET IDENTITY_INSERT [dbo].[pens] OFF
GO


SET IDENTITY_INSERT [dbo].[employees] ON

BEGIN TRANSACTION 
  BEGIN TRY

	INSERT [dbo].[employees] ([id], [contractnumber], [acronym], [lastname], [firstname], [birthdate], [sex_id]) VALUES (1, N'16971217-1421', N'TGT', N'Terry', N'Grant', CAST(N'1977-04-19' AS Date), 1)
	INSERT [dbo].[employees] ([id], [contractnumber], [acronym], [lastname], [firstname], [birthdate], [sex_id]) VALUES (2, N'16150808-7739', N'PLN', N'Porter', N'Lillian', CAST(N'1979-01-08' AS Date), 2)
	INSERT [dbo].[employees] ([id], [contractnumber], [acronym], [lastname], [firstname], [birthdate], [sex_id]) VALUES (3, N'16510607-1169', N'KDE', N'Kline', N'Dane', CAST(N'1963-12-12' AS Date), 1)
	INSERT [dbo].[employees] ([id], [contractnumber], [acronym], [lastname], [firstname], [birthdate], [sex_id]) VALUES (4, N'16591218-0584', N'CJE', N'Chang', N'Jade', CAST(N'1990-07-08' AS Date), 2)
	INSERT [dbo].[employees] ([id], [contractnumber], [acronym], [lastname], [firstname], [birthdate], [sex_id]) VALUES (5, N'16170617-9064', N'AHS', N'Anthony', N'Hayes', CAST(N'1959-08-08' AS Date), 1)
	INSERT [dbo].[employees] ([id], [contractnumber], [acronym], [lastname], [firstname], [birthdate], [sex_id]) VALUES (6, N'16080727-9641', N'LLO', N'Lara', N'Leo', CAST(N'2000-01-21' AS Date), 1)
	INSERT [dbo].[employees] ([id], [contractnumber], [acronym], [lastname], [firstname], [birthdate], [sex_id]) VALUES (7, N'16080121-6664', N'FIL', N'Fulton', N'Ishmael', CAST(N'1945-09-10' AS Date), 1)
	INSERT [dbo].[employees] ([id], [contractnumber], [acronym], [lastname], [firstname], [birthdate], [sex_id]) VALUES (8, N'16490304-8801', N'HAN', N'Hood', N'Alvin', CAST(N'1943-11-29' AS Date), 1)
	INSERT [dbo].[employees] ([id], [contractnumber], [acronym], [lastname], [firstname], [birthdate], [sex_id]) VALUES (9, N'16810718-1342', N'GJN', N'Glenn', N'Jillian', CAST(N'1956-04-04' AS Date), 2)
	INSERT [dbo].[employees] ([id], [contractnumber], [acronym], [lastname], [firstname], [birthdate], [sex_id]) VALUES (10, N'16060714-6677', N'FWR', N'Fowler', N'Winter', CAST(N'2003-05-08' AS Date), 2)
	INSERT [dbo].[employees] ([id], [contractnumber], [acronym], [lastname], [firstname], [birthdate], [sex_id]) VALUES (11, N'16170206-4039', N'CMY', N'Carey', N'Mallory', CAST(N'1985-06-22' AS Date), 2)
	INSERT [dbo].[employees] ([id], [contractnumber], [acronym], [lastname], [firstname], [birthdate], [sex_id]) VALUES (12, N'16151102-8985', N'HZA', N'Holt', N'Zia', CAST(N'1955-02-09' AS Date), 2)
	INSERT [dbo].[employees] ([id], [contractnumber], [acronym], [lastname], [firstname], [birthdate], [sex_id]) VALUES (13, N'16880229-2170', N'ETM', N'Emerson', N'Tatum', CAST(N'2005-05-17' AS Date), 2)
	INSERT [dbo].[employees] ([id], [contractnumber], [acronym], [lastname], [firstname], [birthdate], [sex_id]) VALUES (14, N'16660229-3521', N'WON', N'Witt', N'Owen', CAST(N'1999-02-13' AS Date), 1)
	INSERT [dbo].[employees] ([id], [contractnumber], [acronym], [lastname], [firstname], [birthdate], [sex_id]) VALUES (15, N'16300214-4271', N'HSN', N'Herman', N'Stephen', CAST(N'1946-01-02' AS Date), 1)
	INSERT [dbo].[employees] ([id], [contractnumber], [acronym], [lastname], [firstname], [birthdate], [sex_id]) VALUES (16, N'16561223-7395', N'JJS', N'Joyce', N'Jonas', CAST(N'1966-07-07' AS Date), 1)
	INSERT [dbo].[employees] ([id], [contractnumber], [acronym], [lastname], [firstname], [birthdate], [sex_id]) VALUES (17, N'16521122-5759', N'GBE', N'Garza', N'Brynne', CAST(N'1979-07-12' AS Date), 2)
	INSERT [dbo].[employees] ([id], [contractnumber], [acronym], [lastname], [firstname], [birthdate], [sex_id]) VALUES (18, N'16530423-0245', N'WJE', N'Walsh', N'Julie', CAST(N'1971-02-08' AS Date), 2)
	INSERT [dbo].[employees] ([id], [contractnumber], [acronym], [lastname], [firstname], [birthdate], [sex_id]) VALUES (19, N'16320126-4490', N'HHH', N'Hodges', N'Hannah', CAST(N'1986-10-07' AS Date), 2)
	INSERT [dbo].[employees] ([id], [contractnumber], [acronym], [lastname], [firstname], [birthdate], [sex_id]) VALUES (20, N'16791110-6271', N'FDA', N'Flowers', N'Dora', CAST(N'1964-03-01' AS Date), 2)
	INSERT [dbo].[employees] ([id], [contractnumber], [acronym], [lastname], [firstname], [birthdate], [sex_id]) VALUES (21, N'16991029-3795', N'MML', N'Melton', N'Marshall', CAST(N'2000-06-07' AS Date), 1)
	INSERT [dbo].[employees] ([id], [contractnumber], [acronym], [lastname], [firstname], [birthdate], [sex_id]) VALUES (22, N'16550923-1691', N'RJR', N'Riddle', N'Jasper', CAST(N'2004-03-09' AS Date), 1)
	INSERT [dbo].[employees] ([id], [contractnumber], [acronym], [lastname], [firstname], [birthdate], [sex_id]) VALUES (23, N'16530421-7713', N'RSA', N'Reeves', N'Stella', CAST(N'1993-06-02' AS Date), 2)
	INSERT [dbo].[employees] ([id], [contractnumber], [acronym], [lastname], [firstname], [birthdate], [sex_id]) VALUES (24, N'16310227-6205', N'PCA', N'Patterson', N'Cora', CAST(N'2003-08-07' AS Date), 2)
	INSERT [dbo].[employees] ([id], [contractnumber], [acronym], [lastname], [firstname], [birthdate], [sex_id]) VALUES (25, N'16291216-4718', N'FYY', N'Farrell', N'Yardley', CAST(N'1951-02-13' AS Date), 1)
	INSERT [dbo].[employees] ([id], [contractnumber], [acronym], [lastname], [firstname], [birthdate], [sex_id]) VALUES (26, N'16511205-7715', N'LDR', N'Lane', N'Dieter', CAST(N'1945-08-08' AS Date), 1)
	INSERT [dbo].[employees] ([id], [contractnumber], [acronym], [lastname], [firstname], [birthdate], [sex_id]) VALUES (27, N'16631007-2209', N'HFH', N'Humphrey', N'Farrah', CAST(N'1991-05-04' AS Date), 2)
	INSERT [dbo].[employees] ([id], [contractnumber], [acronym], [lastname], [firstname], [birthdate], [sex_id]) VALUES (28, N'16811208-9381', N'FCA', N'Frazier', N'Cynthia', CAST(N'1956-02-09' AS Date), 2)
	INSERT [dbo].[employees] ([id], [contractnumber], [acronym], [lastname], [firstname], [birthdate], [sex_id]) VALUES (29, N'16080720-4912', N'BTR', N'Bass', N'Thor', CAST(N'1975-03-01' AS Date), 1)
	INSERT [dbo].[employees] ([id], [contractnumber], [acronym], [lastname], [firstname], [birthdate], [sex_id]) VALUES (30, N'16320914-3233', N'MGE', N'Mendez', N'Guinevere', CAST(N'1991-03-21' AS Date), 2)
	INSERT [dbo].[employees] ([id], [contractnumber], [acronym], [lastname], [firstname], [birthdate], [sex_id]) VALUES (31, N'16411204-1100', N'SJE', N'Stone', N'Jessamine', CAST(N'1950-10-16' AS Date), 2)
	INSERT [dbo].[employees] ([id], [contractnumber], [acronym], [lastname], [firstname], [birthdate], [sex_id]) VALUES (32, N'16971104-9719', N'HXA', N'Howard', N'Xandra', CAST(N'1940-06-16' AS Date), 2)
	INSERT [dbo].[employees] ([id], [contractnumber], [acronym], [lastname], [firstname], [birthdate], [sex_id]) VALUES (33, N'16280918-9315', N'HSA', N'Harrison', N'Sara', CAST(N'1993-01-13' AS Date), 2)
	INSERT [dbo].[employees] ([id], [contractnumber], [acronym], [lastname], [firstname], [birthdate], [sex_id]) VALUES (34, N'16041021-5156', N'DUA', N'Duffy', N'Ulla', CAST(N'1986-12-09' AS Date), 2)
	INSERT [dbo].[employees] ([id], [contractnumber], [acronym], [lastname], [firstname], [birthdate], [sex_id]) VALUES (35, N'16980311-8471', N'SAO', N'Salinas', N'Armando', CAST(N'1963-11-04' AS Date), 1)
	INSERT [dbo].[employees] ([id], [contractnumber], [acronym], [lastname], [firstname], [birthdate], [sex_id]) VALUES (36, N'16170214-5663', N'LAT', N'Larsen', N'Amethyst', CAST(N'1995-01-24' AS Date), 2)
	INSERT [dbo].[employees] ([id], [contractnumber], [acronym], [lastname], [firstname], [birthdate], [sex_id]) VALUES (37, N'16051015-6730', N'MBY', N'Mckee', N'Brittany', CAST(N'1952-07-10' AS Date), 2)
	INSERT [dbo].[employees] ([id], [contractnumber], [acronym], [lastname], [firstname], [birthdate], [sex_id]) VALUES (38, N'16800704-1703', N'BIA', N'Barron', N'Iola', CAST(N'1941-12-27' AS Date), 2)
	INSERT [dbo].[employees] ([id], [contractnumber], [acronym], [lastname], [firstname], [birthdate], [sex_id]) VALUES (39, N'16290425-2133', N'BRN', N'Beach', N'Rosalyn', CAST(N'1989-04-19' AS Date), 2)
	INSERT [dbo].[employees] ([id], [contractnumber], [acronym], [lastname], [firstname], [birthdate], [sex_id]) VALUES (40, N'16230405-3008', N'NIA', N'Navarro', N'Ila', CAST(N'1946-08-31' AS Date), 2)
	INSERT [dbo].[employees] ([id], [contractnumber], [acronym], [lastname], [firstname], [birthdate], [sex_id]) VALUES (41, N'16840617-8932', N'FRL', N'Fleming', N'Rafael', CAST(N'1955-01-23' AS Date), 1)
	INSERT [dbo].[employees] ([id], [contractnumber], [acronym], [lastname], [firstname], [birthdate], [sex_id]) VALUES (42, N'16450201-0327', N'MIA', N'Mckenzie', N'Iliana', CAST(N'1977-09-30' AS Date), 2)
	INSERT [dbo].[employees] ([id], [contractnumber], [acronym], [lastname], [firstname], [birthdate], [sex_id]) VALUES (43, N'16240914-3290', N'WME', N'Woodward', N'Maxine', CAST(N'1994-05-20' AS Date), 2)
	INSERT [dbo].[employees] ([id], [contractnumber], [acronym], [lastname], [firstname], [birthdate], [sex_id]) VALUES (44, N'16040605-6358', N'AGN', N'Alvarado', N'Gavin', CAST(N'2005-01-19' AS Date), 1)
	INSERT [dbo].[employees] ([id], [contractnumber], [acronym], [lastname], [firstname], [birthdate], [sex_id]) VALUES (45, N'16850115-9977', N'SSA', N'Shaw', N'Selma', CAST(N'1998-12-03' AS Date), 2)
	INSERT [dbo].[employees] ([id], [contractnumber], [acronym], [lastname], [firstname], [birthdate], [sex_id]) VALUES (46, N'16510126-0064', N'LNE', N'Lott', N'Nichole', CAST(N'1993-07-12' AS Date), 2)
	INSERT [dbo].[employees] ([id], [contractnumber], [acronym], [lastname], [firstname], [birthdate], [sex_id]) VALUES (47, N'16321114-6034', N'BOA', N'Bright', N'Olivia', CAST(N'1967-12-02' AS Date), 2)
	INSERT [dbo].[employees] ([id], [contractnumber], [acronym], [lastname], [firstname], [birthdate], [sex_id]) VALUES (48, N'16100326-2639', N'HBR', N'Harrington', N'Briar', CAST(N'1943-04-12' AS Date), 2)
	INSERT [dbo].[employees] ([id], [contractnumber], [acronym], [lastname], [firstname], [birthdate], [sex_id]) VALUES (49, N'16870119-7454', N'PUE', N'Potter', N'Urielle', CAST(N'1960-12-31' AS Date), 2)
	INSERT [dbo].[employees] ([id], [contractnumber], [acronym], [lastname], [firstname], [birthdate], [sex_id]) VALUES (50, N'16600101-7323', N'MJE', N'Morin', N'Jayme', CAST(N'1996-08-08' AS Date), 2)
	INSERT [dbo].[employees] ([id], [contractnumber], [acronym], [lastname], [firstname], [birthdate], [sex_id]) VALUES (51, N'16300712-2090', N'FKY', N'French', N'Kerry', CAST(N'1965-09-22' AS Date), 2)
	INSERT [dbo].[employees] ([id], [contractnumber], [acronym], [lastname], [firstname], [birthdate], [sex_id]) VALUES (52, N'16950201-6455', N'GJH', N'Gilmore', N'Judith', CAST(N'1968-05-21' AS Date), 2)
	INSERT [dbo].[employees] ([id], [contractnumber], [acronym], [lastname], [firstname], [birthdate], [sex_id]) VALUES (53, N'16520614-9691', N'HML', N'Hubbard', N'Marshall', CAST(N'1940-03-05' AS Date), 1)
	INSERT [dbo].[employees] ([id], [contractnumber], [acronym], [lastname], [firstname], [birthdate], [sex_id]) VALUES (54, N'16151215-0044', N'SNO', N'Swanson', N'Nero', CAST(N'1981-07-28' AS Date), 1)
	INSERT [dbo].[employees] ([id], [contractnumber], [acronym], [lastname], [firstname], [birthdate], [sex_id]) VALUES (55, N'16950620-6987', N'RJN', N'Ruiz', N'Jin', CAST(N'1976-01-12' AS Date), 1)
	INSERT [dbo].[employees] ([id], [contractnumber], [acronym], [lastname], [firstname], [birthdate], [sex_id]) VALUES (56, N'16670509-3539', N'RJA', N'Rosa', N'Jena', CAST(N'1995-06-08' AS Date), 2)
	INSERT [dbo].[employees] ([id], [contractnumber], [acronym], [lastname], [firstname], [birthdate], [sex_id]) VALUES (57, N'16770929-9932', N'DUY', N'Daugherty', N'Umay', CAST(N'1982-06-02' AS Date), 2)
	INSERT [dbo].[employees] ([id], [contractnumber], [acronym], [lastname], [firstname], [birthdate], [sex_id]) VALUES (58, N'16700608-1694', N'LKY', N'Lamb', N'Karly', CAST(N'2002-04-26' AS Date), 2)
	INSERT [dbo].[employees] ([id], [contractnumber], [acronym], [lastname], [firstname], [birthdate], [sex_id]) VALUES (59, N'16730801-2553', N'AHN', N'Ashley', N'Hayden', CAST(N'1995-07-27' AS Date), 1)
	INSERT [dbo].[employees] ([id], [contractnumber], [acronym], [lastname], [firstname], [birthdate], [sex_id]) VALUES (60, N'16220303-6773', N'BJR', N'Blanchard', N'Jennifer', CAST(N'1940-08-22' AS Date), 2)
	INSERT [dbo].[employees] ([id], [contractnumber], [acronym], [lastname], [firstname], [birthdate], [sex_id]) VALUES (61, N'16440403-9622', N'MRH', N'Meyer', N'Ruth', CAST(N'1992-02-24' AS Date), 2)
	INSERT [dbo].[employees] ([id], [contractnumber], [acronym], [lastname], [firstname], [birthdate], [sex_id]) VALUES (62, N'16760826-6321', N'BUC', N'Brewer', N'Ulric', CAST(N'2002-12-10' AS Date), 1)
	INSERT [dbo].[employees] ([id], [contractnumber], [acronym], [lastname], [firstname], [birthdate], [sex_id]) VALUES (63, N'16131115-9782', N'FVA', N'Fitzgerald', N'Veda', CAST(N'2002-04-02' AS Date), 2)
	INSERT [dbo].[employees] ([id], [contractnumber], [acronym], [lastname], [firstname], [birthdate], [sex_id]) VALUES (64, N'16670104-7935', N'SGE', N'Snyder', N'Geraldine', CAST(N'1975-03-14' AS Date), 2)
	INSERT [dbo].[employees] ([id], [contractnumber], [acronym], [lastname], [firstname], [birthdate], [sex_id]) VALUES (65, N'16201201-7915', N'CIR', N'Cooper', N'Ivor', CAST(N'1977-11-08' AS Date), 1)
	INSERT [dbo].[employees] ([id], [contractnumber], [acronym], [lastname], [firstname], [birthdate], [sex_id]) VALUES (66, N'16600607-4808', N'PAN', N'Perry', N'Ashton', CAST(N'1970-03-26' AS Date), 1)
	INSERT [dbo].[employees] ([id], [contractnumber], [acronym], [lastname], [firstname], [birthdate], [sex_id]) VALUES (67, N'16880106-2699', N'WWY', N'Ware', N'Wendy', CAST(N'1989-11-22' AS Date), 2)
	INSERT [dbo].[employees] ([id], [contractnumber], [acronym], [lastname], [firstname], [birthdate], [sex_id]) VALUES (68, N'16021022-8755', N'WDI', N'Woods', N'Dai', CAST(N'1951-10-09' AS Date), 2)
	INSERT [dbo].[employees] ([id], [contractnumber], [acronym], [lastname], [firstname], [birthdate], [sex_id]) VALUES (69, N'16940914-5662', N'MNA', N'Madden', N'Nyssa', CAST(N'1952-02-24' AS Date), 2)
	INSERT [dbo].[employees] ([id], [contractnumber], [acronym], [lastname], [firstname], [birthdate], [sex_id]) VALUES (70, N'16891203-3951', N'BLY', N'Booker', N'Lesley', CAST(N'1961-01-01' AS Date), 2)
	INSERT [dbo].[employees] ([id], [contractnumber], [acronym], [lastname], [firstname], [birthdate], [sex_id]) VALUES (71, N'16251226-4413', N'DHM', N'Dyer', N'Hiram', CAST(N'1951-01-27' AS Date), 1)
	INSERT [dbo].[employees] ([id], [contractnumber], [acronym], [lastname], [firstname], [birthdate], [sex_id]) VALUES (72, N'16031130-7037', N'CAO', N'Conway', N'Arsenio', CAST(N'1990-11-25' AS Date), 1)
	INSERT [dbo].[employees] ([id], [contractnumber], [acronym], [lastname], [firstname], [birthdate], [sex_id]) VALUES (73, N'16401224-4168', N'FCN', N'Figueroa', N'Cameron', CAST(N'1997-09-30' AS Date), 1)
	INSERT [dbo].[employees] ([id], [contractnumber], [acronym], [lastname], [firstname], [birthdate], [sex_id]) VALUES (74, N'16210611-6425', N'HNL', N'Haynes', N'Nigel', CAST(N'2000-07-07' AS Date), 1)
	INSERT [dbo].[employees] ([id], [contractnumber], [acronym], [lastname], [firstname], [birthdate], [sex_id]) VALUES (75, N'16691105-5801', N'MGL', N'Morris', N'Gabriel', CAST(N'1953-10-29' AS Date), 1)
	INSERT [dbo].[employees] ([id], [contractnumber], [acronym], [lastname], [firstname], [birthdate], [sex_id]) VALUES (76, N'16450629-3192', N'HCS', N'Hutchinson', N'Carlos', CAST(N'1986-12-31' AS Date), 1)
	INSERT [dbo].[employees] ([id], [contractnumber], [acronym], [lastname], [firstname], [birthdate], [sex_id]) VALUES (77, N'16470314-3422', N'ADE', N'Arnold', N'Denise', CAST(N'1984-05-27' AS Date), 2)
	INSERT [dbo].[employees] ([id], [contractnumber], [acronym], [lastname], [firstname], [birthdate], [sex_id]) VALUES (78, N'16720207-7207', N'RRN', N'Rosa', N'Reagan', CAST(N'1990-09-11' AS Date), 2)
	INSERT [dbo].[employees] ([id], [contractnumber], [acronym], [lastname], [firstname], [birthdate], [sex_id]) VALUES (79, N'16080319-5726', N'CNM', N'Cochran', N'Nissim', CAST(N'1978-12-01' AS Date), 1)
	INSERT [dbo].[employees] ([id], [contractnumber], [acronym], [lastname], [firstname], [birthdate], [sex_id]) VALUES (80, N'16750426-3182', N'HKR', N'Hinton', N'Kasper', CAST(N'1980-12-18' AS Date), 1)
	INSERT [dbo].[employees] ([id], [contractnumber], [acronym], [lastname], [firstname], [birthdate], [sex_id]) VALUES (81, N'16180102-1658', N'WLL', N'White', N'Laurel', CAST(N'1958-05-23' AS Date), 2)
	INSERT [dbo].[employees] ([id], [contractnumber], [acronym], [lastname], [firstname], [birthdate], [sex_id]) VALUES (82, N'16210918-5021', N'MCY', N'Mcclain', N'Casey', CAST(N'1959-08-19' AS Date), 2)
	INSERT [dbo].[employees] ([id], [contractnumber], [acronym], [lastname], [firstname], [birthdate], [sex_id]) VALUES (83, N'16160428-2424', N'FML', N'Fitzgerald', N'Michael', CAST(N'1952-09-24' AS Date), 1)
	INSERT [dbo].[employees] ([id], [contractnumber], [acronym], [lastname], [firstname], [birthdate], [sex_id]) VALUES (84, N'16661218-4843', N'BGH', N'Bullock', N'Griffith', CAST(N'1987-12-27' AS Date), 1)
	INSERT [dbo].[employees] ([id], [contractnumber], [acronym], [lastname], [firstname], [birthdate], [sex_id]) VALUES (85, N'16360809-1173', N'MTD', N'Manning', N'Todd', CAST(N'2000-07-16' AS Date), 1)
	INSERT [dbo].[employees] ([id], [contractnumber], [acronym], [lastname], [firstname], [birthdate], [sex_id]) VALUES (86, N'16670605-4019', N'CSE', N'Cooke', N'Shellie', CAST(N'1991-10-04' AS Date), 2)
	INSERT [dbo].[employees] ([id], [contractnumber], [acronym], [lastname], [firstname], [birthdate], [sex_id]) VALUES (87, N'16071107-9756', N'CKN', N'Carver', N'Kirsten', CAST(N'1972-02-03' AS Date), 2)
	INSERT [dbo].[employees] ([id], [contractnumber], [acronym], [lastname], [firstname], [birthdate], [sex_id]) VALUES (88, N'16091219-3059', N'GTA', N'rdon', N'Tara', CAST(N'1973-01-04' AS Date), 2)
	INSERT [dbo].[employees] ([id], [contractnumber], [acronym], [lastname], [firstname], [birthdate], [sex_id]) VALUES (89, N'16750526-8412', N'HNA', N'Hunt', N'Nita', CAST(N'1949-02-07' AS Date), 2)
	INSERT [dbo].[employees] ([id], [contractnumber], [acronym], [lastname], [firstname], [birthdate], [sex_id]) VALUES (90, N'16540312-0362', N'SHR', N'Sanford', N'Harper', CAST(N'1969-01-17' AS Date), 1)
	INSERT [dbo].[employees] ([id], [contractnumber], [acronym], [lastname], [firstname], [birthdate], [sex_id]) VALUES (91, N'16071212-7174', N'GAA', N'Guerra', N'Adena', CAST(N'2002-01-17' AS Date), 2)
	INSERT [dbo].[employees] ([id], [contractnumber], [acronym], [lastname], [firstname], [birthdate], [sex_id]) VALUES (92, N'16101112-0126', N'LCA', N'Leblanc', N'Ciara', CAST(N'1964-06-10' AS Date), 2)
	INSERT [dbo].[employees] ([id], [contractnumber], [acronym], [lastname], [firstname], [birthdate], [sex_id]) VALUES (93, N'16151010-9091', N'TAE', N'Trujillo', N'Aristotle', CAST(N'1985-06-24' AS Date), 1)
	INSERT [dbo].[employees] ([id], [contractnumber], [acronym], [lastname], [firstname], [birthdate], [sex_id]) VALUES (94, N'16380530-9196', N'WSY', N'Wheeler', N'Shelby', CAST(N'1970-03-02' AS Date), 2)
	INSERT [dbo].[employees] ([id], [contractnumber], [acronym], [lastname], [firstname], [birthdate], [sex_id]) VALUES (95, N'16391206-5913', N'CCY', N'Castaneda', N'Chaney', CAST(N'1991-06-09' AS Date), 1)
	INSERT [dbo].[employees] ([id], [contractnumber], [acronym], [lastname], [firstname], [birthdate], [sex_id]) VALUES (96, N'16350121-5747', N'CGN', N'Clements', N'Gwendolyn', CAST(N'1962-09-17' AS Date), 2)
	INSERT [dbo].[employees] ([id], [contractnumber], [acronym], [lastname], [firstname], [birthdate], [sex_id]) VALUES (97, N'16591007-1934', N'DOR', N'Drake', N'Oscar', CAST(N'1941-02-12' AS Date), 1)
	INSERT [dbo].[employees] ([id], [contractnumber], [acronym], [lastname], [firstname], [birthdate], [sex_id]) VALUES (98, N'16800110-4523', N'RCE', N'Roberts', N'Cole', CAST(N'1969-08-16' AS Date), 1)
	INSERT [dbo].[employees] ([id], [contractnumber], [acronym], [lastname], [firstname], [birthdate], [sex_id]) VALUES (99, N'16461120-7715', N'WAA', N'Williamson', N'Amena', CAST(N'1985-01-03' AS Date), 2)

    COMMIT TRANSACTION
  END TRY
  BEGIN CATCH
      ROLLBACK TRANSACTION
  END CATCH

  SET IDENTITY_INSERT [dbo].[employees] OFF
GO


SET IDENTITY_INSERT [dbo].[animals] ON 

BEGIN TRANSACTION 
  BEGIN TRY

	INSERT [dbo].[animals] ([id], [name], [birthdate], [lastfeed], [remark], [species_id], [sex_id], [pens_id], [mother_id], [father_id]) VALUES (1, N'Colt', CAST(N'2000-01-04' AS Date), CAST(N'2021-01-21T09:20:00.000' AS DateTime), NULL, 32, 1, 57, NULL, NULL)
	INSERT [dbo].[animals] ([id], [name], [birthdate], [lastfeed], [remark], [species_id], [sex_id], [pens_id], [mother_id], [father_id]) VALUES (2, N'Keaton', CAST(N'2000-03-08' AS Date), CAST(N'2021-01-21T10:20:00.000' AS DateTime), NULL, 26, 1, 62, NULL, NULL)
	INSERT [dbo].[animals] ([id], [name], [birthdate], [lastfeed], [remark], [species_id], [sex_id], [pens_id], [mother_id], [father_id]) VALUES (3, N'Callie', CAST(N'2000-03-12' AS Date), CAST(N'2021-01-21T12:10:00.000' AS DateTime), NULL, 37, 2, 28, NULL, NULL)
	INSERT [dbo].[animals] ([id], [name], [birthdate], [lastfeed], [remark], [species_id], [sex_id], [pens_id], [mother_id], [father_id]) VALUES (4, N'Keefe', CAST(N'2000-03-20' AS Date), CAST(N'2021-01-21T13:20:00.000' AS DateTime), NULL, 16, 1, 25, NULL, NULL)
	INSERT [dbo].[animals] ([id], [name], [birthdate], [lastfeed], [remark], [species_id], [sex_id], [pens_id], [mother_id], [father_id]) VALUES (5, N'Asher', CAST(N'2000-04-20' AS Date), CAST(N'2021-01-21T11:20:00.000' AS DateTime), NULL, 1, 1, 27, NULL, NULL)
	INSERT [dbo].[animals] ([id], [name], [birthdate], [lastfeed], [remark], [species_id], [sex_id], [pens_id], [mother_id], [father_id]) VALUES (6, N'Alexander', CAST(N'2000-05-30' AS Date), CAST(N'2021-01-21T09:30:00.000' AS DateTime), NULL, 5, 1, 61, NULL, NULL)
	INSERT [dbo].[animals] ([id], [name], [birthdate], [lastfeed], [remark], [species_id], [sex_id], [pens_id], [mother_id], [father_id]) VALUES (7, N'Cody', CAST(N'2000-06-12' AS Date), CAST(N'2021-01-21T14:50:00.000' AS DateTime), NULL, 3, 1, 49, NULL, NULL)
	INSERT [dbo].[animals] ([id], [name], [birthdate], [lastfeed], [remark], [species_id], [sex_id], [pens_id], [mother_id], [father_id]) VALUES (8, N'Evangeline', CAST(N'2000-08-16' AS Date), CAST(N'2021-01-21T15:00:00.000' AS DateTime), NULL, 12, 2, 52, NULL, NULL)
	INSERT [dbo].[animals] ([id], [name], [birthdate], [lastfeed], [remark], [species_id], [sex_id], [pens_id], [mother_id], [father_id]) VALUES (9, N'Nicholas', CAST(N'2000-09-23' AS Date), CAST(N'2021-01-21T09:30:00.000' AS DateTime), NULL, 5, 1, 61, NULL, NULL)
	INSERT [dbo].[animals] ([id], [name], [birthdate], [lastfeed], [remark], [species_id], [sex_id], [pens_id], [mother_id], [father_id]) VALUES (10, N'Aimee', CAST(N'2000-12-23' AS Date), CAST(N'2021-01-21T15:50:00.000' AS DateTime), NULL, 10, 2, 72, NULL, NULL)
	INSERT [dbo].[animals] ([id], [name], [birthdate], [lastfeed], [remark], [species_id], [sex_id], [pens_id], [mother_id], [father_id]) VALUES (11, N'Jordan', CAST(N'2001-01-23' AS Date), CAST(N'2021-01-21T09:20:00.000' AS DateTime), NULL, 35, 2, 97, NULL, NULL)
	INSERT [dbo].[animals] ([id], [name], [birthdate], [lastfeed], [remark], [species_id], [sex_id], [pens_id], [mother_id], [father_id]) VALUES (12, N'Mark', CAST(N'2001-02-28' AS Date), CAST(N'2021-01-21T09:40:00.000' AS DateTime), NULL, 14, 1, 48, NULL, NULL)
	INSERT [dbo].[animals] ([id], [name], [birthdate], [lastfeed], [remark], [species_id], [sex_id], [pens_id], [mother_id], [father_id]) VALUES (13, N'Noelle', CAST(N'2001-03-25' AS Date), CAST(N'2021-01-21T10:50:00.000' AS DateTime), NULL, 7, 2, 93, NULL, NULL)
	INSERT [dbo].[animals] ([id], [name], [birthdate], [lastfeed], [remark], [species_id], [sex_id], [pens_id], [mother_id], [father_id]) VALUES (14, N'Kareem', CAST(N'2001-04-28' AS Date), CAST(N'2021-01-21T11:20:00.000' AS DateTime), NULL, 1, 1, 27, NULL, NULL)
	INSERT [dbo].[animals] ([id], [name], [birthdate], [lastfeed], [remark], [species_id], [sex_id], [pens_id], [mother_id], [father_id]) VALUES (15, N'Norman', CAST(N'2001-08-26' AS Date), CAST(N'2021-01-21T11:25:00.000' AS DateTime), NULL, 31, 1, 64, NULL, NULL)
	INSERT [dbo].[animals] ([id], [name], [birthdate], [lastfeed], [remark], [species_id], [sex_id], [pens_id], [mother_id], [father_id]) VALUES (16, N'Chase', CAST(N'2001-09-02' AS Date), CAST(N'2021-01-21T16:45:00.000' AS DateTime), NULL, 9, 1, 69, NULL, NULL)
	INSERT [dbo].[animals] ([id], [name], [birthdate], [lastfeed], [remark], [species_id], [sex_id], [pens_id], [mother_id], [father_id]) VALUES (17, N'Mannix', CAST(N'2001-09-12' AS Date), CAST(N'2021-01-21T09:30:00.000' AS DateTime), NULL, 5, 1, 61, NULL, NULL)
	INSERT [dbo].[animals] ([id], [name], [birthdate], [lastfeed], [remark], [species_id], [sex_id], [pens_id], [mother_id], [father_id]) VALUES (18, N'Arden', CAST(N'2001-11-07' AS Date), CAST(N'2021-01-21T14:00:00.000' AS DateTime), NULL, 20, 1, 89, NULL, NULL)
	INSERT [dbo].[animals] ([id], [name], [birthdate], [lastfeed], [remark], [species_id], [sex_id], [pens_id], [mother_id], [father_id]) VALUES (19, N'Aquila', CAST(N'2001-12-14' AS Date), CAST(N'2021-01-21T16:30:00.000' AS DateTime), NULL, 25, 1, 90, NULL, NULL)
	INSERT [dbo].[animals] ([id], [name], [birthdate], [lastfeed], [remark], [species_id], [sex_id], [pens_id], [mother_id], [father_id]) VALUES (20, N'Zephyr', CAST(N'2002-02-27' AS Date), CAST(N'2021-01-21T12:10:00.000' AS DateTime), NULL, 37, 1, 28, 3, NULL)
	INSERT [dbo].[animals] ([id], [name], [birthdate], [lastfeed], [remark], [species_id], [sex_id], [pens_id], [mother_id], [father_id]) VALUES (21, N'Dominic', CAST(N'2002-06-29' AS Date), CAST(N'2021-01-21T09:20:00.000' AS DateTime), NULL, 35, 1, 97, NULL, NULL)
	INSERT [dbo].[animals] ([id], [name], [birthdate], [lastfeed], [remark], [species_id], [sex_id], [pens_id], [mother_id], [father_id]) VALUES (22, N'Zephania', CAST(N'2002-09-06' AS Date), CAST(N'2021-01-21T09:30:00.000' AS DateTime), NULL, 5, 1, 61, NULL, NULL)
	INSERT [dbo].[animals] ([id], [name], [birthdate], [lastfeed], [remark], [species_id], [sex_id], [pens_id], [mother_id], [father_id]) VALUES (23, N'Isabelle', CAST(N'2002-09-12' AS Date), CAST(N'2021-01-21T09:40:00.000' AS DateTime), NULL, 14, 2, 48, NULL, NULL)
	INSERT [dbo].[animals] ([id], [name], [birthdate], [lastfeed], [remark], [species_id], [sex_id], [pens_id], [mother_id], [father_id]) VALUES (24, N'Louis', CAST(N'2002-10-12' AS Date), CAST(N'2021-01-21T10:50:00.000' AS DateTime), NULL, 7, 1, 93, NULL, NULL)
	INSERT [dbo].[animals] ([id], [name], [birthdate], [lastfeed], [remark], [species_id], [sex_id], [pens_id], [mother_id], [father_id]) VALUES (25, N'Zeph', CAST(N'2002-11-20' AS Date), CAST(N'2021-01-21T11:35:00.000' AS DateTime), NULL, 6, 1, 59, NULL, NULL)
	INSERT [dbo].[animals] ([id], [name], [birthdate], [lastfeed], [remark], [species_id], [sex_id], [pens_id], [mother_id], [father_id]) VALUES (26, N'Isabelle', CAST(N'2003-01-06' AS Date), CAST(N'2021-01-21T09:15:00.000' AS DateTime), NULL, 38, 2, 66, NULL, NULL)
	INSERT [dbo].[animals] ([id], [name], [birthdate], [lastfeed], [remark], [species_id], [sex_id], [pens_id], [mother_id], [father_id]) VALUES (27, N'Leo', CAST(N'2003-01-19' AS Date), CAST(N'2021-01-21T14:50:00.000' AS DateTime), NULL, 3, 1, 49, NULL, NULL)
	INSERT [dbo].[animals] ([id], [name], [birthdate], [lastfeed], [remark], [species_id], [sex_id], [pens_id], [mother_id], [father_id]) VALUES (28, N'Keely', CAST(N'2003-02-26' AS Date), CAST(N'2021-01-21T12:05:00.000' AS DateTime), NULL, 2, 2, 55, NULL, NULL)
	INSERT [dbo].[animals] ([id], [name], [birthdate], [lastfeed], [remark], [species_id], [sex_id], [pens_id], [mother_id], [father_id]) VALUES (29, N'Hedy', CAST(N'2003-03-24' AS Date), CAST(N'2021-01-21T11:35:00.000' AS DateTime), NULL, 6, 2, 59, NULL, NULL)
	INSERT [dbo].[animals] ([id], [name], [birthdate], [lastfeed], [remark], [species_id], [sex_id], [pens_id], [mother_id], [father_id]) VALUES (30, N'Richard', CAST(N'2003-05-09' AS Date), CAST(N'2021-01-21T11:25:00.000' AS DateTime), NULL, 23, 1, 63, NULL, NULL)
	INSERT [dbo].[animals] ([id], [name], [birthdate], [lastfeed], [remark], [species_id], [sex_id], [pens_id], [mother_id], [father_id]) VALUES (31, N'Joan', CAST(N'2003-09-08' AS Date), CAST(N'2021-01-21T13:15:00.000' AS DateTime), NULL, 34, 2, 53, NULL, NULL)
	INSERT [dbo].[animals] ([id], [name], [birthdate], [lastfeed], [remark], [species_id], [sex_id], [pens_id], [mother_id], [father_id]) VALUES (32, N'Brooke', CAST(N'2003-09-29' AS Date), CAST(N'2021-01-21T11:20:00.000' AS DateTime), NULL, 1, 2, 27, NULL, NULL)
	INSERT [dbo].[animals] ([id], [name], [birthdate], [lastfeed], [remark], [species_id], [sex_id], [pens_id], [mother_id], [father_id]) VALUES (33, N'Tyrone', CAST(N'2003-10-22' AS Date), CAST(N'2021-01-21T09:40:00.000' AS DateTime), NULL, 14, 1, 48, NULL, NULL)
	INSERT [dbo].[animals] ([id], [name], [birthdate], [lastfeed], [remark], [species_id], [sex_id], [pens_id], [mother_id], [father_id]) VALUES (34, N'Medge', CAST(N'2003-11-26' AS Date), CAST(N'2021-01-21T11:35:00.000' AS DateTime), NULL, 6, 2, 59, NULL, NULL)
	INSERT [dbo].[animals] ([id], [name], [birthdate], [lastfeed], [remark], [species_id], [sex_id], [pens_id], [mother_id], [father_id]) VALUES (36, N'Jacqueline', CAST(N'2004-03-13' AS Date), CAST(N'2021-01-21T11:20:00.000' AS DateTime), NULL, 1, 2, 27, NULL, NULL)
	INSERT [dbo].[animals] ([id], [name], [birthdate], [lastfeed], [remark], [species_id], [sex_id], [pens_id], [mother_id], [father_id]) VALUES (37, N'Gary', CAST(N'2004-03-18' AS Date), CAST(N'2021-01-21T13:15:00.000' AS DateTime), NULL, 34, 1, 53, NULL, NULL)
	INSERT [dbo].[animals] ([id], [name], [birthdate], [lastfeed], [remark], [species_id], [sex_id], [pens_id], [mother_id], [father_id]) VALUES (38, N'Alfreda', CAST(N'2004-03-25' AS Date), CAST(N'2021-01-21T09:30:00.000' AS DateTime), NULL, 5, 2, 61, NULL, NULL)
	INSERT [dbo].[animals] ([id], [name], [birthdate], [lastfeed], [remark], [species_id], [sex_id], [pens_id], [mother_id], [father_id]) VALUES (39, N'Ian', CAST(N'2004-04-03' AS Date), CAST(N'2021-01-21T16:45:00.000' AS DateTime), NULL, 9, 1, 69, NULL, NULL)
	INSERT [dbo].[animals] ([id], [name], [birthdate], [lastfeed], [remark], [species_id], [sex_id], [pens_id], [mother_id], [father_id]) VALUES (40, N'Jade', CAST(N'2004-04-30' AS Date), CAST(N'2021-01-21T09:20:00.000' AS DateTime), NULL, 18, 2, 46, NULL, NULL)
	INSERT [dbo].[animals] ([id], [name], [birthdate], [lastfeed], [remark], [species_id], [sex_id], [pens_id], [mother_id], [father_id]) VALUES (41, N'Bethany', CAST(N'2004-05-28' AS Date), CAST(N'2021-01-21T15:00:00.000' AS DateTime), NULL, 12, 2, 52, 8, 1)
	INSERT [dbo].[animals] ([id], [name], [birthdate], [lastfeed], [remark], [species_id], [sex_id], [pens_id], [mother_id], [father_id]) VALUES (42, N'Sylvia', CAST(N'2004-06-03' AS Date), CAST(N'2021-01-21T11:15:00.000' AS DateTime), NULL, 15, 2, 88, NULL, NULL)
	INSERT [dbo].[animals] ([id], [name], [birthdate], [lastfeed], [remark], [species_id], [sex_id], [pens_id], [mother_id], [father_id]) VALUES (43, N'Leigh', CAST(N'2004-07-13' AS Date), CAST(N'2021-01-21T09:15:00.000' AS DateTime), NULL, 38, 2, 66, NULL, NULL)
	INSERT [dbo].[animals] ([id], [name], [birthdate], [lastfeed], [remark], [species_id], [sex_id], [pens_id], [mother_id], [father_id]) VALUES (44, N'Damon', CAST(N'2004-09-01' AS Date), CAST(N'2021-01-21T09:20:00.000' AS DateTime), NULL, 18, 1, 46, NULL, NULL)
	INSERT [dbo].[animals] ([id], [name], [birthdate], [lastfeed], [remark], [species_id], [sex_id], [pens_id], [mother_id], [father_id]) VALUES (45, N'Jerome', CAST(N'2004-09-23' AS Date), CAST(N'2021-01-21T10:30:00.000' AS DateTime), NULL, 8, 1, 86, NULL, NULL)
	INSERT [dbo].[animals] ([id], [name], [birthdate], [lastfeed], [remark], [species_id], [sex_id], [pens_id], [mother_id], [father_id]) VALUES (46, N'Chandler', CAST(N'2004-11-07' AS Date), CAST(N'2021-01-21T13:20:00.000' AS DateTime), NULL, 16, 1, 25, NULL, NULL)
	INSERT [dbo].[animals] ([id], [name], [birthdate], [lastfeed], [remark], [species_id], [sex_id], [pens_id], [mother_id], [father_id]) VALUES (47, N'Yvette', CAST(N'2004-12-04' AS Date), CAST(N'2021-01-21T11:25:00.000' AS DateTime), NULL, 23, 2, 63, NULL, NULL)
	INSERT [dbo].[animals] ([id], [name], [birthdate], [lastfeed], [remark], [species_id], [sex_id], [pens_id], [mother_id], [father_id]) VALUES (48, N'Jayme', CAST(N'2004-12-30' AS Date), CAST(N'2021-01-21T11:15:00.000' AS DateTime), NULL, 15, 2, 88, NULL, NULL)
	INSERT [dbo].[animals] ([id], [name], [birthdate], [lastfeed], [remark], [species_id], [sex_id], [pens_id], [mother_id], [father_id]) VALUES (49, N'Isabelle', CAST(N'2005-01-29' AS Date), CAST(N'2021-01-21T16:10:00.000' AS DateTime), NULL, 4, 2, 54, NULL, NULL)
	INSERT [dbo].[animals] ([id], [name], [birthdate], [lastfeed], [remark], [species_id], [sex_id], [pens_id], [mother_id], [father_id]) VALUES (51, N'Hyacinth', CAST(N'2005-06-21' AS Date), CAST(N'2021-01-21T15:50:00.000' AS DateTime), NULL, 10, 2, 72, NULL, NULL)
	INSERT [dbo].[animals] ([id], [name], [birthdate], [lastfeed], [remark], [species_id], [sex_id], [pens_id], [mother_id], [father_id]) VALUES (52, N'Carl', CAST(N'2005-09-02' AS Date), CAST(N'2021-01-21T09:20:00.000' AS DateTime), NULL, 32, 1, 57, NULL, NULL)
	INSERT [dbo].[animals] ([id], [name], [birthdate], [lastfeed], [remark], [species_id], [sex_id], [pens_id], [mother_id], [father_id]) VALUES (53, N'Jane', CAST(N'2005-11-30' AS Date), CAST(N'2021-01-21T13:15:00.000' AS DateTime), NULL, 19, 2, 67, NULL, NULL)
	INSERT [dbo].[animals] ([id], [name], [birthdate], [lastfeed], [remark], [species_id], [sex_id], [pens_id], [mother_id], [father_id]) VALUES (54, N'Brenda', CAST(N'2006-01-31' AS Date), CAST(N'2021-01-21T09:20:00.000' AS DateTime), NULL, 18, 2, 46, NULL, NULL)
	INSERT [dbo].[animals] ([id], [name], [birthdate], [lastfeed], [remark], [species_id], [sex_id], [pens_id], [mother_id], [father_id]) VALUES (55, N'Connor', CAST(N'2006-03-16' AS Date), CAST(N'2021-01-21T13:15:00.000' AS DateTime), NULL, 34, 1, 53, NULL, NULL)
	INSERT [dbo].[animals] ([id], [name], [birthdate], [lastfeed], [remark], [species_id], [sex_id], [pens_id], [mother_id], [father_id]) VALUES (56, N'Mikayla', CAST(N'2006-04-01' AS Date), CAST(N'2021-01-21T16:50:00.000' AS DateTime), NULL, 13, 2, 95, NULL, NULL)
	INSERT [dbo].[animals] ([id], [name], [birthdate], [lastfeed], [remark], [species_id], [sex_id], [pens_id], [mother_id], [father_id]) VALUES (57, N'Indira', CAST(N'2006-04-16' AS Date), CAST(N'2021-01-21T12:05:00.000' AS DateTime), NULL, 2, 2, 55, 28, NULL)
	INSERT [dbo].[animals] ([id], [name], [birthdate], [lastfeed], [remark], [species_id], [sex_id], [pens_id], [mother_id], [father_id]) VALUES (58, N'Azalia', CAST(N'2006-09-22' AS Date), CAST(N'2021-01-21T16:10:00.000' AS DateTime), NULL, 4, 2, 54, NULL, NULL)
	INSERT [dbo].[animals] ([id], [name], [birthdate], [lastfeed], [remark], [species_id], [sex_id], [pens_id], [mother_id], [father_id]) VALUES (59, N'Melyssa', CAST(N'2006-09-29' AS Date), CAST(N'2021-01-21T16:45:00.000' AS DateTime), NULL, 9, 2, 69, NULL, NULL)
	INSERT [dbo].[animals] ([id], [name], [birthdate], [lastfeed], [remark], [species_id], [sex_id], [pens_id], [mother_id], [father_id]) VALUES (60, N'Hollee', CAST(N'2006-10-15' AS Date), CAST(N'2021-01-21T13:15:00.000' AS DateTime), NULL, 34, 2, 53, NULL, NULL)
	INSERT [dbo].[animals] ([id], [name], [birthdate], [lastfeed], [remark], [species_id], [sex_id], [pens_id], [mother_id], [father_id]) VALUES (61, N'Maggie', CAST(N'2006-10-26' AS Date), CAST(N'2021-01-21T09:40:00.000' AS DateTime), NULL, 14, 2, 48, 14, 12)
	INSERT [dbo].[animals] ([id], [name], [birthdate], [lastfeed], [remark], [species_id], [sex_id], [pens_id], [mother_id], [father_id]) VALUES (62, N'Nayda', CAST(N'2006-11-05' AS Date), CAST(N'2021-01-21T11:15:00.000' AS DateTime), NULL, 15, 2, 88, 42, NULL)
	INSERT [dbo].[animals] ([id], [name], [birthdate], [lastfeed], [remark], [species_id], [sex_id], [pens_id], [mother_id], [father_id]) VALUES (63, N'Paul', CAST(N'2006-12-16' AS Date), CAST(N'2021-01-21T12:05:00.000' AS DateTime), NULL, 2, 1, 55, NULL, NULL)
	INSERT [dbo].[animals] ([id], [name], [birthdate], [lastfeed], [remark], [species_id], [sex_id], [pens_id], [mother_id], [father_id]) VALUES (64, N'Emerson', CAST(N'2007-01-28' AS Date), CAST(N'2021-01-21T11:20:00.000' AS DateTime), NULL, 1, 1, 27, 32, 14)
	INSERT [dbo].[animals] ([id], [name], [birthdate], [lastfeed], [remark], [species_id], [sex_id], [pens_id], [mother_id], [father_id]) VALUES (65, N'Graham', CAST(N'2007-01-31' AS Date), CAST(N'2021-01-21T14:50:00.000' AS DateTime), NULL, 3, 1, 49, NULL, NULL)
	INSERT [dbo].[animals] ([id], [name], [birthdate], [lastfeed], [remark], [species_id], [sex_id], [pens_id], [mother_id], [father_id]) VALUES (66, N'Sean', CAST(N'2010-07-12' AS Date), CAST(N'2021-01-21T11:15:00.000' AS DateTime), NULL, 15, 1, 88, 48, NULL)
	INSERT [dbo].[animals] ([id], [name], [birthdate], [lastfeed], [remark], [species_id], [sex_id], [pens_id], [mother_id], [father_id]) VALUES (67, N'Cadman', CAST(N'2007-02-13' AS Date), CAST(N'2021-01-21T13:20:00.000' AS DateTime), NULL, 16, 1, 25, NULL, NULL)
	INSERT [dbo].[animals] ([id], [name], [birthdate], [lastfeed], [remark], [species_id], [sex_id], [pens_id], [mother_id], [father_id]) VALUES (68, N'Karina', CAST(N'2007-03-17' AS Date), CAST(N'2021-01-21T12:10:00.000' AS DateTime), NULL, 37, 2, 28, 3, 20)
	INSERT [dbo].[animals] ([id], [name], [birthdate], [lastfeed], [remark], [species_id], [sex_id], [pens_id], [mother_id], [father_id]) VALUES (69, N'Shafira', CAST(N'2007-03-21' AS Date), CAST(N'2021-01-21T16:10:00.000' AS DateTime), NULL, 4, 2, 54, NULL, NULL)
	INSERT [dbo].[animals] ([id], [name], [birthdate], [lastfeed], [remark], [species_id], [sex_id], [pens_id], [mother_id], [father_id]) VALUES (70, N'Celeste', CAST(N'2007-03-17' AS Date), CAST(N'2021-01-21T12:10:00.000' AS DateTime), NULL, 37, 2, 28, 3, 20)
	INSERT [dbo].[animals] ([id], [name], [birthdate], [lastfeed], [remark], [species_id], [sex_id], [pens_id], [mother_id], [father_id]) VALUES (71, N'Diana', CAST(N'2007-03-30' AS Date), CAST(N'2021-01-21T10:50:00.000' AS DateTime), NULL, 36, 2, 26, NULL, NULL)
	INSERT [dbo].[animals] ([id], [name], [birthdate], [lastfeed], [remark], [species_id], [sex_id], [pens_id], [mother_id], [father_id]) VALUES (72, N'Ruby', CAST(N'2007-04-05' AS Date), CAST(N'2021-01-21T16:00:00.000' AS DateTime), NULL, 27, 2, 39, NULL, NULL)
	INSERT [dbo].[animals] ([id], [name], [birthdate], [lastfeed], [remark], [species_id], [sex_id], [pens_id], [mother_id], [father_id]) VALUES (73, N'Malachi', CAST(N'2007-04-12' AS Date), CAST(N'2021-01-21T12:05:00.000' AS DateTime), NULL, 2, 1, 55, 57, NULL)
	INSERT [dbo].[animals] ([id], [name], [birthdate], [lastfeed], [remark], [species_id], [sex_id], [pens_id], [mother_id], [father_id]) VALUES (74, N'Shad', CAST(N'2007-04-27' AS Date), CAST(N'2021-01-21T10:30:00.000' AS DateTime), NULL, 8, 1, 86, NULL, 45)
	INSERT [dbo].[animals] ([id], [name], [birthdate], [lastfeed], [remark], [species_id], [sex_id], [pens_id], [mother_id], [father_id]) VALUES (75, N'Rama', CAST(N'2003-05-24' AS Date), CAST(N'2021-01-21T16:30:00.000' AS DateTime), NULL, 25, 2, 90, NULL, NULL)
	INSERT [dbo].[animals] ([id], [name], [birthdate], [lastfeed], [remark], [species_id], [sex_id], [pens_id], [mother_id], [father_id]) VALUES (76, N'Heidi', CAST(N'2007-05-27' AS Date), CAST(N'2021-01-21T12:05:00.000' AS DateTime), NULL, 2, 2, 55, NULL, NULL)
	INSERT [dbo].[animals] ([id], [name], [birthdate], [lastfeed], [remark], [species_id], [sex_id], [pens_id], [mother_id], [father_id]) VALUES (77, N'Marshall', CAST(N'2007-06-25' AS Date), CAST(N'2021-01-21T10:50:00.000' AS DateTime), NULL, 7, 1, 93, 13, 24)
	INSERT [dbo].[animals] ([id], [name], [birthdate], [lastfeed], [remark], [species_id], [sex_id], [pens_id], [mother_id], [father_id]) VALUES (78, N'Jerry', CAST(N'2007-06-25' AS Date), CAST(N'2021-01-21T10:50:00.000' AS DateTime), NULL, 7, 1, 93, 13, 24)
	INSERT [dbo].[animals] ([id], [name], [birthdate], [lastfeed], [remark], [species_id], [sex_id], [pens_id], [mother_id], [father_id]) VALUES (79, N'Nash', CAST(N'2004-12-04' AS Date), CAST(N'2021-01-21T13:15:00.000' AS DateTime), NULL, 19, 1, 67, NULL, NULL)
	INSERT [dbo].[animals] ([id], [name], [birthdate], [lastfeed], [remark], [species_id], [sex_id], [pens_id], [mother_id], [father_id]) VALUES (80, N'Ferdinand', CAST(N'2008-02-26' AS Date), CAST(N'2021-01-21T10:50:00.000' AS DateTime), NULL, 36, 1, 26, NULL, NULL)
	INSERT [dbo].[animals] ([id], [name], [birthdate], [lastfeed], [remark], [species_id], [sex_id], [pens_id], [mother_id], [father_id]) VALUES (81, N'Addison', CAST(N'2008-05-26' AS Date), CAST(N'2021-01-21T11:35:00.000' AS DateTime), NULL, 6, 1, 59, 29, 25)
	INSERT [dbo].[animals] ([id], [name], [birthdate], [lastfeed], [remark], [species_id], [sex_id], [pens_id], [mother_id], [father_id]) VALUES (82, N'Patricia', CAST(N'2008-06-17' AS Date), CAST(N'2021-01-21T09:30:00.000' AS DateTime), NULL, 5, 2, 61, NULL, NULL)
	INSERT [dbo].[animals] ([id], [name], [birthdate], [lastfeed], [remark], [species_id], [sex_id], [pens_id], [mother_id], [father_id]) VALUES (83, N'Paul', CAST(N'2008-07-26' AS Date), CAST(N'2021-01-21T11:20:00.000' AS DateTime), NULL, 1, 1, 27, NULL, NULL)
	INSERT [dbo].[animals] ([id], [name], [birthdate], [lastfeed], [remark], [species_id], [sex_id], [pens_id], [mother_id], [father_id]) VALUES (84, N'Fleur', CAST(N'2008-10-04' AS Date), CAST(N'2021-01-21T10:50:00.000' AS DateTime), NULL, 7, 2, 93, NULL, NULL)
	INSERT [dbo].[animals] ([id], [name], [birthdate], [lastfeed], [remark], [species_id], [sex_id], [pens_id], [mother_id], [father_id]) VALUES (85, N'Faith', CAST(N'2004-01-30' AS Date), CAST(N'2021-01-21T14:00:00.000' AS DateTime), NULL, 20, 2, 89, NULL, NULL)
	INSERT [dbo].[animals] ([id], [name], [birthdate], [lastfeed], [remark], [species_id], [sex_id], [pens_id], [mother_id], [father_id]) VALUES (86, N'Guinevere', CAST(N'2008-12-04' AS Date), CAST(N'2021-01-21T09:40:00.000' AS DateTime), NULL, 14, 2, 48, NULL, 33)
	INSERT [dbo].[animals] ([id], [name], [birthdate], [lastfeed], [remark], [species_id], [sex_id], [pens_id], [mother_id], [father_id]) VALUES (87, N'Baker', CAST(N'2008-12-14' AS Date), CAST(N'2021-01-21T16:50:00.000' AS DateTime), NULL, 13, 1, 95, NULL, NULL)
	INSERT [dbo].[animals] ([id], [name], [birthdate], [lastfeed], [remark], [species_id], [sex_id], [pens_id], [mother_id], [father_id]) VALUES (88, N'Jade', CAST(N'2008-12-17' AS Date), CAST(N'2021-01-21T13:15:00.000' AS DateTime), NULL, 30, 2, 22, NULL, NULL)
	INSERT [dbo].[animals] ([id], [name], [birthdate], [lastfeed], [remark], [species_id], [sex_id], [pens_id], [mother_id], [father_id]) VALUES (89, N'Felicia', CAST(N'2008-12-19' AS Date), CAST(N'2021-01-21T15:50:00.000' AS DateTime), NULL, 10, 2, 72, 10, NULL)
	INSERT [dbo].[animals] ([id], [name], [birthdate], [lastfeed], [remark], [species_id], [sex_id], [pens_id], [mother_id], [father_id]) VALUES (90, N'Flynn', CAST(N'2008-12-27' AS Date), CAST(N'2021-01-21T13:15:00.000' AS DateTime), NULL, 19, 1, 67, 53, 79)
	INSERT [dbo].[animals] ([id], [name], [birthdate], [lastfeed], [remark], [species_id], [sex_id], [pens_id], [mother_id], [father_id]) VALUES (91, N'Naida', CAST(N'2009-01-09' AS Date), CAST(N'2021-01-21T09:20:00.000' AS DateTime), NULL, 35, 2, 97, 11, 21)
	INSERT [dbo].[animals] ([id], [name], [birthdate], [lastfeed], [remark], [species_id], [sex_id], [pens_id], [mother_id], [father_id]) VALUES (92, N'Otto', CAST(N'2009-03-15' AS Date), CAST(N'2021-01-21T14:20:00.000' AS DateTime), NULL, 29, 1, 87, NULL, NULL)
	INSERT [dbo].[animals] ([id], [name], [birthdate], [lastfeed], [remark], [species_id], [sex_id], [pens_id], [mother_id], [father_id]) VALUES (93, N'Zorita', CAST(N'2009-07-09' AS Date), CAST(N'2021-01-21T09:05:00.000' AS DateTime), NULL, 28, 2, 47, NULL, NULL)
	INSERT [dbo].[animals] ([id], [name], [birthdate], [lastfeed], [remark], [species_id], [sex_id], [pens_id], [mother_id], [father_id]) VALUES (94, N'Libby', CAST(N'2009-10-13' AS Date), CAST(N'2021-01-21T15:50:00.000' AS DateTime), NULL, 10, 2, 72, 10, NULL)
	INSERT [dbo].[animals] ([id], [name], [birthdate], [lastfeed], [remark], [species_id], [sex_id], [pens_id], [mother_id], [father_id]) VALUES (95, N'Evangeline', CAST(N'2010-01-18' AS Date), CAST(N'2021-01-21T16:00:00.000' AS DateTime), NULL, 27, 2, 39, NULL, NULL)
	INSERT [dbo].[animals] ([id], [name], [birthdate], [lastfeed], [remark], [species_id], [sex_id], [pens_id], [mother_id], [father_id]) VALUES (96, N'Aimee', CAST(N'2010-05-03' AS Date), CAST(N'2021-01-21T09:40:00.000' AS DateTime), NULL, 14, 2, 48, NULL, NULL)
	INSERT [dbo].[animals] ([id], [name], [birthdate], [lastfeed], [remark], [species_id], [sex_id], [pens_id], [mother_id], [father_id]) VALUES (97, N'Thaddeus', CAST(N'2010-06-15' AS Date), CAST(N'2021-01-21T10:30:00.000' AS DateTime), NULL, 8, 1, 86, NULL, NULL)
	INSERT [dbo].[animals] ([id], [name], [birthdate], [lastfeed], [remark], [species_id], [sex_id], [pens_id], [mother_id], [father_id]) VALUES (98, N'Keefe', CAST(N'2010-07-01' AS Date), CAST(N'2021-01-21T10:20:00.000' AS DateTime), NULL, 26, 1, 62, NULL, NULL)
	INSERT [dbo].[animals] ([id], [name], [birthdate], [lastfeed], [remark], [species_id], [sex_id], [pens_id], [mother_id], [father_id]) VALUES (99, N'Cheryl', CAST(N'2010-07-12' AS Date), CAST(N'2021-01-21T11:15:00.000' AS DateTime), NULL, 15, 2, 88, 48, NULL)
	INSERT [dbo].[animals] ([id], [name], [birthdate], [lastfeed], [remark], [species_id], [sex_id], [pens_id], [mother_id], [father_id]) VALUES (100, N'Timothy', CAST(N'2010-07-13' AS Date), CAST(N'2021-01-21T09:15:00.000' AS DateTime), NULL, 38, 1, 66, 43, NULL)
	INSERT [dbo].[animals] ([id], [name], [birthdate], [lastfeed], [remark], [species_id], [sex_id], [pens_id], [mother_id], [father_id]) VALUES (101, N'Castor', CAST(N'2010-07-22' AS Date), CAST(N'2021-01-21T11:15:00.000' AS DateTime), NULL, 21, 1, 58, NULL, NULL)
	INSERT [dbo].[animals] ([id], [name], [birthdate], [lastfeed], [remark], [species_id], [sex_id], [pens_id], [mother_id], [father_id]) VALUES (102, N'Ryan', CAST(N'2010-09-02' AS Date), CAST(N'2021-01-21T11:25:00.000' AS DateTime), NULL, 31, 1, 64, NULL, NULL)
	INSERT [dbo].[animals] ([id], [name], [birthdate], [lastfeed], [remark], [species_id], [sex_id], [pens_id], [mother_id], [father_id]) VALUES (103, N'Uriah', CAST(N'2010-12-27' AS Date), CAST(N'2021-01-21T09:20:00.000' AS DateTime), NULL, 18, 2, 46, 40, 44)
	INSERT [dbo].[animals] ([id], [name], [birthdate], [lastfeed], [remark], [species_id], [sex_id], [pens_id], [mother_id], [father_id]) VALUES (104, N'Herman', CAST(N'2011-01-07' AS Date), CAST(N'2021-01-21T15:50:00.000' AS DateTime), NULL, 10, 1, 72, 89, NULL)
	INSERT [dbo].[animals] ([id], [name], [birthdate], [lastfeed], [remark], [species_id], [sex_id], [pens_id], [mother_id], [father_id]) VALUES (105, N'Thomas', CAST(N'2011-02-22' AS Date), CAST(N'2021-01-21T16:30:00.000' AS DateTime), NULL, 25, 1, 90, 75, 19)
	INSERT [dbo].[animals] ([id], [name], [birthdate], [lastfeed], [remark], [species_id], [sex_id], [pens_id], [mother_id], [father_id]) VALUES (106, N'Gregory', CAST(N'2011-07-06' AS Date), CAST(N'2021-01-21T10:50:00.000' AS DateTime), NULL, 36, 1, 26, 71, 80)
	INSERT [dbo].[animals] ([id], [name], [birthdate], [lastfeed], [remark], [species_id], [sex_id], [pens_id], [mother_id], [father_id]) VALUES (107, N'Melissa', CAST(N'2011-07-10' AS Date), CAST(N'2021-01-21T14:20:00.000' AS DateTime), NULL, 29, 2, 87, NULL, NULL)
	INSERT [dbo].[animals] ([id], [name], [birthdate], [lastfeed], [remark], [species_id], [sex_id], [pens_id], [mother_id], [father_id]) VALUES (108, N'Porter', CAST(N'2011-09-15' AS Date), CAST(N'2021-01-21T15:50:00.000' AS DateTime), NULL, 10, 1, 72, 51, NULL)
	INSERT [dbo].[animals] ([id], [name], [birthdate], [lastfeed], [remark], [species_id], [sex_id], [pens_id], [mother_id], [father_id]) VALUES (109, N'Cameron', CAST(N'2011-10-09' AS Date), CAST(N'2021-01-21T13:15:00.000' AS DateTime), NULL, 34, 1, 53, NULL, NULL)
	INSERT [dbo].[animals] ([id], [name], [birthdate], [lastfeed], [remark], [species_id], [sex_id], [pens_id], [mother_id], [father_id]) VALUES (110, N'Alan', CAST(N'2011-10-10' AS Date), CAST(N'2021-01-21T11:20:00.000' AS DateTime), NULL, 1, 1, 27, 32, 14)
	INSERT [dbo].[animals] ([id], [name], [birthdate], [lastfeed], [remark], [species_id], [sex_id], [pens_id], [mother_id], [father_id]) VALUES (111, N'Iola', CAST(N'2011-12-26' AS Date), CAST(N'2021-01-21T16:50:00.000' AS DateTime), NULL, 13, 2, 95, NULL, NULL)
	INSERT [dbo].[animals] ([id], [name], [birthdate], [lastfeed], [remark], [species_id], [sex_id], [pens_id], [mother_id], [father_id]) VALUES (112, N'Ashton', CAST(N'2012-02-16' AS Date), CAST(N'2021-01-21T13:15:00.000' AS DateTime), NULL, 34, 1, 53, NULL, NULL)
	INSERT [dbo].[animals] ([id], [name], [birthdate], [lastfeed], [remark], [species_id], [sex_id], [pens_id], [mother_id], [father_id]) VALUES (113, N'Alvin', CAST(N'2012-03-09' AS Date), CAST(N'2021-01-21T09:30:00.000' AS DateTime), NULL, 5, 1, 61, NULL, NULL)
	INSERT [dbo].[animals] ([id], [name], [birthdate], [lastfeed], [remark], [species_id], [sex_id], [pens_id], [mother_id], [father_id]) VALUES (114, N'Dylan', CAST(N'2012-03-26' AS Date), CAST(N'2021-01-21T16:50:00.000' AS DateTime), NULL, 13, 1, 95, NULL, NULL)
	INSERT [dbo].[animals] ([id], [name], [birthdate], [lastfeed], [remark], [species_id], [sex_id], [pens_id], [mother_id], [father_id]) VALUES (115, N'Guinevere', CAST(N'2012-04-21' AS Date), CAST(N'2021-01-21T10:20:00.000' AS DateTime), NULL, 26, 2, 62, NULL, NULL)
	INSERT [dbo].[animals] ([id], [name], [birthdate], [lastfeed], [remark], [species_id], [sex_id], [pens_id], [mother_id], [father_id]) VALUES (116, N'Mallory', CAST(N'2012-05-13' AS Date), CAST(N'2021-01-21T09:20:00.000' AS DateTime), NULL, 32, 2, 57, NULL, NULL)
	INSERT [dbo].[animals] ([id], [name], [birthdate], [lastfeed], [remark], [species_id], [sex_id], [pens_id], [mother_id], [father_id]) VALUES (117, N'Cecilia', CAST(N'2012-08-13' AS Date), CAST(N'2021-01-21T11:20:00.000' AS DateTime), NULL, 1, 2, 27, NULL, NULL)
	INSERT [dbo].[animals] ([id], [name], [birthdate], [lastfeed], [remark], [species_id], [sex_id], [pens_id], [mother_id], [father_id]) VALUES (118, N'Uta', CAST(N'2012-09-02' AS Date), CAST(N'2021-01-21T16:50:00.000' AS DateTime), NULL, 13, 2, 95, NULL, NULL)
	INSERT [dbo].[animals] ([id], [name], [birthdate], [lastfeed], [remark], [species_id], [sex_id], [pens_id], [mother_id], [father_id]) VALUES (119, N'Dawn', CAST(N'2012-10-14' AS Date), CAST(N'2021-01-21T10:50:00.000' AS DateTime), NULL, 7, 2, 93, NULL, 77)
	INSERT [dbo].[animals] ([id], [name], [birthdate], [lastfeed], [remark], [species_id], [sex_id], [pens_id], [mother_id], [father_id]) VALUES (120, N'Cameron', CAST(N'2012-11-01' AS Date), CAST(N'2021-01-21T12:05:00.000' AS DateTime), NULL, 2, 2, 55, 28, 73)
	INSERT [dbo].[animals] ([id], [name], [birthdate], [lastfeed], [remark], [species_id], [sex_id], [pens_id], [mother_id], [father_id]) VALUES (121, N'Emily', CAST(N'2013-08-29' AS Date), CAST(N'2021-01-21T09:30:00.000' AS DateTime), NULL, 5, 2, 61, 38, NULL)
	INSERT [dbo].[animals] ([id], [name], [birthdate], [lastfeed], [remark], [species_id], [sex_id], [pens_id], [mother_id], [father_id]) VALUES (122, N'Anne', CAST(N'2012-12-04' AS Date), CAST(N'2021-01-21T11:35:00.000' AS DateTime), NULL, 6, 2, 59, 34, 25)
	INSERT [dbo].[animals] ([id], [name], [birthdate], [lastfeed], [remark], [species_id], [sex_id], [pens_id], [mother_id], [father_id]) VALUES (123, N'Leroy', CAST(N'2013-01-03' AS Date), CAST(N'2021-01-21T16:10:00.000' AS DateTime), NULL, 4, 1, 54, NULL, NULL)
	INSERT [dbo].[animals] ([id], [name], [birthdate], [lastfeed], [remark], [species_id], [sex_id], [pens_id], [mother_id], [father_id]) VALUES (124, N'Roary', CAST(N'2013-03-24' AS Date), CAST(N'2021-01-21T16:30:00.000' AS DateTime), NULL, 25, 2, 90, 75, 19)
	INSERT [dbo].[animals] ([id], [name], [birthdate], [lastfeed], [remark], [species_id], [sex_id], [pens_id], [mother_id], [father_id]) VALUES (125, N'Zahir', CAST(N'2013-03-31' AS Date), CAST(N'2021-01-21T11:20:00.000' AS DateTime), NULL, 1, 1, 27, 32, 14)
	INSERT [dbo].[animals] ([id], [name], [birthdate], [lastfeed], [remark], [species_id], [sex_id], [pens_id], [mother_id], [father_id]) VALUES (126, N'Evan', CAST(N'2013-04-15' AS Date), CAST(N'2021-01-21T11:20:00.000' AS DateTime), NULL, 1, 1, 27, NULL, NULL)
	INSERT [dbo].[animals] ([id], [name], [birthdate], [lastfeed], [remark], [species_id], [sex_id], [pens_id], [mother_id], [father_id]) VALUES (127, N'Isabelle', CAST(N'2013-06-09' AS Date), CAST(N'2021-01-21T09:40:00.000' AS DateTime), NULL, 24, 2, 84, NULL, NULL)
	INSERT [dbo].[animals] ([id], [name], [birthdate], [lastfeed], [remark], [species_id], [sex_id], [pens_id], [mother_id], [father_id]) VALUES (128, N'Francis', CAST(N'2013-06-20' AS Date), CAST(N'2021-01-21T14:20:00.000' AS DateTime), NULL, 29, 1, 87, NULL, NULL)
	INSERT [dbo].[animals] ([id], [name], [birthdate], [lastfeed], [remark], [species_id], [sex_id], [pens_id], [mother_id], [father_id]) VALUES (129, N'Brandon', CAST(N'2013-08-29' AS Date), CAST(N'2021-01-21T09:30:00.000' AS DateTime), NULL, 5, 1, 61, 38, NULL)
	INSERT [dbo].[animals] ([id], [name], [birthdate], [lastfeed], [remark], [species_id], [sex_id], [pens_id], [mother_id], [father_id]) VALUES (130, N'Helen', CAST(N'2013-12-19' AS Date), CAST(N'2021-01-21T11:20:00.000' AS DateTime), NULL, 1, 2, 27, 36, 5)
	INSERT [dbo].[animals] ([id], [name], [birthdate], [lastfeed], [remark], [species_id], [sex_id], [pens_id], [mother_id], [father_id]) VALUES (131, N'Patience', CAST(N'2013-12-21' AS Date), CAST(N'2021-01-21T11:15:00.000' AS DateTime), NULL, 21, 2, 58, NULL, NULL)
	INSERT [dbo].[animals] ([id], [name], [birthdate], [lastfeed], [remark], [species_id], [sex_id], [pens_id], [mother_id], [father_id]) VALUES (132, N'Amela', CAST(N'2013-12-29' AS Date), CAST(N'2021-01-21T16:50:00.000' AS DateTime), NULL, 13, 2, 95, NULL, NULL)
	INSERT [dbo].[animals] ([id], [name], [birthdate], [lastfeed], [remark], [species_id], [sex_id], [pens_id], [mother_id], [father_id]) VALUES (133, N'Ignatius', CAST(N'2014-01-28' AS Date), CAST(N'2021-01-21T13:15:00.000' AS DateTime), NULL, 30, 1, 22, NULL, NULL)
	INSERT [dbo].[animals] ([id], [name], [birthdate], [lastfeed], [remark], [species_id], [sex_id], [pens_id], [mother_id], [father_id]) VALUES (134, N'Griffin', CAST(N'2014-02-08' AS Date), CAST(N'2021-01-21T09:40:00.000' AS DateTime), NULL, 24, 1, 84, NULL, NULL)
	INSERT [dbo].[animals] ([id], [name], [birthdate], [lastfeed], [remark], [species_id], [sex_id], [pens_id], [mother_id], [father_id]) VALUES (135, N'Gisela', CAST(N'2014-04-16' AS Date), CAST(N'2021-01-21T13:20:00.000' AS DateTime), NULL, 16, 2, 25, NULL, 46)
	INSERT [dbo].[animals] ([id], [name], [birthdate], [lastfeed], [remark], [species_id], [sex_id], [pens_id], [mother_id], [father_id]) VALUES (136, N'Remedios', CAST(N'2014-05-29' AS Date), CAST(N'2021-01-21T09:40:00.000' AS DateTime), NULL, 14, 2, 48, 14, 12)
	INSERT [dbo].[animals] ([id], [name], [birthdate], [lastfeed], [remark], [species_id], [sex_id], [pens_id], [mother_id], [father_id]) VALUES (137, N'Orli', CAST(N'2014-06-03' AS Date), CAST(N'2021-01-21T11:35:00.000' AS DateTime), NULL, 6, 2, 59, NULL, NULL)
	INSERT [dbo].[animals] ([id], [name], [birthdate], [lastfeed], [remark], [species_id], [sex_id], [pens_id], [mother_id], [father_id]) VALUES (138, N'Judah', CAST(N'2014-07-08' AS Date), CAST(N'2021-01-21T10:20:00.000' AS DateTime), NULL, 26, 1, 62, 115, 98)
	INSERT [dbo].[animals] ([id], [name], [birthdate], [lastfeed], [remark], [species_id], [sex_id], [pens_id], [mother_id], [father_id]) VALUES (139, N'Caldwell', CAST(N'2014-08-12' AS Date), CAST(N'2021-01-21T11:15:00.000' AS DateTime), NULL, 15, 1, 88, NULL, NULL)
	INSERT [dbo].[animals] ([id], [name], [birthdate], [lastfeed], [remark], [species_id], [sex_id], [pens_id], [mother_id], [father_id]) VALUES (140, N'Drake', CAST(N'2014-08-25' AS Date), CAST(N'2021-01-21T11:35:00.000' AS DateTime), NULL, 6, 1, 59, NULL, NULL)
	INSERT [dbo].[animals] ([id], [name], [birthdate], [lastfeed], [remark], [species_id], [sex_id], [pens_id], [mother_id], [father_id]) VALUES (141, N'Dakota', CAST(N'2014-08-26' AS Date), CAST(N'2021-01-21T12:10:00.000' AS DateTime), NULL, 17, 2, 24, NULL, NULL)
	INSERT [dbo].[animals] ([id], [name], [birthdate], [lastfeed], [remark], [species_id], [sex_id], [pens_id], [mother_id], [father_id]) VALUES (142, N'Hayes', CAST(N'2014-09-14' AS Date), CAST(N'2021-01-21T16:10:00.000' AS DateTime), NULL, 33, 1, 21, NULL, NULL)
	INSERT [dbo].[animals] ([id], [name], [birthdate], [lastfeed], [remark], [species_id], [sex_id], [pens_id], [mother_id], [father_id]) VALUES (143, N'Mari', CAST(N'2014-10-12' AS Date), CAST(N'2021-01-21T09:30:00.000' AS DateTime), NULL, 5, 2, 61, NULL, NULL)
	INSERT [dbo].[animals] ([id], [name], [birthdate], [lastfeed], [remark], [species_id], [sex_id], [pens_id], [mother_id], [father_id]) VALUES (144, N'Claudia', CAST(N'2014-10-21' AS Date), CAST(N'2021-01-21T10:30:00.000' AS DateTime), NULL, 8, 2, 86, NULL, 97)
	INSERT [dbo].[animals] ([id], [name], [birthdate], [lastfeed], [remark], [species_id], [sex_id], [pens_id], [mother_id], [father_id]) VALUES (145, N'Hanae', CAST(N'2014-11-06' AS Date), CAST(N'2021-01-21T09:20:00.000' AS DateTime), NULL, 35, 2, 97, 11, 21)
	INSERT [dbo].[animals] ([id], [name], [birthdate], [lastfeed], [remark], [species_id], [sex_id], [pens_id], [mother_id], [father_id]) VALUES (146, N'Dorothy', CAST(N'2014-11-17' AS Date), CAST(N'2021-01-21T10:50:00.000' AS DateTime), NULL, 7, 2, 93, 84, NULL)
	INSERT [dbo].[animals] ([id], [name], [birthdate], [lastfeed], [remark], [species_id], [sex_id], [pens_id], [mother_id], [father_id]) VALUES (147, N'Burke', CAST(N'2014-11-18' AS Date), CAST(N'2021-01-21T14:50:00.000' AS DateTime), NULL, 3, 1, 49, NULL, 27)
	INSERT [dbo].[animals] ([id], [name], [birthdate], [lastfeed], [remark], [species_id], [sex_id], [pens_id], [mother_id], [father_id]) VALUES (148, N'Preston', CAST(N'2014-12-11' AS Date), CAST(N'2021-01-21T09:20:00.000' AS DateTime), NULL, 18, 1, 46, 40, 44)
	INSERT [dbo].[animals] ([id], [name], [birthdate], [lastfeed], [remark], [species_id], [sex_id], [pens_id], [mother_id], [father_id]) VALUES (149, N'Merritt', CAST(N'2015-04-08' AS Date), CAST(N'2021-01-21T16:30:00.000' AS DateTime), NULL, 25, 1, 90, 75, 19)
	INSERT [dbo].[animals] ([id], [name], [birthdate], [lastfeed], [remark], [species_id], [sex_id], [pens_id], [mother_id], [father_id]) VALUES (150, N'Keefe', CAST(N'2015-07-10' AS Date), CAST(N'2021-01-21T12:10:00.000' AS DateTime), NULL, 17, 1, 24, NULL, NULL)
	INSERT [dbo].[animals] ([id], [name], [birthdate], [lastfeed], [remark], [species_id], [sex_id], [pens_id], [mother_id], [father_id]) VALUES (151, N'Neville', CAST(N'2015-07-23' AS Date), CAST(N'2021-01-21T14:50:00.000' AS DateTime), NULL, 3, 1, 49, NULL, 27)
	INSERT [dbo].[animals] ([id], [name], [birthdate], [lastfeed], [remark], [species_id], [sex_id], [pens_id], [mother_id], [father_id]) VALUES (152, N'Leo', CAST(N'2015-07-29' AS Date), CAST(N'2021-01-21T11:15:00.000' AS DateTime), NULL, 21, 1, 58, 131, 101)
	INSERT [dbo].[animals] ([id], [name], [birthdate], [lastfeed], [remark], [species_id], [sex_id], [pens_id], [mother_id], [father_id]) VALUES (153, N'Arsenio', CAST(N'2015-09-29' AS Date), CAST(N'2021-01-21T14:20:00.000' AS DateTime), NULL, 29, 1, 87, NULL, NULL)
	INSERT [dbo].[animals] ([id], [name], [birthdate], [lastfeed], [remark], [species_id], [sex_id], [pens_id], [mother_id], [father_id]) VALUES (154, N'Tanek', CAST(N'2015-12-09' AS Date), CAST(N'2021-01-21T16:10:00.000' AS DateTime), NULL, 33, 1, 21, NULL, NULL)
	INSERT [dbo].[animals] ([id], [name], [birthdate], [lastfeed], [remark], [species_id], [sex_id], [pens_id], [mother_id], [father_id]) VALUES (155, N'Lane', CAST(N'2015-12-23' AS Date), CAST(N'2021-01-21T16:00:00.000' AS DateTime), NULL, 27, 1, 39, 75, NULL)
	INSERT [dbo].[animals] ([id], [name], [birthdate], [lastfeed], [remark], [species_id], [sex_id], [pens_id], [mother_id], [father_id]) VALUES (156, N'Jackson', CAST(N'2016-01-03' AS Date), CAST(N'2021-01-21T10:20:00.000' AS DateTime), NULL, 26, 1, 62, 115, 98)
	INSERT [dbo].[animals] ([id], [name], [birthdate], [lastfeed], [remark], [species_id], [sex_id], [pens_id], [mother_id], [father_id]) VALUES (157, N'Jermaine', CAST(N'2016-03-30' AS Date), CAST(N'2021-01-21T11:35:00.000' AS DateTime), NULL, 6, 1, 59, 122, 81)
	INSERT [dbo].[animals] ([id], [name], [birthdate], [lastfeed], [remark], [species_id], [sex_id], [pens_id], [mother_id], [father_id]) VALUES (158, N'Galena', CAST(N'2016-03-30' AS Date), CAST(N'2021-01-21T11:35:00.000' AS DateTime), NULL, 6, 2, 59, 122, 81)
	INSERT [dbo].[animals] ([id], [name], [birthdate], [lastfeed], [remark], [species_id], [sex_id], [pens_id], [mother_id], [father_id]) VALUES (159, N'Oscar', CAST(N'2016-04-18' AS Date), CAST(N'2021-01-21T16:00:00.000' AS DateTime), NULL, 22, 1, 70, NULL, NULL)
	INSERT [dbo].[animals] ([id], [name], [birthdate], [lastfeed], [remark], [species_id], [sex_id], [pens_id], [mother_id], [father_id]) VALUES (160, N'Kirby', CAST(N'2016-04-24' AS Date), CAST(N'2021-01-21T13:15:00.000' AS DateTime), NULL, 34, 2, 53, 31, 37)
	INSERT [dbo].[animals] ([id], [name], [birthdate], [lastfeed], [remark], [species_id], [sex_id], [pens_id], [mother_id], [father_id]) VALUES (161, N'Samson', CAST(N'2016-05-23' AS Date), CAST(N'2021-01-21T14:50:00.000' AS DateTime), NULL, 3, 1, 49, NULL, 27)
	INSERT [dbo].[animals] ([id], [name], [birthdate], [lastfeed], [remark], [species_id], [sex_id], [pens_id], [mother_id], [father_id]) VALUES (162, N'Kim', CAST(N'2016-07-06' AS Date), CAST(N'2021-01-21T16:45:00.000' AS DateTime), NULL, 9, 2, 69, 59, 16)
	INSERT [dbo].[animals] ([id], [name], [birthdate], [lastfeed], [remark], [species_id], [sex_id], [pens_id], [mother_id], [father_id]) VALUES (163, N'Joelle', CAST(N'2016-09-06' AS Date), CAST(N'2021-01-21T14:20:00.000' AS DateTime), NULL, 29, 2, 87, NULL, NULL)
	INSERT [dbo].[animals] ([id], [name], [birthdate], [lastfeed], [remark], [species_id], [sex_id], [pens_id], [mother_id], [father_id]) VALUES (165, N'Dillon', CAST(N'2016-11-02' AS Date), CAST(N'2021-01-21T16:00:00.000' AS DateTime), NULL, 27, 1, 39, 95, 155)
	INSERT [dbo].[animals] ([id], [name], [birthdate], [lastfeed], [remark], [species_id], [sex_id], [pens_id], [mother_id], [father_id]) VALUES (166, N'Jasper', CAST(N'2016-12-09' AS Date), CAST(N'2021-01-21T13:15:00.000' AS DateTime), NULL, 30, 1, 22, NULL, NULL)
	INSERT [dbo].[animals] ([id], [name], [birthdate], [lastfeed], [remark], [species_id], [sex_id], [pens_id], [mother_id], [father_id]) VALUES (167, N'Orlando', CAST(N'2016-12-18' AS Date), CAST(N'2021-01-21T11:25:00.000' AS DateTime), NULL, 31, 1, 64, NULL, NULL)
	INSERT [dbo].[animals] ([id], [name], [birthdate], [lastfeed], [remark], [species_id], [sex_id], [pens_id], [mother_id], [father_id]) VALUES (168, N'Jesse', CAST(N'2017-02-20' AS Date), CAST(N'2021-01-21T11:15:00.000' AS DateTime), NULL, 15, 1, 88, 62, 66)
	INSERT [dbo].[animals] ([id], [name], [birthdate], [lastfeed], [remark], [species_id], [sex_id], [pens_id], [mother_id], [father_id]) VALUES (169, N'Uriah', CAST(N'2017-07-30' AS Date), CAST(N'2021-01-21T10:50:00.000' AS DateTime), NULL, 36, 2, 26, 71, 80)
	INSERT [dbo].[animals] ([id], [name], [birthdate], [lastfeed], [remark], [species_id], [sex_id], [pens_id], [mother_id], [father_id]) VALUES (170, N'Maia', CAST(N'2017-11-30' AS Date), CAST(N'2021-01-21T14:00:00.000' AS DateTime), NULL, 20, 2, 89, 85, 18)
	INSERT [dbo].[animals] ([id], [name], [birthdate], [lastfeed], [remark], [species_id], [sex_id], [pens_id], [mother_id], [father_id]) VALUES (171, N'Jesse', CAST(N'2017-12-16' AS Date), CAST(N'2021-01-21T14:50:00.000' AS DateTime), NULL, 3, 1, 49, NULL, NULL)
	INSERT [dbo].[animals] ([id], [name], [birthdate], [lastfeed], [remark], [species_id], [sex_id], [pens_id], [mother_id], [father_id]) VALUES (172, N'Ingrid', CAST(N'2017-03-09' AS Date), CAST(N'2021-01-21T16:00:00.000' AS DateTime), NULL, 27, 2, 39, 95, 155)
	INSERT [dbo].[animals] ([id], [name], [birthdate], [lastfeed], [remark], [species_id], [sex_id], [pens_id], [mother_id], [father_id]) VALUES (173, N'Karina', CAST(N'2018-07-12' AS Date), CAST(N'2021-01-21T11:25:00.000' AS DateTime), NULL, 31, 2, 64, NULL, NULL)
	INSERT [dbo].[animals] ([id], [name], [birthdate], [lastfeed], [remark], [species_id], [sex_id], [pens_id], [mother_id], [father_id]) VALUES (174, N'Taylor', CAST(N'2018-11-16' AS Date), CAST(N'2021-01-21T16:45:00.000' AS DateTime), NULL, 9, 2, 69, 59, 16)
	INSERT [dbo].[animals] ([id], [name], [birthdate], [lastfeed], [remark], [species_id], [sex_id], [pens_id], [mother_id], [father_id]) VALUES (175, N'Moana', CAST(N'2018-11-24' AS Date), CAST(N'2021-01-21T11:20:00.000' AS DateTime), NULL, 1, 2, 27, 32, 5)
	INSERT [dbo].[animals] ([id], [name], [birthdate], [lastfeed], [remark], [species_id], [sex_id], [pens_id], [mother_id], [father_id]) VALUES (176, N'Graiden', CAST(N'2019-01-03' AS Date), CAST(N'2021-01-21T16:00:00.000' AS DateTime), NULL, 27, 1, 39, 172, NULL)
	INSERT [dbo].[animals] ([id], [name], [birthdate], [lastfeed], [remark], [species_id], [sex_id], [pens_id], [mother_id], [father_id]) VALUES (177, N'Hilda', CAST(N'2019-03-15' AS Date), CAST(N'2021-01-21T13:15:00.000' AS DateTime), NULL, 19, 2, 67, 53, 79)
	INSERT [dbo].[animals] ([id], [name], [birthdate], [lastfeed], [remark], [species_id], [sex_id], [pens_id], [mother_id], [father_id]) VALUES (178, N'Zenaida', CAST(N'2019-03-27' AS Date), CAST(N'2021-01-21T16:30:00.000' AS DateTime), NULL, 25, 2, 90, NULL, NULL)
	INSERT [dbo].[animals] ([id], [name], [birthdate], [lastfeed], [remark], [species_id], [sex_id], [pens_id], [mother_id], [father_id]) VALUES (179, N'Ava', CAST(N'2019-04-08' AS Date), CAST(N'2021-01-21T14:50:00.000' AS DateTime), NULL, 3, 2, 49, NULL, 27)
	INSERT [dbo].[animals] ([id], [name], [birthdate], [lastfeed], [remark], [species_id], [sex_id], [pens_id], [mother_id], [father_id]) VALUES (180, N'Aristotle', CAST(N'2019-01-03' AS Date), CAST(N'2021-01-21T16:00:00.000' AS DateTime), NULL, 27, 1, 39, 172, NULL)
	INSERT [dbo].[animals] ([id], [name], [birthdate], [lastfeed], [remark], [species_id], [sex_id], [pens_id], [mother_id], [father_id]) VALUES (181, N'Lydia', CAST(N'2019-07-09' AS Date), CAST(N'2021-01-21T15:00:00.000' AS DateTime), NULL, 12, 2, 52, 8, 1)
	INSERT [dbo].[animals] ([id], [name], [birthdate], [lastfeed], [remark], [species_id], [sex_id], [pens_id], [mother_id], [father_id]) VALUES (182, N'Idona', CAST(N'2019-07-11' AS Date), CAST(N'2021-01-21T14:50:00.000' AS DateTime), NULL, 3, 2, 49, NULL, NULL)
	INSERT [dbo].[animals] ([id], [name], [birthdate], [lastfeed], [remark], [species_id], [sex_id], [pens_id], [mother_id], [father_id]) VALUES (184, N'Cherokee', CAST(N'2019-08-07' AS Date), CAST(N'2021-01-21T10:20:00.000' AS DateTime), NULL, 26, 2, 62, 115, 98)
	INSERT [dbo].[animals] ([id], [name], [birthdate], [lastfeed], [remark], [species_id], [sex_id], [pens_id], [mother_id], [father_id]) VALUES (186, N'Reed', CAST(N'2019-09-26' AS Date), CAST(N'2021-01-21T09:05:00.000' AS DateTime), NULL, 28, 1, 47, NULL, NULL)
	INSERT [dbo].[animals] ([id], [name], [birthdate], [lastfeed], [remark], [species_id], [sex_id], [pens_id], [mother_id], [father_id]) VALUES (187, N'Flynn', CAST(N'2019-10-17' AS Date), CAST(N'2021-01-21T16:00:00.000' AS DateTime), NULL, 22, 1, 70, NULL, NULL)
	INSERT [dbo].[animals] ([id], [name], [birthdate], [lastfeed], [remark], [species_id], [sex_id], [pens_id], [mother_id], [father_id]) VALUES (188, N'Sydnee', CAST(N'2019-12-23' AS Date), CAST(N'2021-01-21T13:20:00.000' AS DateTime), NULL, 16, 2, 25, 135, 67)
	INSERT [dbo].[animals] ([id], [name], [birthdate], [lastfeed], [remark], [species_id], [sex_id], [pens_id], [mother_id], [father_id]) VALUES (189, N'Heidi', CAST(N'2019-12-27' AS Date), CAST(N'2021-01-21T11:15:00.000' AS DateTime), NULL, 15, 2, 88, 62, 66)
	INSERT [dbo].[animals] ([id], [name], [birthdate], [lastfeed], [remark], [species_id], [sex_id], [pens_id], [mother_id], [father_id]) VALUES (190, N'Tad', CAST(N'2020-01-27' AS Date), CAST(N'2021-01-21T16:50:00.000' AS DateTime), NULL, 13, 1, 95, 132, 114)
	INSERT [dbo].[animals] ([id], [name], [birthdate], [lastfeed], [remark], [species_id], [sex_id], [pens_id], [mother_id], [father_id]) VALUES (191, N'Kasper', CAST(N'2020-01-28' AS Date), CAST(N'2021-01-21T11:15:00.000' AS DateTime), NULL, 21, 1, 58, 131, 101)
	INSERT [dbo].[animals] ([id], [name], [birthdate], [lastfeed], [remark], [species_id], [sex_id], [pens_id], [mother_id], [father_id]) VALUES (192, N'Breanna', CAST(N'2020-01-28' AS Date), CAST(N'2021-01-21T11:15:00.000' AS DateTime), NULL, 21, 2, 58, 131, 101)
	INSERT [dbo].[animals] ([id], [name], [birthdate], [lastfeed], [remark], [species_id], [sex_id], [pens_id], [mother_id], [father_id]) VALUES (193, N'Kristen', CAST(N'2020-04-11' AS Date), CAST(N'2021-01-21T13:15:00.000' AS DateTime), NULL, 19, 2, 67, 53, 79)
	INSERT [dbo].[animals] ([id], [name], [birthdate], [lastfeed], [remark], [species_id], [sex_id], [pens_id], [mother_id], [father_id]) VALUES (194, N'Jocelyn', CAST(N'2020-05-06' AS Date), CAST(N'2021-01-21T09:30:00.000' AS DateTime), NULL, 5, 2, 61, 83, 129)
	INSERT [dbo].[animals] ([id], [name], [birthdate], [lastfeed], [remark], [species_id], [sex_id], [pens_id], [mother_id], [father_id]) VALUES (195, N'Jadar', CAST(N'2020-06-28' AS Date), CAST(N'2021-01-21T12:10:00.000' AS DateTime), NULL, 37, 1, 28, 70, NULL)
	INSERT [dbo].[animals] ([id], [name], [birthdate], [lastfeed], [remark], [species_id], [sex_id], [pens_id], [mother_id], [father_id]) VALUES (196, N'Nina', CAST(N'2020-07-20' AS Date), CAST(N'2021-01-21T11:35:00.000' AS DateTime), NULL, 6, 2, 59, 158, 140)
	INSERT [dbo].[animals] ([id], [name], [birthdate], [lastfeed], [remark], [species_id], [sex_id], [pens_id], [mother_id], [father_id]) VALUES (198, N'Griffith', CAST(N'2020-10-16' AS Date), CAST(N'2021-01-21T14:50:00.000' AS DateTime), NULL, 3, 1, 49, 179, 27)
	INSERT [dbo].[animals] ([id], [name], [birthdate], [lastfeed], [remark], [species_id], [sex_id], [pens_id], [mother_id], [father_id]) VALUES (199, N'Cercei', CAST(N'2020-12-19' AS Date), CAST(N'2021-01-21T12:10:00.000' AS DateTime), NULL, 11, 2, 71, NULL, NULL)
	INSERT [dbo].[animals] ([id], [name], [birthdate], [lastfeed], [remark], [species_id], [sex_id], [pens_id], [mother_id], [father_id]) VALUES (200, N'Barrett', CAST(N'2020-12-28' AS Date), CAST(N'2021-01-21T09:20:00.000' AS DateTime), NULL, 35, 1, 97, 145, NULL)
	INSERT [dbo].[animals] ([id], [name], [birthdate], [lastfeed], [remark], [species_id], [sex_id], [pens_id], [mother_id], [father_id]) VALUES (201, N'Jayme', CAST(N'2020-10-25' AS Date), CAST(N'2021-01-21T12:10:00.000' AS DateTime), NULL, 11, 1, 71, NULL, NULL)
	INSERT [dbo].[animals] ([id], [name], [birthdate], [lastfeed], [remark], [species_id], [sex_id], [pens_id], [mother_id], [father_id]) VALUES (202, N'King-Kong', CAST(N'2000-06-06' AS Date), CAST(N'2021-01-21T15:00:00.000' AS DateTime), NULL, 12, 1, 52, NULL, NULL)
	INSERT [dbo].[animals] ([id], [name], [birthdate], [lastfeed], [remark], [species_id], [sex_id], [pens_id], [mother_id], [father_id]) VALUES (203, N'Jesse', CAST(N'2020-01-28' AS Date), CAST(N'2021-01-21T12:10:00.000' AS DateTime), NULL, 17, 1, 24, 141, 150)
	INSERT [dbo].[animals] ([id], [name], [birthdate], [lastfeed], [remark], [species_id], [sex_id], [pens_id], [mother_id], [father_id]) VALUES (204, N'Ingrid', CAST(N'2015-07-29' AS Date), CAST(N'2021-01-21T16:00:00.000' AS DateTime), NULL, 22, 2, 70, NULL, NULL)
	INSERT [dbo].[animals] ([id], [name], [birthdate], [lastfeed], [remark], [species_id], [sex_id], [pens_id], [mother_id], [father_id]) VALUES (205, N'Chloé', CAST(N'2019-09-26' AS Date), CAST(N'2021-01-21T16:00:00.000' AS DateTime), NULL, 22, 2, 70, NULL, NULL)
	INSERT [dbo].[animals] ([id], [name], [birthdate], [lastfeed], [remark], [species_id], [sex_id], [pens_id], [mother_id], [father_id]) VALUES (206, N'Amela', CAST(N'2020-05-16' AS Date), CAST(N'2021-01-21T09:20:00.000' AS DateTime), NULL, 42, 2, 12, NULL, NULL)
	INSERT [dbo].[animals] ([id], [name], [birthdate], [lastfeed], [remark], [species_id], [sex_id], [pens_id], [mother_id], [father_id]) VALUES (207, N'Fuller', CAST(N'2020-04-03' AS Date), CAST(N'2021-01-21T13:55:00.000' AS DateTime), NULL, 43, 1, 11, NULL, NULL)
	INSERT [dbo].[animals] ([id], [name], [birthdate], [lastfeed], [remark], [species_id], [sex_id], [pens_id], [mother_id], [father_id]) VALUES (208, N'Dexter', CAST(N'2021-01-15' AS Date), CAST(N'2021-01-21T12:10:00.000' AS DateTime), NULL, 40, 2, 4, NULL, NULL)
	INSERT [dbo].[animals] ([id], [name], [birthdate], [lastfeed], [remark], [species_id], [sex_id], [pens_id], [mother_id], [father_id]) VALUES (209, N'Rudyard', CAST(N'2020-12-07' AS Date), CAST(N'2021-01-21T14:50:00.000' AS DateTime), NULL, 46, 1, 8, NULL, NULL)
	INSERT [dbo].[animals] ([id], [name], [birthdate], [lastfeed], [remark], [species_id], [sex_id], [pens_id], [mother_id], [father_id]) VALUES (210, N'Chadwick', CAST(N'2020-10-30' AS Date), CAST(N'2021-01-21T12:10:00.000' AS DateTime), NULL, 40, 1, 4, NULL, NULL)
	INSERT [dbo].[animals] ([id], [name], [birthdate], [lastfeed], [remark], [species_id], [sex_id], [pens_id], [mother_id], [father_id]) VALUES (211, N'Aladdin', CAST(N'2020-07-14' AS Date), CAST(N'2021-01-21T11:45:00.000' AS DateTime), NULL, 44, 1, 1, NULL, NULL)
	INSERT [dbo].[animals] ([id], [name], [birthdate], [lastfeed], [remark], [species_id], [sex_id], [pens_id], [mother_id], [father_id]) VALUES (212, N'Daniel', CAST(N'2020-06-16' AS Date), CAST(N'2021-01-21T12:10:00.000' AS DateTime), NULL, 40, 2, 4, NULL, NULL)
	INSERT [dbo].[animals] ([id], [name], [birthdate], [lastfeed], [remark], [species_id], [sex_id], [pens_id], [mother_id], [father_id]) VALUES (213, N'Bert', CAST(N'2020-06-09' AS Date), CAST(N'2021-01-21T16:10:00.000' AS DateTime), NULL, 48, 1, 6, NULL, NULL)
	INSERT [dbo].[animals] ([id], [name], [birthdate], [lastfeed], [remark], [species_id], [sex_id], [pens_id], [mother_id], [father_id]) VALUES (214, N'Ross', CAST(N'2020-05-08' AS Date), CAST(N'2021-01-21T13:55:00.000' AS DateTime), NULL, 41, 1, 13, NULL, NULL)
	INSERT [dbo].[animals] ([id], [name], [birthdate], [lastfeed], [remark], [species_id], [sex_id], [pens_id], [mother_id], [father_id]) VALUES (215, N'Erasmus', CAST(N'2020-11-24' AS Date), CAST(N'2021-01-21T16:10:00.000' AS DateTime), NULL, 48, 1, 6, NULL, NULL)
	INSERT [dbo].[animals] ([id], [name], [birthdate], [lastfeed], [remark], [species_id], [sex_id], [pens_id], [mother_id], [father_id]) VALUES (216, N'Nichole', CAST(N'2020-12-03' AS Date), CAST(N'2021-01-21T16:10:00.000' AS DateTime), NULL, 48, 2, 6, NULL, NULL)
	INSERT [dbo].[animals] ([id], [name], [birthdate], [lastfeed], [remark], [species_id], [sex_id], [pens_id], [mother_id], [father_id]) VALUES (217, N'Gary', CAST(N'2020-07-19' AS Date), CAST(N'2021-01-21T14:50:00.000' AS DateTime), NULL, 49, 1, 19, NULL, NULL)
	INSERT [dbo].[animals] ([id], [name], [birthdate], [lastfeed], [remark], [species_id], [sex_id], [pens_id], [mother_id], [father_id]) VALUES (218, N'Wayne', CAST(N'2020-02-26' AS Date), CAST(N'2021-01-21T09:20:00.000' AS DateTime), NULL, 40, 1, 7, NULL, NULL)
	INSERT [dbo].[animals] ([id], [name], [birthdate], [lastfeed], [remark], [species_id], [sex_id], [pens_id], [mother_id], [father_id]) VALUES (219, N'Holmes', CAST(N'2020-01-31' AS Date), CAST(N'2021-01-21T12:10:00.000' AS DateTime), NULL, 47, 1, 18, NULL, NULL)
	INSERT [dbo].[animals] ([id], [name], [birthdate], [lastfeed], [remark], [species_id], [sex_id], [pens_id], [mother_id], [father_id]) VALUES (220, N'Darrel', CAST(N'2020-07-26' AS Date), CAST(N'2021-01-21T16:10:00.000' AS DateTime), NULL, 48, 2, 6, NULL, NULL)
	INSERT [dbo].[animals] ([id], [name], [birthdate], [lastfeed], [remark], [species_id], [sex_id], [pens_id], [mother_id], [father_id]) VALUES (221, N'Giacomo', CAST(N'2020-08-12' AS Date), CAST(N'2021-01-21T13:55:00.000' AS DateTime), NULL, 41, 1, 13, NULL, NULL)
	INSERT [dbo].[animals] ([id], [name], [birthdate], [lastfeed], [remark], [species_id], [sex_id], [pens_id], [mother_id], [father_id]) VALUES (222, N'Neil', CAST(N'2020-11-12' AS Date), CAST(N'2021-01-21T12:10:00.000' AS DateTime), NULL, 47, 1, 18, NULL, NULL)
	INSERT [dbo].[animals] ([id], [name], [birthdate], [lastfeed], [remark], [species_id], [sex_id], [pens_id], [mother_id], [father_id]) VALUES (223, N'Preston', CAST(N'2020-10-25' AS Date), CAST(N'2021-01-21T14:50:00.000' AS DateTime), NULL, 46, 1, 8, NULL, NULL)
	INSERT [dbo].[animals] ([id], [name], [birthdate], [lastfeed], [remark], [species_id], [sex_id], [pens_id], [mother_id], [father_id]) VALUES (224, N'Chester', CAST(N'2020-10-21' AS Date), CAST(N'2021-01-21T14:50:00.000' AS DateTime), NULL, 49, 1, 19, NULL, NULL)
	INSERT [dbo].[animals] ([id], [name], [birthdate], [lastfeed], [remark], [species_id], [sex_id], [pens_id], [mother_id], [father_id]) VALUES (225, N'Keane', CAST(N'2020-10-13' AS Date), CAST(N'2021-01-21T14:50:00.000' AS DateTime), NULL, 46, 1, 8, NULL, NULL)
	INSERT [dbo].[animals] ([id], [name], [birthdate], [lastfeed], [remark], [species_id], [sex_id], [pens_id], [mother_id], [father_id]) VALUES (226, N'Clio', CAST(N'2020-07-18' AS Date), CAST(N'2021-01-21T16:10:00.000' AS DateTime), NULL, 48, 2, 6, NULL, NULL)
	INSERT [dbo].[animals] ([id], [name], [birthdate], [lastfeed], [remark], [species_id], [sex_id], [pens_id], [mother_id], [father_id]) VALUES (227, N'Nicholas', CAST(N'2020-12-08' AS Date), CAST(N'2021-01-21T14:20:00.000' AS DateTime), NULL, 48, 1, 2, NULL, NULL)
	INSERT [dbo].[animals] ([id], [name], [birthdate], [lastfeed], [remark], [species_id], [sex_id], [pens_id], [mother_id], [father_id]) VALUES (228, N'Orson', CAST(N'2020-08-19' AS Date), CAST(N'2021-01-21T11:45:00.000' AS DateTime), NULL, 44, 1, 1, NULL, NULL)
	INSERT [dbo].[animals] ([id], [name], [birthdate], [lastfeed], [remark], [species_id], [sex_id], [pens_id], [mother_id], [father_id]) VALUES (229, N'Magee', CAST(N'2020-06-08' AS Date), CAST(N'2021-01-21T13:55:00.000' AS DateTime), NULL, 45, 1, 14, NULL, NULL)
	INSERT [dbo].[animals] ([id], [name], [birthdate], [lastfeed], [remark], [species_id], [sex_id], [pens_id], [mother_id], [father_id]) VALUES (230, N'Kelsey', CAST(N'2020-06-10' AS Date), CAST(N'2021-01-21T13:55:00.000' AS DateTime), NULL, 41, 2, 13, NULL, NULL)
	INSERT [dbo].[animals] ([id], [name], [birthdate], [lastfeed], [remark], [species_id], [sex_id], [pens_id], [mother_id], [father_id]) VALUES (231, N'Forrest', CAST(N'2020-03-11' AS Date), CAST(N'2021-01-21T09:20:00.000' AS DateTime), NULL, 40, 2, 7, NULL, NULL)
	INSERT [dbo].[animals] ([id], [name], [birthdate], [lastfeed], [remark], [species_id], [sex_id], [pens_id], [mother_id], [father_id]) VALUES (232, N'Jaime', CAST(N'2020-07-18' AS Date), CAST(N'2021-01-21T14:50:00.000' AS DateTime), NULL, 46, 2, 8, NULL, NULL)
	INSERT [dbo].[animals] ([id], [name], [birthdate], [lastfeed], [remark], [species_id], [sex_id], [pens_id], [mother_id], [father_id]) VALUES (233, N'Wing', CAST(N'2020-01-06' AS Date), CAST(N'2021-01-21T14:20:00.000' AS DateTime), NULL, 48, 2, 2, NULL, NULL)
	INSERT [dbo].[animals] ([id], [name], [birthdate], [lastfeed], [remark], [species_id], [sex_id], [pens_id], [mother_id], [father_id]) VALUES (234, N'Kim', CAST(N'2021-01-02' AS Date), CAST(N'2021-01-21T13:55:00.000' AS DateTime), NULL, 43, 2, 11, NULL, NULL)
	INSERT [dbo].[animals] ([id], [name], [birthdate], [lastfeed], [remark], [species_id], [sex_id], [pens_id], [mother_id], [father_id]) VALUES (235, N'Yuri', CAST(N'2020-09-17' AS Date), CAST(N'2021-01-21T11:45:00.000' AS DateTime), NULL, 44, 2, 1, NULL, NULL)
	INSERT [dbo].[animals] ([id], [name], [birthdate], [lastfeed], [remark], [species_id], [sex_id], [pens_id], [mother_id], [father_id]) VALUES (236, N'Garrett', CAST(N'2020-03-15' AS Date), CAST(N'2021-01-21T11:45:00.000' AS DateTime), NULL, 44, 1, 1, NULL, NULL)
	INSERT [dbo].[animals] ([id], [name], [birthdate], [lastfeed], [remark], [species_id], [sex_id], [pens_id], [mother_id], [father_id]) VALUES (237, N'Blair', CAST(N'2020-06-18' AS Date), CAST(N'2021-01-21T10:50:00.000' AS DateTime), NULL, 46, 2, 10, NULL, NULL)
	INSERT [dbo].[animals] ([id], [name], [birthdate], [lastfeed], [remark], [species_id], [sex_id], [pens_id], [mother_id], [father_id]) VALUES (238, N'Malik', CAST(N'2020-03-19' AS Date), CAST(N'2021-01-21T13:55:00.000' AS DateTime), NULL, 43, 1, 11, NULL, NULL)
	INSERT [dbo].[animals] ([id], [name], [birthdate], [lastfeed], [remark], [species_id], [sex_id], [pens_id], [mother_id], [father_id]) VALUES (239, N'Jermaine', CAST(N'2020-09-11' AS Date), CAST(N'2021-01-21T10:50:00.000' AS DateTime), NULL, 46, 1, 10, NULL, NULL)
	INSERT [dbo].[animals] ([id], [name], [birthdate], [lastfeed], [remark], [species_id], [sex_id], [pens_id], [mother_id], [father_id]) VALUES (240, N'Lucian', CAST(N'2020-03-22' AS Date), CAST(N'2021-01-21T13:55:00.000' AS DateTime), NULL, 43, 1, 11, NULL, NULL)
	INSERT [dbo].[animals] ([id], [name], [birthdate], [lastfeed], [remark], [species_id], [sex_id], [pens_id], [mother_id], [father_id]) VALUES (241, N'Edward', CAST(N'2020-01-29' AS Date), CAST(N'2021-01-21T13:55:00.000' AS DateTime), NULL, 45, 1, 14, NULL, NULL)
	INSERT [dbo].[animals] ([id], [name], [birthdate], [lastfeed], [remark], [species_id], [sex_id], [pens_id], [mother_id], [father_id]) VALUES (242, N'Thor', CAST(N'2020-06-05' AS Date), CAST(N'2021-01-21T14:20:00.000' AS DateTime), NULL, 48, 2, 2, NULL, NULL)
	INSERT [dbo].[animals] ([id], [name], [birthdate], [lastfeed], [remark], [species_id], [sex_id], [pens_id], [mother_id], [father_id]) VALUES (243, N'Clinton', CAST(N'2020-05-12' AS Date), CAST(N'2021-01-21T10:50:00.000' AS DateTime), NULL, 46, 1, 10, NULL, NULL)
	INSERT [dbo].[animals] ([id], [name], [birthdate], [lastfeed], [remark], [species_id], [sex_id], [pens_id], [mother_id], [father_id]) VALUES (244, N'Mufutau', CAST(N'2020-09-18' AS Date), CAST(N'2021-01-21T12:10:00.000' AS DateTime), NULL, 47, 1, 18, NULL, NULL)
	INSERT [dbo].[animals] ([id], [name], [birthdate], [lastfeed], [remark], [species_id], [sex_id], [pens_id], [mother_id], [father_id]) VALUES (245, N'Alfreda', CAST(N'2020-09-27' AS Date), CAST(N'2021-01-21T13:55:00.000' AS DateTime), NULL, 41, 2, 13, NULL, NULL)
	INSERT [dbo].[animals] ([id], [name], [birthdate], [lastfeed], [remark], [species_id], [sex_id], [pens_id], [mother_id], [father_id]) VALUES (246, N'Marvin', CAST(N'2020-02-13' AS Date), CAST(N'2021-01-21T14:50:00.000' AS DateTime), NULL, 49, 1, 19, NULL, NULL)
	INSERT [dbo].[animals] ([id], [name], [birthdate], [lastfeed], [remark], [species_id], [sex_id], [pens_id], [mother_id], [father_id]) VALUES (247, N'Quamar', CAST(N'2020-03-07' AS Date), CAST(N'2021-01-21T09:20:00.000' AS DateTime), NULL, 40, 2, 7, NULL, NULL)
	INSERT [dbo].[animals] ([id], [name], [birthdate], [lastfeed], [remark], [species_id], [sex_id], [pens_id], [mother_id], [father_id]) VALUES (248, N'Marny', CAST(N'2020-02-12' AS Date), CAST(N'2021-01-21T09:20:00.000' AS DateTime), NULL, 42, 2, 12, NULL, NULL)
	INSERT [dbo].[animals] ([id], [name], [birthdate], [lastfeed], [remark], [species_id], [sex_id], [pens_id], [mother_id], [father_id]) VALUES (249, N'Molly', CAST(N'2020-02-07' AS Date), CAST(N'2021-01-21T14:50:00.000' AS DateTime), NULL, 49, 2, 19, NULL, NULL)
	INSERT [dbo].[animals] ([id], [name], [birthdate], [lastfeed], [remark], [species_id], [sex_id], [pens_id], [mother_id], [father_id]) VALUES (250, N'Emery', CAST(N'2020-03-07' AS Date), CAST(N'2021-01-21T14:20:00.000' AS DateTime), NULL, 48, 2, 2, NULL, NULL)
	INSERT [dbo].[animals] ([id], [name], [birthdate], [lastfeed], [remark], [species_id], [sex_id], [pens_id], [mother_id], [father_id]) VALUES (251, N'Declan', CAST(N'2020-03-10' AS Date), CAST(N'2021-01-21T13:55:00.000' AS DateTime), NULL, 45, 1, 14, NULL, NULL)
	INSERT [dbo].[animals] ([id], [name], [birthdate], [lastfeed], [remark], [species_id], [sex_id], [pens_id], [mother_id], [father_id]) VALUES (252, N'Kevyn', CAST(N'2020-06-21' AS Date), CAST(N'2021-01-21T13:55:00.000' AS DateTime), NULL, 45, 2, 14, NULL, NULL)
	INSERT [dbo].[animals] ([id], [name], [birthdate], [lastfeed], [remark], [species_id], [sex_id], [pens_id], [mother_id], [father_id]) VALUES (253, N'Brock', CAST(N'2020-06-13' AS Date), CAST(N'2021-01-21T09:20:00.000' AS DateTime), NULL, 42, 1, 12, NULL, NULL)
	INSERT [dbo].[animals] ([id], [name], [birthdate], [lastfeed], [remark], [species_id], [sex_id], [pens_id], [mother_id], [father_id]) VALUES (254, N'Alden', CAST(N'2020-03-01' AS Date), CAST(N'2021-01-21T09:20:00.000' AS DateTime), NULL, 40, 1, 7, NULL, NULL)
	INSERT [dbo].[animals] ([id], [name], [birthdate], [lastfeed], [remark], [species_id], [sex_id], [pens_id], [mother_id], [father_id]) VALUES (255, N'Rudyard', CAST(N'2020-11-09' AS Date), CAST(N'2021-01-21T13:55:00.000' AS DateTime), NULL, 43, 1, 11, NULL, NULL)
	INSERT [dbo].[animals] ([id], [name], [birthdate], [lastfeed], [remark], [species_id], [sex_id], [pens_id], [mother_id], [father_id]) VALUES (256, N'Olympia', CAST(N'2020-11-10' AS Date), CAST(N'2021-01-21T12:10:00.000' AS DateTime), NULL, 47, 2, 18, NULL, NULL)
	INSERT [dbo].[animals] ([id], [name], [birthdate], [lastfeed], [remark], [species_id], [sex_id], [pens_id], [mother_id], [father_id]) VALUES (257, N'Fredericka', CAST(N'2020-03-06' AS Date), CAST(N'2021-01-21T12:10:00.000' AS DateTime), NULL, 47, 2, 18, NULL, NULL)
	INSERT [dbo].[animals] ([id], [name], [birthdate], [lastfeed], [remark], [species_id], [sex_id], [pens_id], [mother_id], [father_id]) VALUES (258, N'Colin', CAST(N'2020-11-14' AS Date), CAST(N'2021-01-21T13:55:00.000' AS DateTime), NULL, 45, 1, 14, NULL, NULL)
	INSERT [dbo].[animals] ([id], [name], [birthdate], [lastfeed], [remark], [species_id], [sex_id], [pens_id], [mother_id], [father_id]) VALUES (259, N'Iola', CAST(N'2020-03-17' AS Date), CAST(N'2021-01-21T14:20:00.000' AS DateTime), NULL, 48, 2, 2, NULL, NULL)

    COMMIT TRANSACTION
  END TRY
  BEGIN CATCH
      ROLLBACK TRANSACTION
  END CATCH

  SET IDENTITY_INSERT [dbo].[animals] OFF
GO


SET IDENTITY_INSERT [dbo].[animals_has_states] ON 

BEGIN TRANSACTION 
  BEGIN TRY

	INSERT [dbo].[animals_has_states] ([id], [animals_id], [states_id]) VALUES (24, 3, 4)
	INSERT [dbo].[animals_has_states] ([id], [animals_id], [states_id]) VALUES (9, 10, 2)
	INSERT [dbo].[animals_has_states] ([id], [animals_id], [states_id]) VALUES (39, 16, 6)
	INSERT [dbo].[animals_has_states] ([id], [animals_id], [states_id]) VALUES (46, 17, 7)
	INSERT [dbo].[animals_has_states] ([id], [animals_id], [states_id]) VALUES (25, 36, 4)
	INSERT [dbo].[animals_has_states] ([id], [animals_id], [states_id]) VALUES (47, 37, 7)
	INSERT [dbo].[animals_has_states] ([id], [animals_id], [states_id]) VALUES (32, 39, 5)
	INSERT [dbo].[animals_has_states] ([id], [animals_id], [states_id]) VALUES (33, 41, 5)
	INSERT [dbo].[animals_has_states] ([id], [animals_id], [states_id]) VALUES (10, 43, 2)
	INSERT [dbo].[animals_has_states] ([id], [animals_id], [states_id]) VALUES (26, 47, 4)
	INSERT [dbo].[animals_has_states] ([id], [animals_id], [states_id]) VALUES (1, 51, 1)
	INSERT [dbo].[animals_has_states] ([id], [animals_id], [states_id]) VALUES (48, 52, 7)
	INSERT [dbo].[animals_has_states] ([id], [animals_id], [states_id]) VALUES (11, 57, 2)
	INSERT [dbo].[animals_has_states] ([id], [animals_id], [states_id]) VALUES (34, 62, 5)
	INSERT [dbo].[animals_has_states] ([id], [animals_id], [states_id]) VALUES (19, 64, 3)
	INSERT [dbo].[animals_has_states] ([id], [animals_id], [states_id]) VALUES (12, 68, 2)
	INSERT [dbo].[animals_has_states] ([id], [animals_id], [states_id]) VALUES (13, 76, 2)
	INSERT [dbo].[animals_has_states] ([id], [animals_id], [states_id]) VALUES (2, 82, 1)
	INSERT [dbo].[animals_has_states] ([id], [animals_id], [states_id]) VALUES (20, 84, 3)
	INSERT [dbo].[animals_has_states] ([id], [animals_id], [states_id]) VALUES (3, 91, 1)
	INSERT [dbo].[animals_has_states] ([id], [animals_id], [states_id]) VALUES (40, 97, 6)
	INSERT [dbo].[animals_has_states] ([id], [animals_id], [states_id]) VALUES (4, 99, 1)
	INSERT [dbo].[animals_has_states] ([id], [animals_id], [states_id]) VALUES (35, 100, 5)
	INSERT [dbo].[animals_has_states] ([id], [animals_id], [states_id]) VALUES (49, 110, 7)
	INSERT [dbo].[animals_has_states] ([id], [animals_id], [states_id]) VALUES (36, 111, 5)
	INSERT [dbo].[animals_has_states] ([id], [animals_id], [states_id]) VALUES (21, 113, 3)
	INSERT [dbo].[animals_has_states] ([id], [animals_id], [states_id]) VALUES (41, 115, 6)
	INSERT [dbo].[animals_has_states] ([id], [animals_id], [states_id]) VALUES (14, 122, 2)
	INSERT [dbo].[animals_has_states] ([id], [animals_id], [states_id]) VALUES (27, 123, 4)
	INSERT [dbo].[animals_has_states] ([id], [animals_id], [states_id]) VALUES (15, 126, 2)
	INSERT [dbo].[animals_has_states] ([id], [animals_id], [states_id]) VALUES (5, 141, 1)
	INSERT [dbo].[animals_has_states] ([id], [animals_id], [states_id]) VALUES (50, 157, 7)
	INSERT [dbo].[animals_has_states] ([id], [animals_id], [states_id]) VALUES (28, 158, 4)
	INSERT [dbo].[animals_has_states] ([id], [animals_id], [states_id]) VALUES (16, 159, 2)
	INSERT [dbo].[animals_has_states] ([id], [animals_id], [states_id]) VALUES (42, 161, 6)
	INSERT [dbo].[animals_has_states] ([id], [animals_id], [states_id]) VALUES (6, 163, 1)
	INSERT [dbo].[animals_has_states] ([id], [animals_id], [states_id]) VALUES (29, 165, 4)
	INSERT [dbo].[animals_has_states] ([id], [animals_id], [states_id]) VALUES (17, 171, 2)
	INSERT [dbo].[animals_has_states] ([id], [animals_id], [states_id]) VALUES (43, 172, 6)
	INSERT [dbo].[animals_has_states] ([id], [animals_id], [states_id]) VALUES (30, 179, 4)
	INSERT [dbo].[animals_has_states] ([id], [animals_id], [states_id]) VALUES (44, 194, 6)
	INSERT [dbo].[animals_has_states] ([id], [animals_id], [states_id]) VALUES (8, 205, 1)
	INSERT [dbo].[animals_has_states] ([id], [animals_id], [states_id]) VALUES (51, 213, 7)
	INSERT [dbo].[animals_has_states] ([id], [animals_id], [states_id]) VALUES (37, 215, 5)
	INSERT [dbo].[animals_has_states] ([id], [animals_id], [states_id]) VALUES (45, 221, 6)
	INSERT [dbo].[animals_has_states] ([id], [animals_id], [states_id]) VALUES (22, 222, 3)
	INSERT [dbo].[animals_has_states] ([id], [animals_id], [states_id]) VALUES (52, 223, 7)
	INSERT [dbo].[animals_has_states] ([id], [animals_id], [states_id]) VALUES (18, 235, 2)
	INSERT [dbo].[animals_has_states] ([id], [animals_id], [states_id]) VALUES (23, 243, 3)
	INSERT [dbo].[animals_has_states] ([id], [animals_id], [states_id]) VALUES (38, 245, 5)
	INSERT [dbo].[animals_has_states] ([id], [animals_id], [states_id]) VALUES (31, 247, 4)

	

    COMMIT TRANSACTION
  END TRY
  BEGIN CATCH
      ROLLBACK TRANSACTION
  END CATCH

  SET IDENTITY_INSERT [dbo].[animals_has_states] OFF
GO


SET IDENTITY_INSERT [dbo].[stocks] ON 

BEGIN TRANSACTION 
  BEGIN TRY

	INSERT [dbo].[stocks] ([id], [reference], [name], [provider], [priceperunit], [uses], [quantity], [sectors_id]) VALUES (1, N'845822 5391', N'bandages', N'Arcu Nunc Industries', 15, N'soin', 237, 8)
	INSERT [dbo].[stocks] ([id], [reference], [name], [provider], [priceperunit], [uses], [quantity], [sectors_id]) VALUES (2, N'852402 5510', N'attelles', N'Curabitur Dictum LLC', 12, N'soin', 239, 6)
	INSERT [dbo].[stocks] ([id], [reference], [name], [provider], [priceperunit], [uses], [quantity], [sectors_id]) VALUES (3, N'074152 4300', N'paille', N'Leo LLC', 38, N'nourrissage', 1176, 3)
	INSERT [dbo].[stocks] ([id], [reference], [name], [provider], [priceperunit], [uses], [quantity], [sectors_id]) VALUES (4, N'476435 4470', N'fléchettes tranquilisantes', N'Pulvinar LLP', 26, N'soin', 44, 2)
	INSERT [dbo].[stocks] ([id], [reference], [name], [provider], [priceperunit], [uses], [quantity], [sectors_id]) VALUES (5, N'427109 8610', N'médicament1', N'Velit In Aliquet LLC', 2, N'soin', 113, 6)
	INSERT [dbo].[stocks] ([id], [reference], [name], [provider], [priceperunit], [uses], [quantity], [sectors_id]) VALUES (6, N'464485 4350', N'médicament2', N'Eu Odio Phasellus Limited', 39, N'soin', 130, 5)
	INSERT [dbo].[stocks] ([id], [reference], [name], [provider], [priceperunit], [uses], [quantity], [sectors_id]) VALUES (7, N'116578 8009', N'traitement yeux', N'Ac Orci Limited', 27, N'soin', 297, 5)
	INSERT [dbo].[stocks] ([id], [reference], [name], [provider], [priceperunit], [uses], [quantity], [sectors_id]) VALUES (8, N'193391 6858', N'désinfectant', N'Quisque Ornare Associates', 3, N'soin', 252, 5)
	INSERT [dbo].[stocks] ([id], [reference], [name], [provider], [priceperunit], [uses], [quantity], [sectors_id]) VALUES (9, N'839201 8597', N'compresses', N'Penatibus Inc.', 36, N'soin', 296, 5)
	INSERT [dbo].[stocks] ([id], [reference], [name], [provider], [priceperunit], [uses], [quantity], [sectors_id]) VALUES (10, N'755525 6416', N'seringues', N'Dictum Industries', 39, N'soin', 10, 3)
	INSERT [dbo].[stocks] ([id], [reference], [name], [provider], [priceperunit], [uses], [quantity], [sectors_id]) VALUES (11, N'313131 0504', N'jouets maki catta', N'Natoque Institute', 26, N'nourrissage', 303, 1)
	INSERT [dbo].[stocks] ([id], [reference], [name], [provider], [priceperunit], [uses], [quantity], [sectors_id]) VALUES (12, N'357022 6534', N'crème désinfectante', N'Praesent Interdum Limited', 18, N'soin', 307, 4)
	INSERT [dbo].[stocks] ([id], [reference], [name], [provider], [priceperunit], [uses], [quantity], [sectors_id]) VALUES (13, N'153792 0140', N'linges', N'Phasellus Nulla Integer Ltd', 4, N'nourrissage', 279, 1)
	INSERT [dbo].[stocks] ([id], [reference], [name], [provider], [priceperunit], [uses], [quantity], [sectors_id]) VALUES (14, N'963129 3066', N'balles de démonstration otarie', N'Curabitur Egestas Nunc Company', 4, N'nourrissage', 363, 2)
	INSERT [dbo].[stocks] ([id], [reference], [name], [provider], [priceperunit], [uses], [quantity], [sectors_id]) VALUES (15, N'815110 5163', N'seau de nourrissage', N'Congue Turpis In Corporation', 14, N'nourrissage', 467, 5)
	INSERT [dbo].[stocks] ([id], [reference], [name], [provider], [priceperunit], [uses], [quantity], [sectors_id]) VALUES (16, N'968535 8682', N'fourche', N'Congue In Industries', 8, N'entretien', 29, 1)
	INSERT [dbo].[stocks] ([id], [reference], [name], [provider], [priceperunit], [uses], [quantity], [sectors_id]) VALUES (17, N'786974 6300', N'rateau', N'Laoreet Posuere Corp.', 11, N'entretien', 265, 3)
	INSERT [dbo].[stocks] ([id], [reference], [name], [provider], [priceperunit], [uses], [quantity], [sectors_id]) VALUES (18, N'324558 4887', N'aspirateur à bassin', N'At Company', 34, N'entretien', 120, 3)
	INSERT [dbo].[stocks] ([id], [reference], [name], [provider], [priceperunit], [uses], [quantity], [sectors_id]) VALUES (19, N'298623 7440', N'correcteur d''acidité de l''eau', N'At Lacus Quisque Company', 17, N'entretien', 487, 5)
	INSERT [dbo].[stocks] ([id], [reference], [name], [provider], [priceperunit], [uses], [quantity], [sectors_id]) VALUES (20, N'009338 8031', N'stock1', N'Nam Tempor Diam LLP', 4, N'nourrissage', 153, 2)
	INSERT [dbo].[stocks] ([id], [reference], [name], [provider], [priceperunit], [uses], [quantity], [sectors_id]) VALUES (21, N'302261 5813', N'stock2', N'Eu Inc.', 29, N'nourrissage', 122, 2)
	INSERT [dbo].[stocks] ([id], [reference], [name], [provider], [priceperunit], [uses], [quantity], [sectors_id]) VALUES (22, N'704631 0939', N'stock3', N'Nec Institute', 5, N'nourrissage', 1163, 1)
	INSERT [dbo].[stocks] ([id], [reference], [name], [provider], [priceperunit], [uses], [quantity], [sectors_id]) VALUES (23, N'909879 8250', N'stock4', N'Nunc Limited', 24, N'nourrissage', 194, 1)
	INSERT [dbo].[stocks] ([id], [reference], [name], [provider], [priceperunit], [uses], [quantity], [sectors_id]) VALUES (24, N'153798 4872', N'stock5', N'Enim Curabitur Company', 34, N'entretien', 271, 5)
	INSERT [dbo].[stocks] ([id], [reference], [name], [provider], [priceperunit], [uses], [quantity], [sectors_id]) VALUES (25, N'999729 3890', N'stock6', N'Duis Cursus LLC', 30, N'entretien', 362, 1)
	INSERT [dbo].[stocks] ([id], [reference], [name], [provider], [priceperunit], [uses], [quantity], [sectors_id]) VALUES (26, N'629451 2600', N'stock7', N'Libero At Auctor Corporation', 20, N'entretien', 287, 7)
	INSERT [dbo].[stocks] ([id], [reference], [name], [provider], [priceperunit], [uses], [quantity], [sectors_id]) VALUES (27, N'348296 7902', N'stock8', N'Eget Ltd', 7, N'entretien', 463, 7)
	INSERT [dbo].[stocks] ([id], [reference], [name], [provider], [priceperunit], [uses], [quantity], [sectors_id]) VALUES (28, N'252917 0751', N'stock9', N'Pharetra Associates', 6, N'entretien', 1111, 4)
	INSERT [dbo].[stocks] ([id], [reference], [name], [provider], [priceperunit], [uses], [quantity], [sectors_id]) VALUES (29, N'905129 9874', N'stock10', N'A Magna Corp.', 26, N'soin', 161, 1)
	INSERT [dbo].[stocks] ([id], [reference], [name], [provider], [priceperunit], [uses], [quantity], [sectors_id]) VALUES (30, N'744964 3373', N'stock11', N'Id Blandit At Associates', 24, N'soin', 46, 4)
	INSERT [dbo].[stocks] ([id], [reference], [name], [provider], [priceperunit], [uses], [quantity], [sectors_id]) VALUES (31, N'675971 9856', N'stock12', N'Auctor PC', 1, N'soin', 119, 3)
	INSERT [dbo].[stocks] ([id], [reference], [name], [provider], [priceperunit], [uses], [quantity], [sectors_id]) VALUES (32, N'417152 9466', N'stock13', N'Fusce Aliquam Industries', 37, N'soin', 276, 3)
	INSERT [dbo].[stocks] ([id], [reference], [name], [provider], [priceperunit], [uses], [quantity], [sectors_id]) VALUES (33, N'306764 9412', N'stock14', N'Suspendisse Tristique Ltd', 40, N'soin', 310, 8)
	INSERT [dbo].[stocks] ([id], [reference], [name], [provider], [priceperunit], [uses], [quantity], [sectors_id]) VALUES (34, N'217394 8775', N'stock15', N'Diam Eu Dolor LLC', 30, N'soin', 383, 1)
	INSERT [dbo].[stocks] ([id], [reference], [name], [provider], [priceperunit], [uses], [quantity], [sectors_id]) VALUES (35, N'593311 5460', N'stock16', N'Sed Dolor Limited', 6, N'soin', 1430, 3)
	INSERT [dbo].[stocks] ([id], [reference], [name], [provider], [priceperunit], [uses], [quantity], [sectors_id]) VALUES (36, N'957526 2192', N'stock17', N'Tempor Diam Dictum Associates', 38, N'soin', 275, 7)
	INSERT [dbo].[stocks] ([id], [reference], [name], [provider], [priceperunit], [uses], [quantity], [sectors_id]) VALUES (37, N'355136 3124', N'stock18', N'Mauris Associates', 19, N'soin', 152, 3)
	INSERT [dbo].[stocks] ([id], [reference], [name], [provider], [priceperunit], [uses], [quantity], [sectors_id]) VALUES (38, N'075173 9293', N'stock19', N'Nulla Integer Incorporated', 17, N'soin', 112, 5)
	INSERT [dbo].[stocks] ([id], [reference], [name], [provider], [priceperunit], [uses], [quantity], [sectors_id]) VALUES (39, N'834339 0095', N'stock20', N'Vivamus Rhoncus Corporation', 8, N'entretien', 292, 1)
	INSERT [dbo].[stocks] ([id], [reference], [name], [provider], [priceperunit], [uses], [quantity], [sectors_id]) VALUES (40, N'882114 9070', N'stock21', N'Natoque Penatibus Et Company', 20, N'entretien', 116, 3)
	INSERT [dbo].[stocks] ([id], [reference], [name], [provider], [priceperunit], [uses], [quantity], [sectors_id]) VALUES (41, N'997989 0515', N'stock22', N'Suspendisse Sagittis Industries', 16, N'entretien', 335, 5)
	INSERT [dbo].[stocks] ([id], [reference], [name], [provider], [priceperunit], [uses], [quantity], [sectors_id]) VALUES (42, N'113259 8895', N'stock23', N'Curabitur Ut Odio Corporation', 14, N'entretien', 426, 1)
	INSERT [dbo].[stocks] ([id], [reference], [name], [provider], [priceperunit], [uses], [quantity], [sectors_id]) VALUES (43, N'674340 7717', N'stock24', N'Adipiscing Ligula Aenean Limited', 1, N'entretien', 428, 7)
	INSERT [dbo].[stocks] ([id], [reference], [name], [provider], [priceperunit], [uses], [quantity], [sectors_id]) VALUES (44, N'862919 3213', N'stock25', N'In At Ltd', 16, N'entretien', 300, 6)
	INSERT [dbo].[stocks] ([id], [reference], [name], [provider], [priceperunit], [uses], [quantity], [sectors_id]) VALUES (45, N'493524 5433', N'stock26', N'Arcu Aliquam Ultrices Industries', 5, N'entretien', 246, 4)
	INSERT [dbo].[stocks] ([id], [reference], [name], [provider], [priceperunit], [uses], [quantity], [sectors_id]) VALUES (46, N'046794 4641', N'stock27', N'At Velit Associates', 8, N'entretien', 411, 7)
	INSERT [dbo].[stocks] ([id], [reference], [name], [provider], [priceperunit], [uses], [quantity], [sectors_id]) VALUES (47, N'982709 5564', N'stock28', N'Elit Pede Corporation', 31, N'entretien', 437, 1)
	INSERT [dbo].[stocks] ([id], [reference], [name], [provider], [priceperunit], [uses], [quantity], [sectors_id]) VALUES (48, N'584081 1185', N'stock29', N'Libero At LLP', 40, N'entretien', 361, 5)
	INSERT [dbo].[stocks] ([id], [reference], [name], [provider], [priceperunit], [uses], [quantity], [sectors_id]) VALUES (49, N'839128 3689', N'stock30', N'Tempor Est Corporation', 15, N'entretien', 1398, 4)
	INSERT [dbo].[stocks] ([id], [reference], [name], [provider], [priceperunit], [uses], [quantity], [sectors_id]) VALUES (50, N'253101 0409', N'stock31', N'At Nisi Cum Corp.', 14, N'entretien', 432, 3)
	INSERT [dbo].[stocks] ([id], [reference], [name], [provider], [priceperunit], [uses], [quantity], [sectors_id]) VALUES (51, N'472092 2741', N'stock32', N'Velit Corporation', 36, N'entretien', 323, 5)
	INSERT [dbo].[stocks] ([id], [reference], [name], [provider], [priceperunit], [uses], [quantity], [sectors_id]) VALUES (52, N'774777 1801', N'stock33', N'Lacus Inc.', 17, N'entretien', 1135, 5)
	INSERT [dbo].[stocks] ([id], [reference], [name], [provider], [priceperunit], [uses], [quantity], [sectors_id]) VALUES (53, N'653814 8500', N'stock34', N'Leo Morbi Neque Associates', 27, N'entretien', 126, 6)
	INSERT [dbo].[stocks] ([id], [reference], [name], [provider], [priceperunit], [uses], [quantity], [sectors_id]) VALUES (54, N'863387 0756', N'stock35', N'Leo Consulting', 17, N'entretien', 312, 6)
	INSERT [dbo].[stocks] ([id], [reference], [name], [provider], [priceperunit], [uses], [quantity], [sectors_id]) VALUES (55, N'379349 1188', N'stock36', N'Quis Industries', 17, N'entretien', 483, 6)
	INSERT [dbo].[stocks] ([id], [reference], [name], [provider], [priceperunit], [uses], [quantity], [sectors_id]) VALUES (56, N'617405 8476', N'stock37', N'Ac Corp.', 36, N'entretien', 109, 3)
	INSERT [dbo].[stocks] ([id], [reference], [name], [provider], [priceperunit], [uses], [quantity], [sectors_id]) VALUES (57, N'605834 2764', N'stock38', N'Sed Auctor Odio Industries', 14, N'entretien', 159, 4)
	INSERT [dbo].[stocks] ([id], [reference], [name], [provider], [priceperunit], [uses], [quantity], [sectors_id]) VALUES (58, N'242459 4709', N'stock39', N'Commodo Hendrerit Incorporated', 28, N'entretien', 77, 5)
	INSERT [dbo].[stocks] ([id], [reference], [name], [provider], [priceperunit], [uses], [quantity], [sectors_id]) VALUES (59, N'874745 5874', N'stock40', N'Id Inc.', 23, N'entretien', 248, 8)
	INSERT [dbo].[stocks] ([id], [reference], [name], [provider], [priceperunit], [uses], [quantity], [sectors_id]) VALUES (60, N'383342 6335', N'stock41', N'Hendrerit Industries', 32, N'entretien', 258, 3)
	INSERT [dbo].[stocks] ([id], [reference], [name], [provider], [priceperunit], [uses], [quantity], [sectors_id]) VALUES (61, N'895020 3888', N'stock42', N'Magnis Ltd', 23, N'entretien', 56, 3)
	INSERT [dbo].[stocks] ([id], [reference], [name], [provider], [priceperunit], [uses], [quantity], [sectors_id]) VALUES (62, N'017456 1183', N'stock43', N'Ante Ipsum Limited', 7, N'entretien', 150, 5)
	INSERT [dbo].[stocks] ([id], [reference], [name], [provider], [priceperunit], [uses], [quantity], [sectors_id]) VALUES (63, N'029327 6614', N'Brouteurs', N'granovit', 4, N'nourrissage', 275, 1)
	INSERT [dbo].[stocks] ([id], [reference], [name], [provider], [priceperunit], [uses], [quantity], [sectors_id]) VALUES (64, N'394197 2055', N'Cu-controlled', N'granovit', 29, N'nourrissage', 152, 5)
	INSERT [dbo].[stocks] ([id], [reference], [name], [provider], [priceperunit], [uses], [quantity], [sectors_id]) VALUES (65, N'002261 1560', N'Browser', N'granovit', 5, N'nourrissage', 112, 4)
	INSERT [dbo].[stocks] ([id], [reference], [name], [provider], [priceperunit], [uses], [quantity], [sectors_id]) VALUES (66, N'606534 5594', N'Récompenses herbivores', N'granovit', 24, N'nourrissage', 292, 3)
	INSERT [dbo].[stocks] ([id], [reference], [name], [provider], [priceperunit], [uses], [quantity], [sectors_id]) VALUES (67, N'005221 3741', N'Récompenses herbivores minéralisées', N'granovit', 34, N'nourrissage', 116, 5)
	INSERT [dbo].[stocks] ([id], [reference], [name], [provider], [priceperunit], [uses], [quantity], [sectors_id]) VALUES (68, N'078581 9863', N'Eléphants', N'granovit', 30, N'nourrissage', 335, 5)
	INSERT [dbo].[stocks] ([id], [reference], [name], [provider], [priceperunit], [uses], [quantity], [sectors_id]) VALUES (69, N'472733 2001', N'Rhinocéros et tapir', N'granovit', 20, N'nourrissage', 426, 6)
	INSERT [dbo].[stocks] ([id], [reference], [name], [provider], [priceperunit], [uses], [quantity], [sectors_id]) VALUES (70, N'985117 8930', N'Aliment spécial herbivore', N'granovit', 7, N'nourrissage', 428, 6)
	INSERT [dbo].[stocks] ([id], [reference], [name], [provider], [priceperunit], [uses], [quantity], [sectors_id]) VALUES (71, N'416501 6736', N'Granulés pour ours', N'granovit', 6, N'nourrissage', 300, 6)
	INSERT [dbo].[stocks] ([id], [reference], [name], [provider], [priceperunit], [uses], [quantity], [sectors_id]) VALUES (72, N'478644 7179', N'Tab', N'granovit', 26, N'nourrissage', 246, 2)
	INSERT [dbo].[stocks] ([id], [reference], [name], [provider], [priceperunit], [uses], [quantity], [sectors_id]) VALUES (73, N'396629 7404', N'Complément pour carnivores', N'granovit', 24, N'nourrissage', 411, 2)
	INSERT [dbo].[stocks] ([id], [reference], [name], [provider], [priceperunit], [uses], [quantity], [sectors_id]) VALUES (74, N'642898 6662', N'Primates extrudé', N'granovit', 1, N'nourrissage', 437, 1)
	INSERT [dbo].[stocks] ([id], [reference], [name], [provider], [priceperunit], [uses], [quantity], [sectors_id]) VALUES (75, N'228259 2886', N'Primates phyllophages', N'granovit', 37, N'nourrissage', 361, 1)
	INSERT [dbo].[stocks] ([id], [reference], [name], [provider], [priceperunit], [uses], [quantity], [sectors_id]) VALUES (76, N'074846 0540', N'Callithrichidae', N'granovit', 40, N'nourrissage', 1398, 5)
	INSERT [dbo].[stocks] ([id], [reference], [name], [provider], [priceperunit], [uses], [quantity], [sectors_id]) VALUES (77, N'329324 4715', N'Gomme arabique', N'granovit', 30, N'nourrissage', 432, 1)
	INSERT [dbo].[stocks] ([id], [reference], [name], [provider], [priceperunit], [uses], [quantity], [sectors_id]) VALUES (78, N'208960 3431', N'Gomma arabique naturelle', N'granovit', 6, N'nourrissage', 323, 7)
	INSERT [dbo].[stocks] ([id], [reference], [name], [provider], [priceperunit], [uses], [quantity], [sectors_id]) VALUES (79, N'627710 4672', N'Haute teneur en fibres', N'granovit', 3, N'nourrissage', 1135, 7)
	INSERT [dbo].[stocks] ([id], [reference], [name], [provider], [priceperunit], [uses], [quantity], [sectors_id]) VALUES (80, N'159145 3525', N'Aliment parc à gibier', N'granovit', 19, N'nourrissage', 126, 4)
	INSERT [dbo].[stocks] ([id], [reference], [name], [provider], [priceperunit], [uses], [quantity], [sectors_id]) VALUES (81, N'923383 6577', N'Insectivores', N'granovit', 17, N'nourrissage', 312, 1)
	INSERT [dbo].[stocks] ([id], [reference], [name], [provider], [priceperunit], [uses], [quantity], [sectors_id]) VALUES (82, N'457040 7983', N'Insectivores avec farine dinsectes', N'granovit', 8, N'nourrissage', 483, 4)
	INSERT [dbo].[stocks] ([id], [reference], [name], [provider], [priceperunit], [uses], [quantity], [sectors_id]) VALUES (83, N'693972 6888', N'Aliment pour grillons', N'granovit', 20, N'nourrissage', 109, 3)
	INSERT [dbo].[stocks] ([id], [reference], [name], [provider], [priceperunit], [uses], [quantity], [sectors_id]) VALUES (84, N'337295 4788', N'Souris hamsters rats gerbilles', N'granovit', 16, N'nourrissage', 159, 3)
	INSERT [dbo].[stocks] ([id], [reference], [name], [provider], [priceperunit], [uses], [quantity], [sectors_id]) VALUES (85, N'078516 0250', N'Inde entretien', N'granovit', 14, N'nourrissage', 77, 8)
	INSERT [dbo].[stocks] ([id], [reference], [name], [provider], [priceperunit], [uses], [quantity], [sectors_id]) VALUES (86, N'229420 3670', N'Inde élevage', N'granovit', 1, N'nourrissage', 248, 1)
	INSERT [dbo].[stocks] ([id], [reference], [name], [provider], [priceperunit], [uses], [quantity], [sectors_id]) VALUES (87, N'304798 5191', N'Minipigs', N'granovit', 16, N'nourrissage', 258, 3)

    COMMIT TRANSACTION
  END TRY
  BEGIN CATCH
      ROLLBACK TRANSACTION
  END CATCH

  SET IDENTITY_INSERT [dbo].[stocks] OFF
GO

SET IDENTITY_INSERT [dbo].[employees_supplies_pens] ON 

BEGIN TRANSACTION 
  BEGIN TRY


	INSERT [dbo].[employees_supplies_pens] ([id], [employees_id], [pens_id], [stocks_id], [stockQuantity], [date]) VALUES (201, 1, 68, 54, 8, CAST(N'2021-07-01' AS Date))
	INSERT [dbo].[employees_supplies_pens] ([id], [employees_id], [pens_id], [stocks_id], [stockQuantity], [date]) VALUES (202, 5, 29, 35, 9, CAST(N'2021-12-01' AS Date))
	INSERT [dbo].[employees_supplies_pens] ([id], [employees_id], [pens_id], [stocks_id], [stockQuantity], [date]) VALUES (203, 5, 54, 56, 4, CAST(N'2021-04-13' AS Date))
	INSERT [dbo].[employees_supplies_pens] ([id], [employees_id], [pens_id], [stocks_id], [stockQuantity], [date]) VALUES (204, 5, 76, 48, 18, CAST(N'2020-02-13' AS Date))
	INSERT [dbo].[employees_supplies_pens] ([id], [employees_id], [pens_id], [stocks_id], [stockQuantity], [date]) VALUES (205, 5, 81, 31, 13, CAST(N'2021-01-08' AS Date))
	INSERT [dbo].[employees_supplies_pens] ([id], [employees_id], [pens_id], [stocks_id], [stockQuantity], [date]) VALUES (206, 6, 36, 50, 15, CAST(N'2021-02-04' AS Date))
	INSERT [dbo].[employees_supplies_pens] ([id], [employees_id], [pens_id], [stocks_id], [stockQuantity], [date]) VALUES (207, 7, 100, 54, 2, CAST(N'2020-09-23' AS Date))
	INSERT [dbo].[employees_supplies_pens] ([id], [employees_id], [pens_id], [stocks_id], [stockQuantity], [date]) VALUES (208, 9, 37, 56, 5, CAST(N'2021-09-19' AS Date))
	INSERT [dbo].[employees_supplies_pens] ([id], [employees_id], [pens_id], [stocks_id], [stockQuantity], [date]) VALUES (209, 10, 9, 61, 6, CAST(N'2021-10-28' AS Date))
	INSERT [dbo].[employees_supplies_pens] ([id], [employees_id], [pens_id], [stocks_id], [stockQuantity], [date]) VALUES (210, 13, 61, 46, 16, CAST(N'2020-07-29' AS Date))
	INSERT [dbo].[employees_supplies_pens] ([id], [employees_id], [pens_id], [stocks_id], [stockQuantity], [date]) VALUES (211, 15, 23, 55, 1, CAST(N'2021-12-08' AS Date))
	INSERT [dbo].[employees_supplies_pens] ([id], [employees_id], [pens_id], [stocks_id], [stockQuantity], [date]) VALUES (212, 16, 37, 37, 9, CAST(N'2020-02-19' AS Date))
	INSERT [dbo].[employees_supplies_pens] ([id], [employees_id], [pens_id], [stocks_id], [stockQuantity], [date]) VALUES (213, 18, 63, 47, 10, CAST(N'2020-06-10' AS Date))
	INSERT [dbo].[employees_supplies_pens] ([id], [employees_id], [pens_id], [stocks_id], [stockQuantity], [date]) VALUES (214, 19, 72, 49, 17, CAST(N'2021-07-27' AS Date))
	INSERT [dbo].[employees_supplies_pens] ([id], [employees_id], [pens_id], [stocks_id], [stockQuantity], [date]) VALUES (215, 21, 70, 62, 2, CAST(N'2020-08-02' AS Date))
	INSERT [dbo].[employees_supplies_pens] ([id], [employees_id], [pens_id], [stocks_id], [stockQuantity], [date]) VALUES (216, 23, 41, 55, 15, CAST(N'2021-07-30' AS Date))
	INSERT [dbo].[employees_supplies_pens] ([id], [employees_id], [pens_id], [stocks_id], [stockQuantity], [date]) VALUES (217, 23, 95, 59, 13, CAST(N'2021-12-03' AS Date))
	INSERT [dbo].[employees_supplies_pens] ([id], [employees_id], [pens_id], [stocks_id], [stockQuantity], [date]) VALUES (218, 24, 51, 51, 9, CAST(N'2020-10-09' AS Date))
	INSERT [dbo].[employees_supplies_pens] ([id], [employees_id], [pens_id], [stocks_id], [stockQuantity], [date]) VALUES (219, 25, 7, 52, 8, CAST(N'2021-01-21' AS Date))
	INSERT [dbo].[employees_supplies_pens] ([id], [employees_id], [pens_id], [stocks_id], [stockQuantity], [date]) VALUES (220, 25, 67, 22, 4, CAST(N'2020-08-08' AS Date))
	INSERT [dbo].[employees_supplies_pens] ([id], [employees_id], [pens_id], [stocks_id], [stockQuantity], [date]) VALUES (221, 27, 57, 57, 3, CAST(N'2022-01-03' AS Date))
	INSERT [dbo].[employees_supplies_pens] ([id], [employees_id], [pens_id], [stocks_id], [stockQuantity], [date]) VALUES (222, 27, 75, 34, 15, CAST(N'2021-02-04' AS Date))
	INSERT [dbo].[employees_supplies_pens] ([id], [employees_id], [pens_id], [stocks_id], [stockQuantity], [date]) VALUES (223, 29, 26, 33, 2, CAST(N'2020-09-14' AS Date))
	INSERT [dbo].[employees_supplies_pens] ([id], [employees_id], [pens_id], [stocks_id], [stockQuantity], [date]) VALUES (224, 33, 66, 43, 6, CAST(N'2021-01-13' AS Date))
	INSERT [dbo].[employees_supplies_pens] ([id], [employees_id], [pens_id], [stocks_id], [stockQuantity], [date]) VALUES (225, 34, 64, 33, 7, CAST(N'2021-03-18' AS Date))
	INSERT [dbo].[employees_supplies_pens] ([id], [employees_id], [pens_id], [stocks_id], [stockQuantity], [date]) VALUES (226, 35, 14, 23, 15, CAST(N'2020-11-13' AS Date))
	INSERT [dbo].[employees_supplies_pens] ([id], [employees_id], [pens_id], [stocks_id], [stockQuantity], [date]) VALUES (227, 35, 84, 45, 2, CAST(N'2021-01-13' AS Date))
	INSERT [dbo].[employees_supplies_pens] ([id], [employees_id], [pens_id], [stocks_id], [stockQuantity], [date]) VALUES (228, 36, 87, 44, 10, CAST(N'2021-11-28' AS Date))
	INSERT [dbo].[employees_supplies_pens] ([id], [employees_id], [pens_id], [stocks_id], [stockQuantity], [date]) VALUES (229, 36, 95, 40, 7, CAST(N'2020-05-05' AS Date))
	INSERT [dbo].[employees_supplies_pens] ([id], [employees_id], [pens_id], [stocks_id], [stockQuantity], [date]) VALUES (230, 37, 83, 61, 11, CAST(N'2020-01-21' AS Date))
	INSERT [dbo].[employees_supplies_pens] ([id], [employees_id], [pens_id], [stocks_id], [stockQuantity], [date]) VALUES (231, 37, 99, 61, 6, CAST(N'2020-03-20' AS Date))
	INSERT [dbo].[employees_supplies_pens] ([id], [employees_id], [pens_id], [stocks_id], [stockQuantity], [date]) VALUES (232, 39, 26, 40, 1, CAST(N'2021-02-20' AS Date))
	INSERT [dbo].[employees_supplies_pens] ([id], [employees_id], [pens_id], [stocks_id], [stockQuantity], [date]) VALUES (233, 40, 95, 27, 12, CAST(N'2020-12-13' AS Date))
	INSERT [dbo].[employees_supplies_pens] ([id], [employees_id], [pens_id], [stocks_id], [stockQuantity], [date]) VALUES (234, 41, 46, 54, 2, CAST(N'2020-12-21' AS Date))
	INSERT [dbo].[employees_supplies_pens] ([id], [employees_id], [pens_id], [stocks_id], [stockQuantity], [date]) VALUES (235, 41, 70, 42, 13, CAST(N'2020-07-17' AS Date))
	INSERT [dbo].[employees_supplies_pens] ([id], [employees_id], [pens_id], [stocks_id], [stockQuantity], [date]) VALUES (236, 42, 23, 57, 12, CAST(N'2020-10-13' AS Date))
	INSERT [dbo].[employees_supplies_pens] ([id], [employees_id], [pens_id], [stocks_id], [stockQuantity], [date]) VALUES (237, 42, 61, 41, 2, CAST(N'2021-10-25' AS Date))
	INSERT [dbo].[employees_supplies_pens] ([id], [employees_id], [pens_id], [stocks_id], [stockQuantity], [date]) VALUES (238, 42, 67, 56, 8, CAST(N'2020-03-22' AS Date))
	INSERT [dbo].[employees_supplies_pens] ([id], [employees_id], [pens_id], [stocks_id], [stockQuantity], [date]) VALUES (239, 43, 92, 33, 2, CAST(N'2020-09-19' AS Date))
	INSERT [dbo].[employees_supplies_pens] ([id], [employees_id], [pens_id], [stocks_id], [stockQuantity], [date]) VALUES (240, 44, 1, 50, 10, CAST(N'2021-08-30' AS Date))
	INSERT [dbo].[employees_supplies_pens] ([id], [employees_id], [pens_id], [stocks_id], [stockQuantity], [date]) VALUES (241, 47, 43, 26, 11, CAST(N'2021-10-29' AS Date))
	INSERT [dbo].[employees_supplies_pens] ([id], [employees_id], [pens_id], [stocks_id], [stockQuantity], [date]) VALUES (242, 50, 29, 40, 12, CAST(N'2020-12-02' AS Date))
	INSERT [dbo].[employees_supplies_pens] ([id], [employees_id], [pens_id], [stocks_id], [stockQuantity], [date]) VALUES (243, 52, 19, 29, 15, CAST(N'2020-02-02' AS Date))
	INSERT [dbo].[employees_supplies_pens] ([id], [employees_id], [pens_id], [stocks_id], [stockQuantity], [date]) VALUES (244, 52, 60, 62, 3, CAST(N'2020-04-30' AS Date))
	INSERT [dbo].[employees_supplies_pens] ([id], [employees_id], [pens_id], [stocks_id], [stockQuantity], [date]) VALUES (245, 53, 65, 54, 2, CAST(N'2021-03-17' AS Date))
	INSERT [dbo].[employees_supplies_pens] ([id], [employees_id], [pens_id], [stocks_id], [stockQuantity], [date]) VALUES (246, 54, 19, 25, 18, CAST(N'2020-09-03' AS Date))
	INSERT [dbo].[employees_supplies_pens] ([id], [employees_id], [pens_id], [stocks_id], [stockQuantity], [date]) VALUES (247, 55, 87, 47, 12, CAST(N'2020-08-02' AS Date))
	INSERT [dbo].[employees_supplies_pens] ([id], [employees_id], [pens_id], [stocks_id], [stockQuantity], [date]) VALUES (248, 56, 75, 59, 16, CAST(N'2021-08-04' AS Date))
	INSERT [dbo].[employees_supplies_pens] ([id], [employees_id], [pens_id], [stocks_id], [stockQuantity], [date]) VALUES (249, 57, 26, 62, 19, CAST(N'2020-06-20' AS Date))
	INSERT [dbo].[employees_supplies_pens] ([id], [employees_id], [pens_id], [stocks_id], [stockQuantity], [date]) VALUES (250, 57, 85, 25, 8, CAST(N'2022-01-19' AS Date))
	INSERT [dbo].[employees_supplies_pens] ([id], [employees_id], [pens_id], [stocks_id], [stockQuantity], [date]) VALUES (251, 58, 66, 56, 17, CAST(N'2021-01-27' AS Date))
	INSERT [dbo].[employees_supplies_pens] ([id], [employees_id], [pens_id], [stocks_id], [stockQuantity], [date]) VALUES (252, 59, 87, 38, 19, CAST(N'2021-08-24' AS Date))
	INSERT [dbo].[employees_supplies_pens] ([id], [employees_id], [pens_id], [stocks_id], [stockQuantity], [date]) VALUES (253, 60, 61, 53, 20, CAST(N'2020-12-16' AS Date))
	INSERT [dbo].[employees_supplies_pens] ([id], [employees_id], [pens_id], [stocks_id], [stockQuantity], [date]) VALUES (254, 61, 12, 22, 14, CAST(N'2020-01-23' AS Date))
	INSERT [dbo].[employees_supplies_pens] ([id], [employees_id], [pens_id], [stocks_id], [stockQuantity], [date]) VALUES (255, 61, 61, 57, 7, CAST(N'2021-04-20' AS Date))
	INSERT [dbo].[employees_supplies_pens] ([id], [employees_id], [pens_id], [stocks_id], [stockQuantity], [date]) VALUES (256, 61, 77, 31, 16, CAST(N'2021-12-09' AS Date))
	INSERT [dbo].[employees_supplies_pens] ([id], [employees_id], [pens_id], [stocks_id], [stockQuantity], [date]) VALUES (257, 63, 25, 43, 11, CAST(N'2021-02-04' AS Date))
	INSERT [dbo].[employees_supplies_pens] ([id], [employees_id], [pens_id], [stocks_id], [stockQuantity], [date]) VALUES (258, 64, 63, 31, 1, CAST(N'2021-07-07' AS Date))
	INSERT [dbo].[employees_supplies_pens] ([id], [employees_id], [pens_id], [stocks_id], [stockQuantity], [date]) VALUES (259, 67, 14, 34, 11, CAST(N'2021-02-22' AS Date))
	INSERT [dbo].[employees_supplies_pens] ([id], [employees_id], [pens_id], [stocks_id], [stockQuantity], [date]) VALUES (260, 67, 42, 57, 3, CAST(N'2020-02-17' AS Date))
	INSERT [dbo].[employees_supplies_pens] ([id], [employees_id], [pens_id], [stocks_id], [stockQuantity], [date]) VALUES (261, 67, 47, 37, 4, CAST(N'2020-09-07' AS Date))
	INSERT [dbo].[employees_supplies_pens] ([id], [employees_id], [pens_id], [stocks_id], [stockQuantity], [date]) VALUES (262, 70, 12, 46, 4, CAST(N'2021-10-05' AS Date))
	INSERT [dbo].[employees_supplies_pens] ([id], [employees_id], [pens_id], [stocks_id], [stockQuantity], [date]) VALUES (263, 71, 76, 46, 2, CAST(N'2020-03-14' AS Date))
	INSERT [dbo].[employees_supplies_pens] ([id], [employees_id], [pens_id], [stocks_id], [stockQuantity], [date]) VALUES (264, 72, 33, 40, 20, CAST(N'2020-06-02' AS Date))
	INSERT [dbo].[employees_supplies_pens] ([id], [employees_id], [pens_id], [stocks_id], [stockQuantity], [date]) VALUES (265, 73, 48, 48, 19, CAST(N'2020-12-14' AS Date))
	INSERT [dbo].[employees_supplies_pens] ([id], [employees_id], [pens_id], [stocks_id], [stockQuantity], [date]) VALUES (266, 74, 18, 56, 10, CAST(N'2020-11-06' AS Date))
	INSERT [dbo].[employees_supplies_pens] ([id], [employees_id], [pens_id], [stocks_id], [stockQuantity], [date]) VALUES (267, 74, 47, 29, 5, CAST(N'2021-07-08' AS Date))
	INSERT [dbo].[employees_supplies_pens] ([id], [employees_id], [pens_id], [stocks_id], [stockQuantity], [date]) VALUES (268, 76, 55, 43, 20, CAST(N'2021-05-03' AS Date))
	INSERT [dbo].[employees_supplies_pens] ([id], [employees_id], [pens_id], [stocks_id], [stockQuantity], [date]) VALUES (269, 76, 85, 44, 12, CAST(N'2020-09-15' AS Date))
	INSERT [dbo].[employees_supplies_pens] ([id], [employees_id], [pens_id], [stocks_id], [stockQuantity], [date]) VALUES (270, 77, 23, 42, 13, CAST(N'2020-08-04' AS Date))
	INSERT [dbo].[employees_supplies_pens] ([id], [employees_id], [pens_id], [stocks_id], [stockQuantity], [date]) VALUES (271, 77, 27, 23, 15, CAST(N'2020-02-06' AS Date))
	INSERT [dbo].[employees_supplies_pens] ([id], [employees_id], [pens_id], [stocks_id], [stockQuantity], [date]) VALUES (272, 78, 5, 59, 11, CAST(N'2020-04-16' AS Date))
	INSERT [dbo].[employees_supplies_pens] ([id], [employees_id], [pens_id], [stocks_id], [stockQuantity], [date]) VALUES (273, 80, 84, 58, 4, CAST(N'2020-02-02' AS Date))
	INSERT [dbo].[employees_supplies_pens] ([id], [employees_id], [pens_id], [stocks_id], [stockQuantity], [date]) VALUES (274, 82, 81, 25, 12, CAST(N'2021-01-19' AS Date))
	INSERT [dbo].[employees_supplies_pens] ([id], [employees_id], [pens_id], [stocks_id], [stockQuantity], [date]) VALUES (275, 84, 26, 28, 12, CAST(N'2020-09-05' AS Date))
	INSERT [dbo].[employees_supplies_pens] ([id], [employees_id], [pens_id], [stocks_id], [stockQuantity], [date]) VALUES (276, 84, 31, 53, 12, CAST(N'2021-10-20' AS Date))
	INSERT [dbo].[employees_supplies_pens] ([id], [employees_id], [pens_id], [stocks_id], [stockQuantity], [date]) VALUES (277, 85, 19, 29, 13, CAST(N'2020-04-11' AS Date))
	INSERT [dbo].[employees_supplies_pens] ([id], [employees_id], [pens_id], [stocks_id], [stockQuantity], [date]) VALUES (278, 85, 64, 35, 10, CAST(N'2021-08-04' AS Date))
	INSERT [dbo].[employees_supplies_pens] ([id], [employees_id], [pens_id], [stocks_id], [stockQuantity], [date]) VALUES (279, 85, 85, 47, 3, CAST(N'2021-08-13' AS Date))
	INSERT [dbo].[employees_supplies_pens] ([id], [employees_id], [pens_id], [stocks_id], [stockQuantity], [date]) VALUES (280, 87, 4, 37, 9, CAST(N'2020-10-30' AS Date))
	INSERT [dbo].[employees_supplies_pens] ([id], [employees_id], [pens_id], [stocks_id], [stockQuantity], [date]) VALUES (281, 88, 98, 27, 7, CAST(N'2020-09-03' AS Date))
	INSERT [dbo].[employees_supplies_pens] ([id], [employees_id], [pens_id], [stocks_id], [stockQuantity], [date]) VALUES (282, 90, 90, 38, 18, CAST(N'2020-07-05' AS Date))
	INSERT [dbo].[employees_supplies_pens] ([id], [employees_id], [pens_id], [stocks_id], [stockQuantity], [date]) VALUES (283, 91, 60, 57, 3, CAST(N'2021-02-01' AS Date))
	INSERT [dbo].[employees_supplies_pens] ([id], [employees_id], [pens_id], [stocks_id], [stockQuantity], [date]) VALUES (284, 91, 76, 31, 12, CAST(N'2020-11-22' AS Date))
	INSERT [dbo].[employees_supplies_pens] ([id], [employees_id], [pens_id], [stocks_id], [stockQuantity], [date]) VALUES (285, 92, 76, 56, 6, CAST(N'2020-11-24' AS Date))
	INSERT [dbo].[employees_supplies_pens] ([id], [employees_id], [pens_id], [stocks_id], [stockQuantity], [date]) VALUES (286, 92, 80, 42, 15, CAST(N'2020-05-03' AS Date))
	INSERT [dbo].[employees_supplies_pens] ([id], [employees_id], [pens_id], [stocks_id], [stockQuantity], [date]) VALUES (287, 92, 82, 61, 5, CAST(N'2020-02-03' AS Date))
	INSERT [dbo].[employees_supplies_pens] ([id], [employees_id], [pens_id], [stocks_id], [stockQuantity], [date]) VALUES (288, 93, 99, 22, 7, CAST(N'2020-04-03' AS Date))
	INSERT [dbo].[employees_supplies_pens] ([id], [employees_id], [pens_id], [stocks_id], [stockQuantity], [date]) VALUES (289, 94, 27, 24, 20, CAST(N'2021-12-31' AS Date))
	INSERT [dbo].[employees_supplies_pens] ([id], [employees_id], [pens_id], [stocks_id], [stockQuantity], [date]) VALUES (290, 94, 50, 36, 4, CAST(N'2020-07-11' AS Date))
	INSERT [dbo].[employees_supplies_pens] ([id], [employees_id], [pens_id], [stocks_id], [stockQuantity], [date]) VALUES (291, 94, 92, 33, 10, CAST(N'2020-04-14' AS Date))
	INSERT [dbo].[employees_supplies_pens] ([id], [employees_id], [pens_id], [stocks_id], [stockQuantity], [date]) VALUES (292, 96, 88, 46, 8, CAST(N'2020-09-05' AS Date))
	INSERT [dbo].[employees_supplies_pens] ([id], [employees_id], [pens_id], [stocks_id], [stockQuantity], [date]) VALUES (293, 97, 87, 37, 5, CAST(N'2020-09-27' AS Date))
	INSERT [dbo].[employees_supplies_pens] ([id], [employees_id], [pens_id], [stocks_id], [stockQuantity], [date]) VALUES (294, 98, 9, 55, 4, CAST(N'2021-12-13' AS Date))
	INSERT [dbo].[employees_supplies_pens] ([id], [employees_id], [pens_id], [stocks_id], [stockQuantity], [date]) VALUES (295, 98, 27, 61, 9, CAST(N'2020-08-12' AS Date))
	INSERT [dbo].[employees_supplies_pens] ([id], [employees_id], [pens_id], [stocks_id], [stockQuantity], [date]) VALUES (296, 99, 3, 45, 19, CAST(N'2020-12-12' AS Date))
	INSERT [dbo].[employees_supplies_pens] ([id], [employees_id], [pens_id], [stocks_id], [stockQuantity], [date]) VALUES (297, 99, 68, 62, 15, CAST(N'2020-03-05' AS Date))
	INSERT [dbo].[employees_supplies_pens] ([id], [employees_id], [pens_id], [stocks_id], [stockQuantity], [date]) VALUES (298, 99, 9, 54, 18, CAST(N'2021-10-10' AS Date))
	INSERT [dbo].[employees_supplies_pens] ([id], [employees_id], [pens_id], [stocks_id], [stockQuantity], [date]) VALUES (299, 99, 55, 44, 5, CAST(N'2020-02-25' AS Date))
	INSERT [dbo].[employees_supplies_pens] ([id], [employees_id], [pens_id], [stocks_id], [stockQuantity], [date]) VALUES (300, 43, 26, 17, 4, CAST(N'2001-10-02' AS Date))
	INSERT [dbo].[employees_supplies_pens] ([id], [employees_id], [pens_id], [stocks_id], [stockQuantity], [date]) VALUES (301, 90, 92, 41, 4, CAST(N'2019-12-07' AS Date))
	INSERT [dbo].[employees_supplies_pens] ([id], [employees_id], [pens_id], [stocks_id], [stockQuantity], [date]) VALUES (302, 59, 13, 4, 4, CAST(N'2002-03-27' AS Date))
	INSERT [dbo].[employees_supplies_pens] ([id], [employees_id], [pens_id], [stocks_id], [stockQuantity], [date]) VALUES (303, 75, 63, 43, 5, CAST(N'2012-08-13' AS Date))
	INSERT [dbo].[employees_supplies_pens] ([id], [employees_id], [pens_id], [stocks_id], [stockQuantity], [date]) VALUES (304, 57, 81, 2, 4, CAST(N'2008-05-07' AS Date))
	INSERT [dbo].[employees_supplies_pens] ([id], [employees_id], [pens_id], [stocks_id], [stockQuantity], [date]) VALUES (305, 19, 56, 20, 5, CAST(N'2008-05-03' AS Date))
	INSERT [dbo].[employees_supplies_pens] ([id], [employees_id], [pens_id], [stocks_id], [stockQuantity], [date]) VALUES (306, 78, 64, 47, 1, CAST(N'2019-03-04' AS Date))
	INSERT [dbo].[employees_supplies_pens] ([id], [employees_id], [pens_id], [stocks_id], [stockQuantity], [date]) VALUES (307, 85, 29, 36, 4, CAST(N'2006-03-26' AS Date))
	INSERT [dbo].[employees_supplies_pens] ([id], [employees_id], [pens_id], [stocks_id], [stockQuantity], [date]) VALUES (308, 70, 12, 9, 3, CAST(N'2013-08-26' AS Date))
	INSERT [dbo].[employees_supplies_pens] ([id], [employees_id], [pens_id], [stocks_id], [stockQuantity], [date]) VALUES (309, 56, 58, 32, 1, CAST(N'2009-09-18' AS Date))
	INSERT [dbo].[employees_supplies_pens] ([id], [employees_id], [pens_id], [stocks_id], [stockQuantity], [date]) VALUES (310, 17, 86, 19, 5, CAST(N'2002-01-01' AS Date))
	INSERT [dbo].[employees_supplies_pens] ([id], [employees_id], [pens_id], [stocks_id], [stockQuantity], [date]) VALUES (311, 22, 19, 2, 4, CAST(N'2006-03-31' AS Date))
	INSERT [dbo].[employees_supplies_pens] ([id], [employees_id], [pens_id], [stocks_id], [stockQuantity], [date]) VALUES (312, 52, 33, 33, 4, CAST(N'2004-06-16' AS Date))
	INSERT [dbo].[employees_supplies_pens] ([id], [employees_id], [pens_id], [stocks_id], [stockQuantity], [date]) VALUES (313, 61, 76, 19, 1, CAST(N'2006-08-14' AS Date))
	INSERT [dbo].[employees_supplies_pens] ([id], [employees_id], [pens_id], [stocks_id], [stockQuantity], [date]) VALUES (314, 71, 92, 22, 2, CAST(N'2012-08-21' AS Date))
	INSERT [dbo].[employees_supplies_pens] ([id], [employees_id], [pens_id], [stocks_id], [stockQuantity], [date]) VALUES (315, 71, 75, 15, 1, CAST(N'2002-08-14' AS Date))
	INSERT [dbo].[employees_supplies_pens] ([id], [employees_id], [pens_id], [stocks_id], [stockQuantity], [date]) VALUES (316, 40, 86, 24, 1, CAST(N'2010-08-28' AS Date))
	INSERT [dbo].[employees_supplies_pens] ([id], [employees_id], [pens_id], [stocks_id], [stockQuantity], [date]) VALUES (317, 9, 98, 14, 3, CAST(N'2006-12-02' AS Date))
	INSERT [dbo].[employees_supplies_pens] ([id], [employees_id], [pens_id], [stocks_id], [stockQuantity], [date]) VALUES (318, 75, 97, 19, 2, CAST(N'2002-01-31' AS Date))
	INSERT [dbo].[employees_supplies_pens] ([id], [employees_id], [pens_id], [stocks_id], [stockQuantity], [date]) VALUES (319, 42, 95, 8, 2, CAST(N'2019-06-06' AS Date))
	INSERT [dbo].[employees_supplies_pens] ([id], [employees_id], [pens_id], [stocks_id], [stockQuantity], [date]) VALUES (320, 95, 75, 20, 4, CAST(N'2013-08-08' AS Date))
	INSERT [dbo].[employees_supplies_pens] ([id], [employees_id], [pens_id], [stocks_id], [stockQuantity], [date]) VALUES (321, 76, 99, 25, 5, CAST(N'2001-02-03' AS Date))
	INSERT [dbo].[employees_supplies_pens] ([id], [employees_id], [pens_id], [stocks_id], [stockQuantity], [date]) VALUES (322, 39, 41, 9, 2, CAST(N'2010-01-20' AS Date))
	INSERT [dbo].[employees_supplies_pens] ([id], [employees_id], [pens_id], [stocks_id], [stockQuantity], [date]) VALUES (323, 85, 35, 8, 3, CAST(N'2010-12-05' AS Date))
	INSERT [dbo].[employees_supplies_pens] ([id], [employees_id], [pens_id], [stocks_id], [stockQuantity], [date]) VALUES (324, 93, 55, 1, 1, CAST(N'2005-03-20' AS Date))
	INSERT [dbo].[employees_supplies_pens] ([id], [employees_id], [pens_id], [stocks_id], [stockQuantity], [date]) VALUES (325, 70, 72, 1, 1, CAST(N'2018-11-13' AS Date))
	INSERT [dbo].[employees_supplies_pens] ([id], [employees_id], [pens_id], [stocks_id], [stockQuantity], [date]) VALUES (326, 89, 71, 2, 1, CAST(N'2003-11-19' AS Date))
	INSERT [dbo].[employees_supplies_pens] ([id], [employees_id], [pens_id], [stocks_id], [stockQuantity], [date]) VALUES (327, 37, 66, 35, 5, CAST(N'2018-06-08' AS Date))
	INSERT [dbo].[employees_supplies_pens] ([id], [employees_id], [pens_id], [stocks_id], [stockQuantity], [date]) VALUES (328, 46, 53, 21, 3, CAST(N'2016-07-02' AS Date))
	INSERT [dbo].[employees_supplies_pens] ([id], [employees_id], [pens_id], [stocks_id], [stockQuantity], [date]) VALUES (329, 96, 43, 6, 4, CAST(N'2014-07-21' AS Date))
	INSERT [dbo].[employees_supplies_pens] ([id], [employees_id], [pens_id], [stocks_id], [stockQuantity], [date]) VALUES (330, 70, 14, 3, 5, CAST(N'2003-08-07' AS Date))
	INSERT [dbo].[employees_supplies_pens] ([id], [employees_id], [pens_id], [stocks_id], [stockQuantity], [date]) VALUES (331, 73, 58, 14, 3, CAST(N'2019-10-18' AS Date))
	INSERT [dbo].[employees_supplies_pens] ([id], [employees_id], [pens_id], [stocks_id], [stockQuantity], [date]) VALUES (332, 20, 49, 18, 3, CAST(N'2016-11-18' AS Date))
	INSERT [dbo].[employees_supplies_pens] ([id], [employees_id], [pens_id], [stocks_id], [stockQuantity], [date]) VALUES (333, 79, 18, 43, 2, CAST(N'2002-11-26' AS Date))
	INSERT [dbo].[employees_supplies_pens] ([id], [employees_id], [pens_id], [stocks_id], [stockQuantity], [date]) VALUES (334, 45, 20, 23, 4, CAST(N'2007-10-15' AS Date))
	INSERT [dbo].[employees_supplies_pens] ([id], [employees_id], [pens_id], [stocks_id], [stockQuantity], [date]) VALUES (335, 8, 28, 38, 3, CAST(N'2004-04-06' AS Date))
	INSERT [dbo].[employees_supplies_pens] ([id], [employees_id], [pens_id], [stocks_id], [stockQuantity], [date]) VALUES (336, 59, 24, 6, 4, CAST(N'2002-02-26' AS Date))
	INSERT [dbo].[employees_supplies_pens] ([id], [employees_id], [pens_id], [stocks_id], [stockQuantity], [date]) VALUES (337, 47, 89, 21, 3, CAST(N'2012-10-27' AS Date))
	INSERT [dbo].[employees_supplies_pens] ([id], [employees_id], [pens_id], [stocks_id], [stockQuantity], [date]) VALUES (338, 43, 30, 9, 3, CAST(N'2013-07-06' AS Date))
	INSERT [dbo].[employees_supplies_pens] ([id], [employees_id], [pens_id], [stocks_id], [stockQuantity], [date]) VALUES (339, 12, 7, 20, 1, CAST(N'2018-08-02' AS Date))
	INSERT [dbo].[employees_supplies_pens] ([id], [employees_id], [pens_id], [stocks_id], [stockQuantity], [date]) VALUES (340, 54, 12, 46, 3, CAST(N'2013-05-14' AS Date))
	INSERT [dbo].[employees_supplies_pens] ([id], [employees_id], [pens_id], [stocks_id], [stockQuantity], [date]) VALUES (341, 70, 74, 37, 1, CAST(N'2015-12-07' AS Date))
	INSERT [dbo].[employees_supplies_pens] ([id], [employees_id], [pens_id], [stocks_id], [stockQuantity], [date]) VALUES (342, 42, 31, 50, 3, CAST(N'2011-07-25' AS Date))
	INSERT [dbo].[employees_supplies_pens] ([id], [employees_id], [pens_id], [stocks_id], [stockQuantity], [date]) VALUES (343, 52, 25, 9, 3, CAST(N'2019-12-19' AS Date))
	INSERT [dbo].[employees_supplies_pens] ([id], [employees_id], [pens_id], [stocks_id], [stockQuantity], [date]) VALUES (344, 63, 20, 48, 4, CAST(N'2000-01-28' AS Date))
	INSERT [dbo].[employees_supplies_pens] ([id], [employees_id], [pens_id], [stocks_id], [stockQuantity], [date]) VALUES (345, 63, 85, 30, 1, CAST(N'2016-05-29' AS Date))
	INSERT [dbo].[employees_supplies_pens] ([id], [employees_id], [pens_id], [stocks_id], [stockQuantity], [date]) VALUES (346, 11, 88, 19, 5, CAST(N'2008-05-14' AS Date))
	INSERT [dbo].[employees_supplies_pens] ([id], [employees_id], [pens_id], [stocks_id], [stockQuantity], [date]) VALUES (347, 3, 99, 11, 2, CAST(N'2015-06-22' AS Date))
	INSERT [dbo].[employees_supplies_pens] ([id], [employees_id], [pens_id], [stocks_id], [stockQuantity], [date]) VALUES (348, 8, 81, 50, 3, CAST(N'2013-12-08' AS Date))
	INSERT [dbo].[employees_supplies_pens] ([id], [employees_id], [pens_id], [stocks_id], [stockQuantity], [date]) VALUES (349, 42, 77, 1, 5, CAST(N'2012-10-07' AS Date))
	INSERT [dbo].[employees_supplies_pens] ([id], [employees_id], [pens_id], [stocks_id], [stockQuantity], [date]) VALUES (350, 59, 86, 50, 4, CAST(N'2015-06-24' AS Date))
	INSERT [dbo].[employees_supplies_pens] ([id], [employees_id], [pens_id], [stocks_id], [stockQuantity], [date]) VALUES (351, 97, 84, 14, 2, CAST(N'2014-03-12' AS Date))
	INSERT [dbo].[employees_supplies_pens] ([id], [employees_id], [pens_id], [stocks_id], [stockQuantity], [date]) VALUES (352, 34, 76, 12, 4, CAST(N'2020-06-28' AS Date))
	INSERT [dbo].[employees_supplies_pens] ([id], [employees_id], [pens_id], [stocks_id], [stockQuantity], [date]) VALUES (353, 14, 15, 38, 3, CAST(N'2014-11-11' AS Date))
	INSERT [dbo].[employees_supplies_pens] ([id], [employees_id], [pens_id], [stocks_id], [stockQuantity], [date]) VALUES (354, 91, 80, 9, 3, CAST(N'2010-06-12' AS Date))
	INSERT [dbo].[employees_supplies_pens] ([id], [employees_id], [pens_id], [stocks_id], [stockQuantity], [date]) VALUES (355, 99, 63, 23, 2, CAST(N'2009-08-15' AS Date))
	INSERT [dbo].[employees_supplies_pens] ([id], [employees_id], [pens_id], [stocks_id], [stockQuantity], [date]) VALUES (356, 46, 98, 15, 2, CAST(N'2010-05-22' AS Date))
	INSERT [dbo].[employees_supplies_pens] ([id], [employees_id], [pens_id], [stocks_id], [stockQuantity], [date]) VALUES (357, 62, 2, 18, 4, CAST(N'2014-10-21' AS Date))
	INSERT [dbo].[employees_supplies_pens] ([id], [employees_id], [pens_id], [stocks_id], [stockQuantity], [date]) VALUES (358, 95, 78, 4, 5, CAST(N'2017-06-07' AS Date))
	INSERT [dbo].[employees_supplies_pens] ([id], [employees_id], [pens_id], [stocks_id], [stockQuantity], [date]) VALUES (359, 97, 78, 48, 3, CAST(N'2008-10-16' AS Date))
	INSERT [dbo].[employees_supplies_pens] ([id], [employees_id], [pens_id], [stocks_id], [stockQuantity], [date]) VALUES (360, 35, 52, 1, 1, CAST(N'2001-01-11' AS Date))
	INSERT [dbo].[employees_supplies_pens] ([id], [employees_id], [pens_id], [stocks_id], [stockQuantity], [date]) VALUES (361, 35, 40, 6, 2, CAST(N'2008-04-12' AS Date))
	INSERT [dbo].[employees_supplies_pens] ([id], [employees_id], [pens_id], [stocks_id], [stockQuantity], [date]) VALUES (362, 45, 90, 20, 1, CAST(N'2018-04-15' AS Date))
	INSERT [dbo].[employees_supplies_pens] ([id], [employees_id], [pens_id], [stocks_id], [stockQuantity], [date]) VALUES (363, 78, 56, 49, 2, CAST(N'2020-02-08' AS Date))
	INSERT [dbo].[employees_supplies_pens] ([id], [employees_id], [pens_id], [stocks_id], [stockQuantity], [date]) VALUES (364, 78, 83, 42, 3, CAST(N'2002-02-06' AS Date))
	INSERT [dbo].[employees_supplies_pens] ([id], [employees_id], [pens_id], [stocks_id], [stockQuantity], [date]) VALUES (365, 18, 93, 6, 3, CAST(N'2008-02-19' AS Date))
	INSERT [dbo].[employees_supplies_pens] ([id], [employees_id], [pens_id], [stocks_id], [stockQuantity], [date]) VALUES (366, 19, 82, 47, 2, CAST(N'2017-10-05' AS Date))
	INSERT [dbo].[employees_supplies_pens] ([id], [employees_id], [pens_id], [stocks_id], [stockQuantity], [date]) VALUES (367, 97, 95, 9, 2, CAST(N'2016-05-18' AS Date))
	INSERT [dbo].[employees_supplies_pens] ([id], [employees_id], [pens_id], [stocks_id], [stockQuantity], [date]) VALUES (368, 38, 23, 49, 5, CAST(N'2020-10-05' AS Date))
	INSERT [dbo].[employees_supplies_pens] ([id], [employees_id], [pens_id], [stocks_id], [stockQuantity], [date]) VALUES (369, 55, 77, 37, 3, CAST(N'2000-12-08' AS Date))
	INSERT [dbo].[employees_supplies_pens] ([id], [employees_id], [pens_id], [stocks_id], [stockQuantity], [date]) VALUES (370, 70, 26, 46, 3, CAST(N'2001-02-10' AS Date))
	INSERT [dbo].[employees_supplies_pens] ([id], [employees_id], [pens_id], [stocks_id], [stockQuantity], [date]) VALUES (371, 80, 100, 35, 2, CAST(N'2008-02-04' AS Date))
	INSERT [dbo].[employees_supplies_pens] ([id], [employees_id], [pens_id], [stocks_id], [stockQuantity], [date]) VALUES (372, 46, 24, 26, 5, CAST(N'2007-02-07' AS Date))
	INSERT [dbo].[employees_supplies_pens] ([id], [employees_id], [pens_id], [stocks_id], [stockQuantity], [date]) VALUES (373, 46, 100, 35, 3, CAST(N'2003-06-04' AS Date))
	INSERT [dbo].[employees_supplies_pens] ([id], [employees_id], [pens_id], [stocks_id], [stockQuantity], [date]) VALUES (374, 11, 29, 9, 4, CAST(N'2000-08-29' AS Date))
	INSERT [dbo].[employees_supplies_pens] ([id], [employees_id], [pens_id], [stocks_id], [stockQuantity], [date]) VALUES (375, 83, 26, 45, 5, CAST(N'2018-01-18' AS Date))
	INSERT [dbo].[employees_supplies_pens] ([id], [employees_id], [pens_id], [stocks_id], [stockQuantity], [date]) VALUES (376, 7, 49, 47, 5, CAST(N'2005-12-30' AS Date))
	INSERT [dbo].[employees_supplies_pens] ([id], [employees_id], [pens_id], [stocks_id], [stockQuantity], [date]) VALUES (377, 62, 97, 9, 4, CAST(N'2014-10-05' AS Date))
	INSERT [dbo].[employees_supplies_pens] ([id], [employees_id], [pens_id], [stocks_id], [stockQuantity], [date]) VALUES (378, 36, 41, 5, 5, CAST(N'2015-09-30' AS Date))
	INSERT [dbo].[employees_supplies_pens] ([id], [employees_id], [pens_id], [stocks_id], [stockQuantity], [date]) VALUES (379, 91, 94, 14, 3, CAST(N'2006-05-12' AS Date))
	INSERT [dbo].[employees_supplies_pens] ([id], [employees_id], [pens_id], [stocks_id], [stockQuantity], [date]) VALUES (380, 41, 2, 12, 1, CAST(N'2006-12-22' AS Date))
	INSERT [dbo].[employees_supplies_pens] ([id], [employees_id], [pens_id], [stocks_id], [stockQuantity], [date]) VALUES (381, 67, 72, 35, 5, CAST(N'2010-08-09' AS Date))
	INSERT [dbo].[employees_supplies_pens] ([id], [employees_id], [pens_id], [stocks_id], [stockQuantity], [date]) VALUES (382, 44, 43, 22, 5, CAST(N'2000-11-10' AS Date))
	INSERT [dbo].[employees_supplies_pens] ([id], [employees_id], [pens_id], [stocks_id], [stockQuantity], [date]) VALUES (383, 81, 38, 15, 2, CAST(N'2013-11-11' AS Date))
	INSERT [dbo].[employees_supplies_pens] ([id], [employees_id], [pens_id], [stocks_id], [stockQuantity], [date]) VALUES (384, 41, 71, 20, 3, CAST(N'2020-05-22' AS Date))
	INSERT [dbo].[employees_supplies_pens] ([id], [employees_id], [pens_id], [stocks_id], [stockQuantity], [date]) VALUES (385, 57, 89, 39, 5, CAST(N'2008-04-16' AS Date))
	INSERT [dbo].[employees_supplies_pens] ([id], [employees_id], [pens_id], [stocks_id], [stockQuantity], [date]) VALUES (386, 1, 96, 4, 5, CAST(N'2007-07-16' AS Date))
	INSERT [dbo].[employees_supplies_pens] ([id], [employees_id], [pens_id], [stocks_id], [stockQuantity], [date]) VALUES (387, 6, 100, 46, 4, CAST(N'2012-01-12' AS Date))
	INSERT [dbo].[employees_supplies_pens] ([id], [employees_id], [pens_id], [stocks_id], [stockQuantity], [date]) VALUES (388, 36, 87, 16, 2, CAST(N'2012-05-20' AS Date))
	INSERT [dbo].[employees_supplies_pens] ([id], [employees_id], [pens_id], [stocks_id], [stockQuantity], [date]) VALUES (389, 2, 20, 25, 1, CAST(N'2003-10-06' AS Date))
	INSERT [dbo].[employees_supplies_pens] ([id], [employees_id], [pens_id], [stocks_id], [stockQuantity], [date]) VALUES (390, 60, 55, 29, 4, CAST(N'2011-10-17' AS Date))
	INSERT [dbo].[employees_supplies_pens] ([id], [employees_id], [pens_id], [stocks_id], [stockQuantity], [date]) VALUES (391, 28, 94, 28, 1, CAST(N'2019-04-24' AS Date))
	INSERT [dbo].[employees_supplies_pens] ([id], [employees_id], [pens_id], [stocks_id], [stockQuantity], [date]) VALUES (392, 99, 15, 15, 4, CAST(N'2001-10-02' AS Date))
	INSERT [dbo].[employees_supplies_pens] ([id], [employees_id], [pens_id], [stocks_id], [stockQuantity], [date]) VALUES (393, 15, 36, 47, 2, CAST(N'2019-12-07' AS Date))
	INSERT [dbo].[employees_supplies_pens] ([id], [employees_id], [pens_id], [stocks_id], [stockQuantity], [date]) VALUES (394, 88, 21, 20, 2, CAST(N'2002-03-27' AS Date))
	INSERT [dbo].[employees_supplies_pens] ([id], [employees_id], [pens_id], [stocks_id], [stockQuantity], [date]) VALUES (395, 99, 88, 2, 5, CAST(N'2012-08-13' AS Date))
	INSERT [dbo].[employees_supplies_pens] ([id], [employees_id], [pens_id], [stocks_id], [stockQuantity], [date]) VALUES (396, 6, 95, 50, 2, CAST(N'2008-05-07' AS Date))
	INSERT [dbo].[employees_supplies_pens] ([id], [employees_id], [pens_id], [stocks_id], [stockQuantity], [date]) VALUES (397, 64, 33, 22, 2, CAST(N'2008-05-03' AS Date))
	INSERT [dbo].[employees_supplies_pens] ([id], [employees_id], [pens_id], [stocks_id], [stockQuantity], [date]) VALUES (398, 35, 90, 47, 3, CAST(N'2019-03-04' AS Date))
	INSERT [dbo].[employees_supplies_pens] ([id], [employees_id], [pens_id], [stocks_id], [stockQuantity], [date]) VALUES (399, 85, 45, 30, 3, CAST(N'2006-03-26' AS Date))
	INSERT [dbo].[employees_supplies_pens] ([id], [employees_id], [pens_id], [stocks_id], [stockQuantity], [date]) VALUES (400, 22, 14, 34, 1, CAST(N'2012-08-13' AS Date))

      COMMIT TRANSACTION
  END TRY
  BEGIN CATCH
      ROLLBACK TRANSACTION
  END CATCH

  SET IDENTITY_INSERT [dbo].[employees_supplies_pens] OFF
GO


SET IDENTITY_INSERT [dbo].[animals_follows_care] ON 

BEGIN TRANSACTION 
  BEGIN TRY

	INSERT [dbo].[animals_follows_care] ([id], [animals_id], [care_id], [employees_id], [stocks_id], [stockQuantity], [date]) VALUES (201, 247, 21, 92, NULL, NULL, CAST(N'2010-05-22' AS Date))
	INSERT [dbo].[animals_follows_care] ([id], [animals_id], [care_id], [employees_id], [stocks_id], [stockQuantity], [date]) VALUES (202, 246, 23, 53, NULL, NULL, CAST(N'2011-07-04' AS Date))
	INSERT [dbo].[animals_follows_care] ([id], [animals_id], [care_id], [employees_id], [stocks_id], [stockQuantity], [date]) VALUES (203, 244, 26, 34, NULL, NULL, CAST(N'2008-06-03' AS Date))
	INSERT [dbo].[animals_follows_care] ([id], [animals_id], [care_id], [employees_id], [stocks_id], [stockQuantity], [date]) VALUES (204, 251, 69, 11, 22, 7, CAST(N'2016-09-15' AS Date))
	INSERT [dbo].[animals_follows_care] ([id], [animals_id], [care_id], [employees_id], [stocks_id], [stockQuantity], [date]) VALUES (205, 249, 59, 7, NULL, NULL, CAST(N'2013-04-08' AS Date))
	INSERT [dbo].[animals_follows_care] ([id], [animals_id], [care_id], [employees_id], [stocks_id], [stockQuantity], [date]) VALUES (206, 249, 63, 5, 28, 20, CAST(N'2015-04-04' AS Date))
	INSERT [dbo].[animals_follows_care] ([id], [animals_id], [care_id], [employees_id], [stocks_id], [stockQuantity], [date]) VALUES (207, 246, 48, 66, 51, 18, CAST(N'2006-03-31' AS Date))
	INSERT [dbo].[animals_follows_care] ([id], [animals_id], [care_id], [employees_id], [stocks_id], [stockQuantity], [date]) VALUES (208, 245, 61, 67, 53, 18, CAST(N'2012-08-21' AS Date))
	INSERT [dbo].[animals_follows_care] ([id], [animals_id], [care_id], [employees_id], [stocks_id], [stockQuantity], [date]) VALUES (209, 243, 13, 93, NULL, NULL, CAST(N'2012-08-15' AS Date))
	INSERT [dbo].[animals_follows_care] ([id], [animals_id], [care_id], [employees_id], [stocks_id], [stockQuantity], [date]) VALUES (210, 241, 42, 16, 29, 5, CAST(N'2012-05-20' AS Date))
	INSERT [dbo].[animals_follows_care] ([id], [animals_id], [care_id], [employees_id], [stocks_id], [stockQuantity], [date]) VALUES (211, 239, 73, 22, 44, 9, CAST(N'2006-02-26' AS Date))
	INSERT [dbo].[animals_follows_care] ([id], [animals_id], [care_id], [employees_id], [stocks_id], [stockQuantity], [date]) VALUES (212, 235, 67, 54, 22, 19, CAST(N'2005-02-07' AS Date))
	INSERT [dbo].[animals_follows_care] ([id], [animals_id], [care_id], [employees_id], [stocks_id], [stockQuantity], [date]) VALUES (213, 234, 25, 88, NULL, NULL, CAST(N'2010-02-20' AS Date))
	INSERT [dbo].[animals_follows_care] ([id], [animals_id], [care_id], [employees_id], [stocks_id], [stockQuantity], [date]) VALUES (214, 234, 73, 69, 42, 11, CAST(N'2009-12-14' AS Date))
	INSERT [dbo].[animals_follows_care] ([id], [animals_id], [care_id], [employees_id], [stocks_id], [stockQuantity], [date]) VALUES (215, 233, 44, 30, NULL, NULL, CAST(N'2003-06-04' AS Date))
	INSERT [dbo].[animals_follows_care] ([id], [animals_id], [care_id], [employees_id], [stocks_id], [stockQuantity], [date]) VALUES (216, 231, 68, 94, NULL, NULL, CAST(N'2000-01-28' AS Date))
	INSERT [dbo].[animals_follows_care] ([id], [animals_id], [care_id], [employees_id], [stocks_id], [stockQuantity], [date]) VALUES (217, 231, 63, 44, NULL, NULL, CAST(N'2008-09-28' AS Date))
	INSERT [dbo].[animals_follows_care] ([id], [animals_id], [care_id], [employees_id], [stocks_id], [stockQuantity], [date]) VALUES (218, 230, 57, 62, 33, 5, CAST(N'2001-02-10' AS Date))
	INSERT [dbo].[animals_follows_care] ([id], [animals_id], [care_id], [employees_id], [stocks_id], [stockQuantity], [date]) VALUES (219, 230, 59, 38, 38, 7, CAST(N'2004-02-05' AS Date))
	INSERT [dbo].[animals_follows_care] ([id], [animals_id], [care_id], [employees_id], [stocks_id], [stockQuantity], [date]) VALUES (220, 229, 48, 94, NULL, NULL, CAST(N'2002-01-31' AS Date))
	INSERT [dbo].[animals_follows_care] ([id], [animals_id], [care_id], [employees_id], [stocks_id], [stockQuantity], [date]) VALUES (221, 229, 18, 77, NULL, NULL, CAST(N'2001-05-31' AS Date))
	INSERT [dbo].[animals_follows_care] ([id], [animals_id], [care_id], [employees_id], [stocks_id], [stockQuantity], [date]) VALUES (222, 229, 21, 14, 59, 5, CAST(N'2013-06-16' AS Date))
	INSERT [dbo].[animals_follows_care] ([id], [animals_id], [care_id], [employees_id], [stocks_id], [stockQuantity], [date]) VALUES (223, 227, 72, 85, NULL, NULL, CAST(N'2008-05-14' AS Date))
	INSERT [dbo].[animals_follows_care] ([id], [animals_id], [care_id], [employees_id], [stocks_id], [stockQuantity], [date]) VALUES (224, 226, 32, 63, 48, 9, CAST(N'2008-04-12' AS Date))
	INSERT [dbo].[animals_follows_care] ([id], [animals_id], [care_id], [employees_id], [stocks_id], [stockQuantity], [date]) VALUES (225, 225, 12, 60, 56, 12, CAST(N'2002-03-27' AS Date))
	INSERT [dbo].[animals_follows_care] ([id], [animals_id], [care_id], [employees_id], [stocks_id], [stockQuantity], [date]) VALUES (226, 220, 31, 29, 42, 3, CAST(N'2004-11-08' AS Date))
	INSERT [dbo].[animals_follows_care] ([id], [animals_id], [care_id], [employees_id], [stocks_id], [stockQuantity], [date]) VALUES (227, 219, 54, 63, 45, 10, CAST(N'2015-06-22' AS Date))
	INSERT [dbo].[animals_follows_care] ([id], [animals_id], [care_id], [employees_id], [stocks_id], [stockQuantity], [date]) VALUES (228, 219, 20, 20, 47, 14, CAST(N'2002-05-08' AS Date))
	INSERT [dbo].[animals_follows_care] ([id], [animals_id], [care_id], [employees_id], [stocks_id], [stockQuantity], [date]) VALUES (229, 218, 50, 24, NULL, NULL, CAST(N'2005-12-20' AS Date))
	INSERT [dbo].[animals_follows_care] ([id], [animals_id], [care_id], [employees_id], [stocks_id], [stockQuantity], [date]) VALUES (230, 211, 31, 25, NULL, NULL, CAST(N'2001-02-03' AS Date))
	INSERT [dbo].[animals_follows_care] ([id], [animals_id], [care_id], [employees_id], [stocks_id], [stockQuantity], [date]) VALUES (231, 210, 52, 82, NULL, NULL, CAST(N'2019-02-04' AS Date))
	INSERT [dbo].[animals_follows_care] ([id], [animals_id], [care_id], [employees_id], [stocks_id], [stockQuantity], [date]) VALUES (232, 210, 39, 14, 23, 15, CAST(N'2015-10-29' AS Date))
	INSERT [dbo].[animals_follows_care] ([id], [animals_id], [care_id], [employees_id], [stocks_id], [stockQuantity], [date]) VALUES (233, 210, 40, 12, NULL, NULL, CAST(N'2010-09-01' AS Date))
	INSERT [dbo].[animals_follows_care] ([id], [animals_id], [care_id], [employees_id], [stocks_id], [stockQuantity], [date]) VALUES (234, 209, 18, 94, 32, 9, CAST(N'2004-05-25' AS Date))
	INSERT [dbo].[animals_follows_care] ([id], [animals_id], [care_id], [employees_id], [stocks_id], [stockQuantity], [date]) VALUES (235, 209, 21, 66, NULL, NULL, CAST(N'2010-12-29' AS Date))
	INSERT [dbo].[animals_follows_care] ([id], [animals_id], [care_id], [employees_id], [stocks_id], [stockQuantity], [date]) VALUES (236, 207, 34, 49, NULL, NULL, CAST(N'2016-07-02' AS Date))
	INSERT [dbo].[animals_follows_care] ([id], [animals_id], [care_id], [employees_id], [stocks_id], [stockQuantity], [date]) VALUES (237, 207, 63, 30, NULL, NULL, CAST(N'2006-12-02' AS Date))
	INSERT [dbo].[animals_follows_care] ([id], [animals_id], [care_id], [employees_id], [stocks_id], [stockQuantity], [date]) VALUES (238, 207, 15, 21, 30, 11, CAST(N'2015-05-01' AS Date))
	INSERT [dbo].[animals_follows_care] ([id], [animals_id], [care_id], [employees_id], [stocks_id], [stockQuantity], [date]) VALUES (239, 206, 43, 4, 61, 8, CAST(N'2007-06-22' AS Date))
	INSERT [dbo].[animals_follows_care] ([id], [animals_id], [care_id], [employees_id], [stocks_id], [stockQuantity], [date]) VALUES (240, 205, 62, 17, 49, 7, CAST(N'2008-08-01' AS Date))
	INSERT [dbo].[animals_follows_care] ([id], [animals_id], [care_id], [employees_id], [stocks_id], [stockQuantity], [date]) VALUES (241, 204, 47, 43, NULL, NULL, CAST(N'2002-01-01' AS Date))
	INSERT [dbo].[animals_follows_care] ([id], [animals_id], [care_id], [employees_id], [stocks_id], [stockQuantity], [date]) VALUES (242, 204, 54, 41, 37, 3, CAST(N'2020-08-06' AS Date))
	INSERT [dbo].[animals_follows_care] ([id], [animals_id], [care_id], [employees_id], [stocks_id], [stockQuantity], [date]) VALUES (243, 202, 64, 27, 24, 18, CAST(N'2002-03-24' AS Date))
	INSERT [dbo].[animals_follows_care] ([id], [animals_id], [care_id], [employees_id], [stocks_id], [stockQuantity], [date]) VALUES (244, 198, 42, 85, NULL, NULL, CAST(N'2004-02-14' AS Date))
	INSERT [dbo].[animals_follows_care] ([id], [animals_id], [care_id], [employees_id], [stocks_id], [stockQuantity], [date]) VALUES (245, 198, 59, 18, NULL, NULL, CAST(N'2010-04-20' AS Date))
	INSERT [dbo].[animals_follows_care] ([id], [animals_id], [care_id], [employees_id], [stocks_id], [stockQuantity], [date]) VALUES (246, 195, 37, 98, NULL, NULL, CAST(N'2006-07-11' AS Date))
	INSERT [dbo].[animals_follows_care] ([id], [animals_id], [care_id], [employees_id], [stocks_id], [stockQuantity], [date]) VALUES (247, 195, 68, 54, 28, 3, CAST(N'2008-08-10' AS Date))
	INSERT [dbo].[animals_follows_care] ([id], [animals_id], [care_id], [employees_id], [stocks_id], [stockQuantity], [date]) VALUES (248, 195, 14, 52, NULL, NULL, CAST(N'2003-11-19' AS Date))
	INSERT [dbo].[animals_follows_care] ([id], [animals_id], [care_id], [employees_id], [stocks_id], [stockQuantity], [date]) VALUES (249, 195, 33, 23, NULL, NULL, CAST(N'2019-06-06' AS Date))
	INSERT [dbo].[animals_follows_care] ([id], [animals_id], [care_id], [employees_id], [stocks_id], [stockQuantity], [date]) VALUES (250, 191, 67, 28, NULL, NULL, CAST(N'2012-10-27' AS Date))
	INSERT [dbo].[animals_follows_care] ([id], [animals_id], [care_id], [employees_id], [stocks_id], [stockQuantity], [date]) VALUES (251, 191, 70, 13, NULL, NULL, CAST(N'2015-05-17' AS Date))
	INSERT [dbo].[animals_follows_care] ([id], [animals_id], [care_id], [employees_id], [stocks_id], [stockQuantity], [date]) VALUES (252, 188, 17, 8, NULL, NULL, CAST(N'2018-06-08' AS Date))
	INSERT [dbo].[animals_follows_care] ([id], [animals_id], [care_id], [employees_id], [stocks_id], [stockQuantity], [date]) VALUES (253, 187, 41, 61, NULL, NULL, CAST(N'2016-05-29' AS Date))
	INSERT [dbo].[animals_follows_care] ([id], [animals_id], [care_id], [employees_id], [stocks_id], [stockQuantity], [date]) VALUES (254, 187, 57, 29, NULL, NULL, CAST(N'2007-01-31' AS Date))
	INSERT [dbo].[animals_follows_care] ([id], [animals_id], [care_id], [employees_id], [stocks_id], [stockQuantity], [date]) VALUES (255, 186, 35, 40, NULL, NULL, CAST(N'2006-08-14' AS Date))
	INSERT [dbo].[animals_follows_care] ([id], [animals_id], [care_id], [employees_id], [stocks_id], [stockQuantity], [date]) VALUES (256, 184, 41, 65, 42, 5, CAST(N'2012-01-12' AS Date))
	INSERT [dbo].[animals_follows_care] ([id], [animals_id], [care_id], [employees_id], [stocks_id], [stockQuantity], [date]) VALUES (257, 184, 44, 35, NULL, NULL, CAST(N'2002-11-26' AS Date))
	INSERT [dbo].[animals_follows_care] ([id], [animals_id], [care_id], [employees_id], [stocks_id], [stockQuantity], [date]) VALUES (258, 182, 32, 93, NULL, NULL, CAST(N'2012-07-26' AS Date))
	INSERT [dbo].[animals_follows_care] ([id], [animals_id], [care_id], [employees_id], [stocks_id], [stockQuantity], [date]) VALUES (259, 182, 15, 88, 28, 14, CAST(N'2016-11-30' AS Date))
	INSERT [dbo].[animals_follows_care] ([id], [animals_id], [care_id], [employees_id], [stocks_id], [stockQuantity], [date]) VALUES (260, 182, 23, 1, NULL, NULL, CAST(N'2013-03-19' AS Date))
	INSERT [dbo].[animals_follows_care] ([id], [animals_id], [care_id], [employees_id], [stocks_id], [stockQuantity], [date]) VALUES (261, 180, 54, 24, NULL, NULL, CAST(N'2001-04-20' AS Date))
	INSERT [dbo].[animals_follows_care] ([id], [animals_id], [care_id], [employees_id], [stocks_id], [stockQuantity], [date]) VALUES (262, 179, 29, 64, 47, 13, CAST(N'2018-02-03' AS Date))
	INSERT [dbo].[animals_follows_care] ([id], [animals_id], [care_id], [employees_id], [stocks_id], [stockQuantity], [date]) VALUES (263, 178, 42, 85, NULL, NULL, CAST(N'2007-11-28' AS Date))
	INSERT [dbo].[animals_follows_care] ([id], [animals_id], [care_id], [employees_id], [stocks_id], [stockQuantity], [date]) VALUES (264, 176, 63, 6, 45, 9, CAST(N'2006-08-31' AS Date))
	INSERT [dbo].[animals_follows_care] ([id], [animals_id], [care_id], [employees_id], [stocks_id], [stockQuantity], [date]) VALUES (265, 175, 49, 6, NULL, NULL, CAST(N'2016-01-25' AS Date))
	INSERT [dbo].[animals_follows_care] ([id], [animals_id], [care_id], [employees_id], [stocks_id], [stockQuantity], [date]) VALUES (266, 172, 14, 99, NULL, NULL, CAST(N'2017-10-05' AS Date))
	INSERT [dbo].[animals_follows_care] ([id], [animals_id], [care_id], [employees_id], [stocks_id], [stockQuantity], [date]) VALUES (267, 167, 20, 85, NULL, NULL, CAST(N'2014-05-07' AS Date))
	INSERT [dbo].[animals_follows_care] ([id], [animals_id], [care_id], [employees_id], [stocks_id], [stockQuantity], [date]) VALUES (268, 165, 33, 91, 39, 15, CAST(N'2000-06-08' AS Date))
	INSERT [dbo].[animals_follows_care] ([id], [animals_id], [care_id], [employees_id], [stocks_id], [stockQuantity], [date]) VALUES (269, 165, 48, 39, 31, 10, CAST(N'2016-11-18' AS Date))
	INSERT [dbo].[animals_follows_care] ([id], [animals_id], [care_id], [employees_id], [stocks_id], [stockQuantity], [date]) VALUES (270, 165, 46, 5, NULL, NULL, CAST(N'2018-02-17' AS Date))
	INSERT [dbo].[animals_follows_care] ([id], [animals_id], [care_id], [employees_id], [stocks_id], [stockQuantity], [date]) VALUES (271, 165, 49, 72, NULL, NULL, CAST(N'2001-01-11' AS Date))
	INSERT [dbo].[animals_follows_care] ([id], [animals_id], [care_id], [employees_id], [stocks_id], [stockQuantity], [date]) VALUES (272, 163, 51, 96, 61, 15, CAST(N'2003-11-15' AS Date))
	INSERT [dbo].[animals_follows_care] ([id], [animals_id], [care_id], [employees_id], [stocks_id], [stockQuantity], [date]) VALUES (273, 162, 23, 53, 45, 9, CAST(N'2008-04-16' AS Date))
	INSERT [dbo].[animals_follows_care] ([id], [animals_id], [care_id], [employees_id], [stocks_id], [stockQuantity], [date]) VALUES (274, 161, 27, 74, NULL, NULL, CAST(N'2015-09-30' AS Date))
	INSERT [dbo].[animals_follows_care] ([id], [animals_id], [care_id], [employees_id], [stocks_id], [stockQuantity], [date]) VALUES (275, 160, 31, 80, 41, 14, CAST(N'2017-05-26' AS Date))
	INSERT [dbo].[animals_follows_care] ([id], [animals_id], [care_id], [employees_id], [stocks_id], [stockQuantity], [date]) VALUES (276, 159, 34, 25, 57, 4, CAST(N'2011-03-30' AS Date))
	INSERT [dbo].[animals_follows_care] ([id], [animals_id], [care_id], [employees_id], [stocks_id], [stockQuantity], [date]) VALUES (277, 154, 66, 98, NULL, NULL, CAST(N'2010-12-05' AS Date))
	INSERT [dbo].[animals_follows_care] ([id], [animals_id], [care_id], [employees_id], [stocks_id], [stockQuantity], [date]) VALUES (278, 154, 45, 13, 31, 14, CAST(N'2015-08-21' AS Date))
	INSERT [dbo].[animals_follows_care] ([id], [animals_id], [care_id], [employees_id], [stocks_id], [stockQuantity], [date]) VALUES (279, 153, 20, 25, 45, 4, CAST(N'2018-04-15' AS Date))
	INSERT [dbo].[animals_follows_care] ([id], [animals_id], [care_id], [employees_id], [stocks_id], [stockQuantity], [date]) VALUES (280, 151, 39, 83, 22, 19, CAST(N'2018-04-17' AS Date))
	INSERT [dbo].[animals_follows_care] ([id], [animals_id], [care_id], [employees_id], [stocks_id], [stockQuantity], [date]) VALUES (281, 150, 45, 24, NULL, NULL, CAST(N'2018-08-02' AS Date))
	INSERT [dbo].[animals_follows_care] ([id], [animals_id], [care_id], [employees_id], [stocks_id], [stockQuantity], [date]) VALUES (282, 149, 35, 27, NULL, NULL, CAST(N'2011-10-17' AS Date))
	INSERT [dbo].[animals_follows_care] ([id], [animals_id], [care_id], [employees_id], [stocks_id], [stockQuantity], [date]) VALUES (283, 146, 33, 53, NULL, NULL, CAST(N'2010-08-09' AS Date))
	INSERT [dbo].[animals_follows_care] ([id], [animals_id], [care_id], [employees_id], [stocks_id], [stockQuantity], [date]) VALUES (284, 146, 72, 46, 27, 11, CAST(N'2000-11-10' AS Date))
	INSERT [dbo].[animals_follows_care] ([id], [animals_id], [care_id], [employees_id], [stocks_id], [stockQuantity], [date]) VALUES (285, 145, 51, 26, 51, 7, CAST(N'2019-04-24' AS Date))
	INSERT [dbo].[animals_follows_care] ([id], [animals_id], [care_id], [employees_id], [stocks_id], [stockQuantity], [date]) VALUES (286, 144, 17, 82, 62, 4, CAST(N'2012-10-07' AS Date))
	INSERT [dbo].[animals_follows_care] ([id], [animals_id], [care_id], [employees_id], [stocks_id], [stockQuantity], [date]) VALUES (287, 142, 33, 30, 58, 8, CAST(N'2006-06-06' AS Date))
	INSERT [dbo].[animals_follows_care] ([id], [animals_id], [care_id], [employees_id], [stocks_id], [stockQuantity], [date]) VALUES (288, 141, 37, 22, NULL, NULL, CAST(N'2013-08-26' AS Date))
	INSERT [dbo].[animals_follows_care] ([id], [animals_id], [care_id], [employees_id], [stocks_id], [stockQuantity], [date]) VALUES (289, 137, 67, 74, 62, 8, CAST(N'2013-11-11' AS Date))
	INSERT [dbo].[animals_follows_care] ([id], [animals_id], [care_id], [employees_id], [stocks_id], [stockQuantity], [date]) VALUES (290, 135, 60, 3, NULL, NULL, CAST(N'2016-05-18' AS Date))
	INSERT [dbo].[animals_follows_care] ([id], [animals_id], [care_id], [employees_id], [stocks_id], [stockQuantity], [date]) VALUES (291, 134, 19, 36, NULL, NULL, CAST(N'2000-04-13' AS Date))
	INSERT [dbo].[animals_follows_care] ([id], [animals_id], [care_id], [employees_id], [stocks_id], [stockQuantity], [date]) VALUES (292, 133, 37, 94, NULL, NULL, CAST(N'2018-01-18' AS Date))
	INSERT [dbo].[animals_follows_care] ([id], [animals_id], [care_id], [employees_id], [stocks_id], [stockQuantity], [date]) VALUES (293, 132, 69, 59, 27, 17, CAST(N'2006-12-22' AS Date))
	INSERT [dbo].[animals_follows_care] ([id], [animals_id], [care_id], [employees_id], [stocks_id], [stockQuantity], [date]) VALUES (294, 131, 15, 95, 47, 11, CAST(N'2002-02-26' AS Date))
	INSERT [dbo].[animals_follows_care] ([id], [animals_id], [care_id], [employees_id], [stocks_id], [stockQuantity], [date]) VALUES (295, 131, 19, 12, 35, 11, CAST(N'2017-10-04' AS Date))
	INSERT [dbo].[animals_follows_care] ([id], [animals_id], [care_id], [employees_id], [stocks_id], [stockQuantity], [date]) VALUES (296, 130, 55, 18, NULL, NULL, CAST(N'2009-05-08' AS Date))
	INSERT [dbo].[animals_follows_care] ([id], [animals_id], [care_id], [employees_id], [stocks_id], [stockQuantity], [date]) VALUES (297, 128, 33, 24, NULL, NULL, CAST(N'2014-10-05' AS Date))
	INSERT [dbo].[animals_follows_care] ([id], [animals_id], [care_id], [employees_id], [stocks_id], [stockQuantity], [date]) VALUES (298, 127, 65, 83, NULL, NULL, CAST(N'2003-01-19' AS Date))
	INSERT [dbo].[animals_follows_care] ([id], [animals_id], [care_id], [employees_id], [stocks_id], [stockQuantity], [date]) VALUES (299, 127, 42, 59, 43, 8, CAST(N'2004-06-16' AS Date))
	INSERT [dbo].[animals_follows_care] ([id], [animals_id], [care_id], [employees_id], [stocks_id], [stockQuantity], [date]) VALUES (300, 127, 32, 6, NULL, NULL, CAST(N'2008-05-07' AS Date))
	INSERT [dbo].[animals_follows_care] ([id], [animals_id], [care_id], [employees_id], [stocks_id], [stockQuantity], [date]) VALUES (301, 125, 44, 8, NULL, NULL, CAST(N'2001-10-02' AS Date))
	INSERT [dbo].[animals_follows_care] ([id], [animals_id], [care_id], [employees_id], [stocks_id], [stockQuantity], [date]) VALUES (302, 124, 23, 86, NULL, NULL, CAST(N'2020-06-28' AS Date))
	INSERT [dbo].[animals_follows_care] ([id], [animals_id], [care_id], [employees_id], [stocks_id], [stockQuantity], [date]) VALUES (303, 123, 55, 58, 57, 2, CAST(N'2013-12-08' AS Date))
	INSERT [dbo].[animals_follows_care] ([id], [animals_id], [care_id], [employees_id], [stocks_id], [stockQuantity], [date]) VALUES (304, 123, 20, 39, 48, 10, CAST(N'2005-12-28' AS Date))
	INSERT [dbo].[animals_follows_care] ([id], [animals_id], [care_id], [employees_id], [stocks_id], [stockQuantity], [date]) VALUES (305, 119, 52, 30, 34, 4, CAST(N'2003-10-06' AS Date))
	INSERT [dbo].[animals_follows_care] ([id], [animals_id], [care_id], [employees_id], [stocks_id], [stockQuantity], [date]) VALUES (306, 118, 13, 99, NULL, NULL, CAST(N'2014-10-21' AS Date))
	INSERT [dbo].[animals_follows_care] ([id], [animals_id], [care_id], [employees_id], [stocks_id], [stockQuantity], [date]) VALUES (307, 118, 52, 11, 58, 6, CAST(N'2019-12-07' AS Date))
	INSERT [dbo].[animals_follows_care] ([id], [animals_id], [care_id], [employees_id], [stocks_id], [stockQuantity], [date]) VALUES (308, 116, 35, 23, NULL, NULL, CAST(N'2015-12-07' AS Date))
	INSERT [dbo].[animals_follows_care] ([id], [animals_id], [care_id], [employees_id], [stocks_id], [stockQuantity], [date]) VALUES (309, 116, 46, 8, 34, 8, CAST(N'2020-09-30' AS Date))
	INSERT [dbo].[animals_follows_care] ([id], [animals_id], [care_id], [employees_id], [stocks_id], [stockQuantity], [date]) VALUES (310, 115, 39, 79, 25, 6, CAST(N'2013-09-20' AS Date))
	INSERT [dbo].[animals_follows_care] ([id], [animals_id], [care_id], [employees_id], [stocks_id], [stockQuantity], [date]) VALUES (311, 114, 65, 98, 25, 3, CAST(N'2007-07-16' AS Date))
	INSERT [dbo].[animals_follows_care] ([id], [animals_id], [care_id], [employees_id], [stocks_id], [stockQuantity], [date]) VALUES (312, 114, 18, 89, 50, 16, CAST(N'2019-10-18' AS Date))
	INSERT [dbo].[animals_follows_care] ([id], [animals_id], [care_id], [employees_id], [stocks_id], [stockQuantity], [date]) VALUES (313, 114, 50, 41, NULL, NULL, CAST(N'2004-04-06' AS Date))
	INSERT [dbo].[animals_follows_care] ([id], [animals_id], [care_id], [employees_id], [stocks_id], [stockQuantity], [date]) VALUES (314, 113, 72, 62, 44, 20, CAST(N'2012-02-12' AS Date))
	INSERT [dbo].[animals_follows_care] ([id], [animals_id], [care_id], [employees_id], [stocks_id], [stockQuantity], [date]) VALUES (315, 112, 57, 77, 37, 9, CAST(N'2014-12-06' AS Date))
	INSERT [dbo].[animals_follows_care] ([id], [animals_id], [care_id], [employees_id], [stocks_id], [stockQuantity], [date]) VALUES (316, 108, 72, 26, 30, 4, CAST(N'2002-08-14' AS Date))
	INSERT [dbo].[animals_follows_care] ([id], [animals_id], [care_id], [employees_id], [stocks_id], [stockQuantity], [date]) VALUES (317, 107, 18, 60, 46, 13, CAST(N'2000-08-29' AS Date))
	INSERT [dbo].[animals_follows_care] ([id], [animals_id], [care_id], [employees_id], [stocks_id], [stockQuantity], [date]) VALUES (318, 104, 17, 13, NULL, NULL, CAST(N'2009-09-18' AS Date))
	INSERT [dbo].[animals_follows_care] ([id], [animals_id], [care_id], [employees_id], [stocks_id], [stockQuantity], [date]) VALUES (319, 103, 22, 35, 22, 5, CAST(N'2005-01-15' AS Date))
	INSERT [dbo].[animals_follows_care] ([id], [animals_id], [care_id], [employees_id], [stocks_id], [stockQuantity], [date]) VALUES (320, 99, 34, 32, NULL, NULL, CAST(N'2009-08-15' AS Date))
	INSERT [dbo].[animals_follows_care] ([id], [animals_id], [care_id], [employees_id], [stocks_id], [stockQuantity], [date]) VALUES (321, 99, 16, 20, NULL, NULL, CAST(N'2010-06-01' AS Date))
	INSERT [dbo].[animals_follows_care] ([id], [animals_id], [care_id], [employees_id], [stocks_id], [stockQuantity], [date]) VALUES (322, 98, 39, 53, NULL, NULL, CAST(N'2017-04-12' AS Date))
	INSERT [dbo].[animals_follows_care] ([id], [animals_id], [care_id], [employees_id], [stocks_id], [stockQuantity], [date]) VALUES (323, 97, 26, 74, NULL, NULL, CAST(N'2018-11-17' AS Date))
	INSERT [dbo].[animals_follows_care] ([id], [animals_id], [care_id], [employees_id], [stocks_id], [stockQuantity], [date]) VALUES (324, 94, 14, 58, NULL, NULL, CAST(N'2012-08-13' AS Date))
	INSERT [dbo].[animals_follows_care] ([id], [animals_id], [care_id], [employees_id], [stocks_id], [stockQuantity], [date]) VALUES (325, 94, 59, 53, 39, 17, CAST(N'2001-02-03' AS Date))
	INSERT [dbo].[animals_follows_care] ([id], [animals_id], [care_id], [employees_id], [stocks_id], [stockQuantity], [date]) VALUES (326, 94, 21, 47, 48, 6, CAST(N'2012-10-14' AS Date))
	INSERT [dbo].[animals_follows_care] ([id], [animals_id], [care_id], [employees_id], [stocks_id], [stockQuantity], [date]) VALUES (327, 94, 43, 9, 58, 14, CAST(N'2020-10-05' AS Date))
	INSERT [dbo].[animals_follows_care] ([id], [animals_id], [care_id], [employees_id], [stocks_id], [stockQuantity], [date]) VALUES (328, 92, 35, 33, NULL, NULL, CAST(N'2009-05-16' AS Date))
	INSERT [dbo].[animals_follows_care] ([id], [animals_id], [care_id], [employees_id], [stocks_id], [stockQuantity], [date]) VALUES (329, 91, 45, 26, NULL, NULL, CAST(N'2020-07-30' AS Date))
	INSERT [dbo].[animals_follows_care] ([id], [animals_id], [care_id], [employees_id], [stocks_id], [stockQuantity], [date]) VALUES (330, 89, 58, 92, 42, 12, CAST(N'2006-03-26' AS Date))
	INSERT [dbo].[animals_follows_care] ([id], [animals_id], [care_id], [employees_id], [stocks_id], [stockQuantity], [date]) VALUES (331, 88, 28, 97, 49, 7, CAST(N'2010-07-14' AS Date))
	INSERT [dbo].[animals_follows_care] ([id], [animals_id], [care_id], [employees_id], [stocks_id], [stockQuantity], [date]) VALUES (332, 85, 31, 32, NULL, NULL, CAST(N'2019-03-04' AS Date))
	INSERT [dbo].[animals_follows_care] ([id], [animals_id], [care_id], [employees_id], [stocks_id], [stockQuantity], [date]) VALUES (333, 84, 40, 44, 50, 9, CAST(N'2010-08-28' AS Date))
	INSERT [dbo].[animals_follows_care] ([id], [animals_id], [care_id], [employees_id], [stocks_id], [stockQuantity], [date]) VALUES (334, 83, 25, 58, NULL, NULL, CAST(N'2016-11-10' AS Date))
	INSERT [dbo].[animals_follows_care] ([id], [animals_id], [care_id], [employees_id], [stocks_id], [stockQuantity], [date]) VALUES (335, 81, 34, 54, 28, 3, CAST(N'2011-01-31' AS Date))
	INSERT [dbo].[animals_follows_care] ([id], [animals_id], [care_id], [employees_id], [stocks_id], [stockQuantity], [date]) VALUES (336, 78, 39, 23, 39, 5, CAST(N'2005-11-09' AS Date))
	INSERT [dbo].[animals_follows_care] ([id], [animals_id], [care_id], [employees_id], [stocks_id], [stockQuantity], [date]) VALUES (337, 77, 15, 69, 59, 16, CAST(N'2007-10-15' AS Date))
	INSERT [dbo].[animals_follows_care] ([id], [animals_id], [care_id], [employees_id], [stocks_id], [stockQuantity], [date]) VALUES (338, 77, 71, 67, 29, 5, CAST(N'2008-02-04' AS Date))
	INSERT [dbo].[animals_follows_care] ([id], [animals_id], [care_id], [employees_id], [stocks_id], [stockQuantity], [date]) VALUES (339, 77, 18, 49, NULL, NULL, CAST(N'2015-07-26' AS Date))
	INSERT [dbo].[animals_follows_care] ([id], [animals_id], [care_id], [employees_id], [stocks_id], [stockQuantity], [date]) VALUES (340, 76, 21, 64, NULL, NULL, CAST(N'2007-02-09' AS Date))
	INSERT [dbo].[animals_follows_care] ([id], [animals_id], [care_id], [employees_id], [stocks_id], [stockQuantity], [date]) VALUES (341, 76, 17, 8, NULL, NULL, CAST(N'2012-11-28' AS Date))
	INSERT [dbo].[animals_follows_care] ([id], [animals_id], [care_id], [employees_id], [stocks_id], [stockQuantity], [date]) VALUES (342, 75, 68, 40, NULL, NULL, CAST(N'2020-02-08' AS Date))
	INSERT [dbo].[animals_follows_care] ([id], [animals_id], [care_id], [employees_id], [stocks_id], [stockQuantity], [date]) VALUES (343, 74, 39, 21, 52, 15, CAST(N'2008-10-16' AS Date))
	INSERT [dbo].[animals_follows_care] ([id], [animals_id], [care_id], [employees_id], [stocks_id], [stockQuantity], [date]) VALUES (344, 73, 38, 15, 50, 19, CAST(N'2005-03-20' AS Date))
	INSERT [dbo].[animals_follows_care] ([id], [animals_id], [care_id], [employees_id], [stocks_id], [stockQuantity], [date]) VALUES (345, 71, 70, 80, NULL, NULL, CAST(N'2012-03-01' AS Date))
	INSERT [dbo].[animals_follows_care] ([id], [animals_id], [care_id], [employees_id], [stocks_id], [stockQuantity], [date]) VALUES (346, 71, 17, 31, NULL, NULL, CAST(N'2012-08-27' AS Date))
	INSERT [dbo].[animals_follows_care] ([id], [animals_id], [care_id], [employees_id], [stocks_id], [stockQuantity], [date]) VALUES (347, 69, 41, 63, NULL, NULL, CAST(N'2001-08-02' AS Date))
	INSERT [dbo].[animals_follows_care] ([id], [animals_id], [care_id], [employees_id], [stocks_id], [stockQuantity], [date]) VALUES (348, 69, 60, 16, 53, 5, CAST(N'2013-05-14' AS Date))
	INSERT [dbo].[animals_follows_care] ([id], [animals_id], [care_id], [employees_id], [stocks_id], [stockQuantity], [date]) VALUES (349, 68, 15, 99, 36, 1, CAST(N'2018-07-04' AS Date))
	INSERT [dbo].[animals_follows_care] ([id], [animals_id], [care_id], [employees_id], [stocks_id], [stockQuantity], [date]) VALUES (350, 68, 18, 58, 52, 13, CAST(N'2016-11-01' AS Date))
	INSERT [dbo].[animals_follows_care] ([id], [animals_id], [care_id], [employees_id], [stocks_id], [stockQuantity], [date]) VALUES (351, 68, 39, 35, 35, 5, CAST(N'2007-02-07' AS Date))
	INSERT [dbo].[animals_follows_care] ([id], [animals_id], [care_id], [employees_id], [stocks_id], [stockQuantity], [date]) VALUES (352, 64, 42, 41, 23, 1, CAST(N'2010-01-20' AS Date))
	INSERT [dbo].[animals_follows_care] ([id], [animals_id], [care_id], [employees_id], [stocks_id], [stockQuantity], [date]) VALUES (353, 63, 49, 53, NULL, NULL, CAST(N'2001-04-20' AS Date))
	INSERT [dbo].[animals_follows_care] ([id], [animals_id], [care_id], [employees_id], [stocks_id], [stockQuantity], [date]) VALUES (354, 62, 69, 81, 48, 5, CAST(N'2012-02-25' AS Date))
	INSERT [dbo].[animals_follows_care] ([id], [animals_id], [care_id], [employees_id], [stocks_id], [stockQuantity], [date]) VALUES (355, 60, 63, 2, 25, 16, CAST(N'2013-07-06' AS Date))
	INSERT [dbo].[animals_follows_care] ([id], [animals_id], [care_id], [employees_id], [stocks_id], [stockQuantity], [date]) VALUES (356, 59, 48, 71, 55, 19, CAST(N'2019-12-19' AS Date))
	INSERT [dbo].[animals_follows_care] ([id], [animals_id], [care_id], [employees_id], [stocks_id], [stockQuantity], [date]) VALUES (357, 56, 62, 89, 35, 13, CAST(N'2015-03-11' AS Date))
	INSERT [dbo].[animals_follows_care] ([id], [animals_id], [care_id], [employees_id], [stocks_id], [stockQuantity], [date]) VALUES (358, 55, 49, 58, NULL, NULL, CAST(N'2009-03-08' AS Date))
	INSERT [dbo].[animals_follows_care] ([id], [animals_id], [care_id], [employees_id], [stocks_id], [stockQuantity], [date]) VALUES (359, 53, 26, 92, 48, 2, CAST(N'2000-05-26' AS Date))
	INSERT [dbo].[animals_follows_care] ([id], [animals_id], [care_id], [employees_id], [stocks_id], [stockQuantity], [date]) VALUES (360, 53, 49, 51, NULL, NULL, CAST(N'2005-12-30' AS Date))
	INSERT [dbo].[animals_follows_care] ([id], [animals_id], [care_id], [employees_id], [stocks_id], [stockQuantity], [date]) VALUES (361, 51, 13, 52, NULL, NULL, CAST(N'2020-05-22' AS Date))
	INSERT [dbo].[animals_follows_care] ([id], [animals_id], [care_id], [employees_id], [stocks_id], [stockQuantity], [date]) VALUES (362, 49, 72, 95, NULL, NULL, CAST(N'2003-09-25' AS Date))
	INSERT [dbo].[animals_follows_care] ([id], [animals_id], [care_id], [employees_id], [stocks_id], [stockQuantity], [date]) VALUES (363, 48, 71, 49, 51, 13, CAST(N'2010-06-12' AS Date))
	INSERT [dbo].[animals_follows_care] ([id], [animals_id], [care_id], [employees_id], [stocks_id], [stockQuantity], [date]) VALUES (364, 47, 63, 2, NULL, NULL, CAST(N'2008-02-19' AS Date))
	INSERT [dbo].[animals_follows_care] ([id], [animals_id], [care_id], [employees_id], [stocks_id], [stockQuantity], [date]) VALUES (365, 46, 41, 80, NULL, NULL, CAST(N'2020-12-14' AS Date))
	INSERT [dbo].[animals_follows_care] ([id], [animals_id], [care_id], [employees_id], [stocks_id], [stockQuantity], [date]) VALUES (366, 45, 17, 75, NULL, NULL, CAST(N'2001-07-03' AS Date))
	INSERT [dbo].[animals_follows_care] ([id], [animals_id], [care_id], [employees_id], [stocks_id], [stockQuantity], [date]) VALUES (367, 45, 65, 44, NULL, NULL, CAST(N'2018-11-13' AS Date))
	INSERT [dbo].[animals_follows_care] ([id], [animals_id], [care_id], [employees_id], [stocks_id], [stockQuantity], [date]) VALUES (368, 44, 16, 94, NULL, NULL, CAST(N'2014-11-11' AS Date))
	INSERT [dbo].[animals_follows_care] ([id], [animals_id], [care_id], [employees_id], [stocks_id], [stockQuantity], [date]) VALUES (369, 44, 72, 46, 34, 17, CAST(N'2013-06-15' AS Date))
	INSERT [dbo].[animals_follows_care] ([id], [animals_id], [care_id], [employees_id], [stocks_id], [stockQuantity], [date]) VALUES (370, 42, 48, 76, NULL, NULL, CAST(N'2007-07-08' AS Date))
	INSERT [dbo].[animals_follows_care] ([id], [animals_id], [care_id], [employees_id], [stocks_id], [stockQuantity], [date]) VALUES (371, 42, 28, 1, 22, 19, CAST(N'2009-08-22' AS Date))
	INSERT [dbo].[animals_follows_care] ([id], [animals_id], [care_id], [employees_id], [stocks_id], [stockQuantity], [date]) VALUES (372, 38, 12, 68, 59, 7, CAST(N'2014-03-12' AS Date))
	INSERT [dbo].[animals_follows_care] ([id], [animals_id], [care_id], [employees_id], [stocks_id], [stockQuantity], [date]) VALUES (373, 37, 69, 65, NULL, NULL, CAST(N'2011-07-25' AS Date))
	INSERT [dbo].[animals_follows_care] ([id], [animals_id], [care_id], [employees_id], [stocks_id], [stockQuantity], [date]) VALUES (374, 37, 42, 10, NULL, NULL, CAST(N'2008-08-11' AS Date))
	INSERT [dbo].[animals_follows_care] ([id], [animals_id], [care_id], [employees_id], [stocks_id], [stockQuantity], [date]) VALUES (375, 36, 32, 18, NULL, NULL, CAST(N'2008-05-03' AS Date))
	INSERT [dbo].[animals_follows_care] ([id], [animals_id], [care_id], [employees_id], [stocks_id], [stockQuantity], [date]) VALUES (376, 33, 16, 70, NULL, NULL, CAST(N'2000-12-08' AS Date))
	INSERT [dbo].[animals_follows_care] ([id], [animals_id], [care_id], [employees_id], [stocks_id], [stockQuantity], [date]) VALUES (377, 32, 27, 1, NULL, NULL, CAST(N'2007-01-15' AS Date))
	INSERT [dbo].[animals_follows_care] ([id], [animals_id], [care_id], [employees_id], [stocks_id], [stockQuantity], [date]) VALUES (378, 31, 19, 32, 49, 13, CAST(N'2015-11-19' AS Date))
	INSERT [dbo].[animals_follows_care] ([id], [animals_id], [care_id], [employees_id], [stocks_id], [stockQuantity], [date]) VALUES (379, 30, 44, 49, NULL, NULL, CAST(N'2014-07-21' AS Date))
	INSERT [dbo].[animals_follows_care] ([id], [animals_id], [care_id], [employees_id], [stocks_id], [stockQuantity], [date]) VALUES (380, 30, 56, 22, 31, 16, CAST(N'2004-01-27' AS Date))
	INSERT [dbo].[animals_follows_care] ([id], [animals_id], [care_id], [employees_id], [stocks_id], [stockQuantity], [date]) VALUES (381, 27, 45, 3, NULL, NULL, CAST(N'2018-05-24' AS Date))
	INSERT [dbo].[animals_follows_care] ([id], [animals_id], [care_id], [employees_id], [stocks_id], [stockQuantity], [date]) VALUES (382, 26, 51, 46, NULL, NULL, CAST(N'2013-08-08' AS Date))
	INSERT [dbo].[animals_follows_care] ([id], [animals_id], [care_id], [employees_id], [stocks_id], [stockQuantity], [date]) VALUES (383, 25, 15, 6, 46, 10, CAST(N'2020-03-02' AS Date))
	INSERT [dbo].[animals_follows_care] ([id], [animals_id], [care_id], [employees_id], [stocks_id], [stockQuantity], [date]) VALUES (384, 23, 63, 2, NULL, NULL, CAST(N'2012-03-07' AS Date))
	INSERT [dbo].[animals_follows_care] ([id], [animals_id], [care_id], [employees_id], [stocks_id], [stockQuantity], [date]) VALUES (385, 22, 22, 82, NULL, NULL, CAST(N'2014-10-25' AS Date))
	INSERT [dbo].[animals_follows_care] ([id], [animals_id], [care_id], [employees_id], [stocks_id], [stockQuantity], [date]) VALUES (386, 21, 19, 78, NULL, NULL, CAST(N'2009-05-01' AS Date))
	INSERT [dbo].[animals_follows_care] ([id], [animals_id], [care_id], [employees_id], [stocks_id], [stockQuantity], [date]) VALUES (387, 20, 33, 10, NULL, NULL, CAST(N'2004-12-26' AS Date))
	INSERT [dbo].[animals_follows_care] ([id], [animals_id], [care_id], [employees_id], [stocks_id], [stockQuantity], [date]) VALUES (388, 18, 66, 32, 55, 6, CAST(N'2003-03-31' AS Date))
	INSERT [dbo].[animals_follows_care] ([id], [animals_id], [care_id], [employees_id], [stocks_id], [stockQuantity], [date]) VALUES (389, 14, 47, 18, 35, 9, CAST(N'2005-01-28' AS Date))
	INSERT [dbo].[animals_follows_care] ([id], [animals_id], [care_id], [employees_id], [stocks_id], [stockQuantity], [date]) VALUES (390, 11, 22, 62, NULL, NULL, CAST(N'2013-05-03' AS Date))
	INSERT [dbo].[animals_follows_care] ([id], [animals_id], [care_id], [employees_id], [stocks_id], [stockQuantity], [date]) VALUES (391, 8, 68, 56, 49, 15, CAST(N'2017-06-07' AS Date))
	INSERT [dbo].[animals_follows_care] ([id], [animals_id], [care_id], [employees_id], [stocks_id], [stockQuantity], [date]) VALUES (392, 8, 21, 48, NULL, NULL, CAST(N'2008-10-28' AS Date))
	INSERT [dbo].[animals_follows_care] ([id], [animals_id], [care_id], [employees_id], [stocks_id], [stockQuantity], [date]) VALUES (393, 8, 64, 20, NULL, NULL, CAST(N'2006-05-12' AS Date))
	INSERT [dbo].[animals_follows_care] ([id], [animals_id], [care_id], [employees_id], [stocks_id], [stockQuantity], [date]) VALUES (394, 7, 55, 78, NULL, NULL, CAST(N'2003-02-16' AS Date))
	INSERT [dbo].[animals_follows_care] ([id], [animals_id], [care_id], [employees_id], [stocks_id], [stockQuantity], [date]) VALUES (395, 6, 13, 22, NULL, NULL, CAST(N'2004-02-16' AS Date))
	INSERT [dbo].[animals_follows_care] ([id], [animals_id], [care_id], [employees_id], [stocks_id], [stockQuantity], [date]) VALUES (396, 6, 15, 17, 53, 7, CAST(N'2015-06-24' AS Date))
	INSERT [dbo].[animals_follows_care] ([id], [animals_id], [care_id], [employees_id], [stocks_id], [stockQuantity], [date]) VALUES (397, 3, 24, 81, NULL, NULL, CAST(N'2003-08-07' AS Date))
	INSERT [dbo].[animals_follows_care] ([id], [animals_id], [care_id], [employees_id], [stocks_id], [stockQuantity], [date]) VALUES (398, 3, 49, 23, NULL, NULL, CAST(N'2002-02-06' AS Date))
	INSERT [dbo].[animals_follows_care] ([id], [animals_id], [care_id], [employees_id], [stocks_id], [stockQuantity], [date]) VALUES (399, 2, 31, 48, 57, 20, CAST(N'2019-11-03' AS Date))
	INSERT [dbo].[animals_follows_care] ([id], [animals_id], [care_id], [employees_id], [stocks_id], [stockQuantity], [date]) VALUES (400, 1, 43, 44, 36, 9, CAST(N'2016-01-28' AS Date))

      COMMIT TRANSACTION
  END TRY
  BEGIN CATCH
      ROLLBACK TRANSACTION
  END CATCH

  SET IDENTITY_INSERT [dbo].[animals_follows_care] OFF
GO


BEGIN TRANSACTION 
  BEGIN TRY

	Update animals SET mother_id = 3 WHERE id = 20;
	Update animals SET mother_id = 8, father_id = 1 Where id=41;
	Update animals SET mother_id = 28 Where id=57;
	Update animals SET mother_id = 14, father_id = 12 Where id=61;
	Update animals SET mother_id = 42 Where id=62;
	Update animals SET mother_id = 32, father_id = 14 Where id=64;
	Update animals SET mother_id = 48 Where id=66;
	Update animals SET mother_id = 3, father_id = 20 Where id=68;
	Update animals SET mother_id = 3, father_id = 20 Where id=70;
	Update animals SET mother_id = 57 Where id=73;
	Update animals SET father_id = 45 Where id=74;
	Update animals SET mother_id = 13, father_id = 24 Where id=77;
	Update animals SET mother_id = 13, father_id = 24 Where id=78;
	Update animals SET mother_id = 29, father_id = 25 Where id=81;
	Update animals SET father_id = 33 Where id=86;
	Update animals SET mother_id = 10 Where id=89;
	Update animals SET mother_id = 53, father_id = 79 Where id=90;
	Update animals SET mother_id = 11, father_id = 21 Where id=91;
	Update animals SET mother_id = 10 Where id=94;
	Update animals SET mother_id = 48 Where id=99;
	Update animals SET mother_id = 43 Where id=100;
	Update animals SET mother_id = 40, father_id = 44 Where id=103;
	Update animals SET mother_id = 89 Where id=104;
	Update animals SET mother_id = 75, father_id = 19 Where id=105;
	Update animals SET mother_id = 71, father_id = 80 Where id=106;
	Update animals SET mother_id = 51 Where id=108;
	Update animals SET mother_id = 32, father_id = 14 Where id=110;
	Update animals SET father_id = 77 Where id=119;
	Update animals SET mother_id = 28, father_id = 73 Where id=120;
	Update animals SET mother_id = 38 Where id=121;
	Update animals SET mother_id = 34, father_id = 25 Where id=122;
	Update animals SET mother_id = 75, father_id = 19 Where id=124;
	Update animals SET mother_id = 32, father_id = 14 Where id=125;
	Update animals SET mother_id = 38 Where id=129;
	Update animals SET mother_id = 36, father_id = 5 Where id=130;
	Update animals SET father_id = 46 Where id=135;
	Update animals SET mother_id = 14, father_id = 12 Where id=136;
	Update animals SET mother_id = 115, father_id = 98 Where id=138;
	Update animals SET father_id = 97 Where id=144;
	Update animals SET mother_id = 11, father_id = 21 Where id=145;
	Update animals SET mother_id = 84 Where id=146;
	Update animals SET father_id = 27 Where id=147;
	Update animals SET mother_id = 40, father_id = 44 Where id=148;
	Update animals SET mother_id = 75, father_id = 19 Where id=149;
	Update animals SET father_id = 27 Where id=151;
	Update animals SET mother_id = 131, father_id = 101 Where id=152;
	Update animals SET mother_id = 75 Where id=155;
	Update animals SET mother_id = 115, father_id = 98 Where id=156;
	Update animals SET mother_id = 122, father_id = 81 Where id=157;
	Update animals SET mother_id = 122, father_id = 81 Where id=158;
	Update animals SET mother_id = 31, father_id = 37 Where id=160;
	Update animals SET father_id = 27 Where id=161;
	Update animals SET mother_id = 59, father_id = 16 Where id=162;
	Update animals SET mother_id = 95, father_id = 155 Where id=165;
	Update animals SET mother_id = 62, father_id = 66 Where id=168;
	Update animals SET mother_id = 71, father_id = 80 Where id=169;
	Update animals SET mother_id = 85, father_id = 18 Where id=170;
	Update animals SET mother_id = 95, father_id = 155 Where id=172;
	Update animals SET mother_id = 59, father_id = 16 Where id=174;
	Update animals SET mother_id = 32, father_id = 5 Where id=175;
	Update animals SET mother_id = 172 Where id=176;
	Update animals SET mother_id = 53, father_id = 79 Where id=177;
	Update animals SET  father_id = 27 Where id=179;
	Update animals SET mother_id = 172 Where id=180;
	Update animals SET mother_id = 8, father_id = 1 Where id=181;
	Update animals SET mother_id = 115, father_id = 98 Where id=184;
	Update animals SET mother_id = 135, father_id = 67 Where id=188;
	Update animals SET mother_id = 62, father_id = 66 Where id=189;
	Update animals SET mother_id = 132, father_id = 114 Where id=190;
	Update animals SET mother_id = 131, father_id = 101 Where id=191;
	Update animals SET mother_id = 53, father_id = 79 Where id=193;
	Update animals SET mother_id = 83, father_id = 129 Where id=194;
	Update animals SET mother_id = 70 Where id=195;
	Update animals SET mother_id = 158, father_id = 140 Where id=196;
	Update animals SET mother_id = 179, father_id = 27 Where id=198;
	Update animals SET mother_id = 145 Where id=200;
	Update animals SET mother_id = 141, father_id = 150 Where id=203;

    COMMIT TRANSACTION
  END TRY
  BEGIN CATCH
      ROLLBACK TRANSACTION
  END CATCH
GO

